{"type":"FeatureCollection","features":[{"type":"Feature","properties":{"radio_id":"460140101","population":843,"population_density":1.107811740874662,"households":298,"dwellings":502,"area_km2":760.9596187655653,"demographic_residential_component":0.743979721166033,"density_component":0.026615969581749048,"territorial_context_score":0.385297845373891,"percentile":28.517110266159694,"relative_level":"low"},"geometry":{"type":"Polygon","coordinates":[[[-66.80985153999995,-29.098925149999957],[-66.69703373999994,-29.154434159999937],[-66.67359096999996,-29.190767569999934],[-66.62111976999995,-29.287039859999936],[-66.57111666999998,-29.39626271999998],[-66.56317007999996,-29.41186326999997],[-66.59883691999994,-29.392636179999954],[-66.70587223999996,-29.389054089999945],[-66.73573675999995,-29.395383539999955],[-66.77387086999994,-29.39019228999996],[-66.77621831999994,-29.38894270999998],[-66.78614523999994,-29.385555649999958],[-66.78749464999999,-29.38515524999997],[-66.78913744999994,-29.38486587999995],[-66.79095418999998,-29.384692719999975],[-66.79250310999998,-29.384521139999947],[-66.79271920999997,-29.384492789999967],[-66.79349129999997,-29.38443406999994],[-66.79417900999994,-29.384384869999963],[-66.79507977999998,-29.38431634999995],[-66.79549867999998,-29.38427325999993],[-66.79646409999998,-29.384172769999964],[-66.79650526999995,-29.38416800999994],[-66.79673683999994,-29.384144069999934],[-66.79781246999994,-29.384042919999956],[-66.80644567999997,-29.383553439999957],[-66.80960913999996,-29.384093589999964],[-66.81080037999993,-29.384284819999948],[-66.81193279999997,-29.384462869999936],[-66.81318030999995,-29.38460411999995],[-66.81336259999995,-29.383953469999938],[-66.81349413999993,-29.383267039999964],[-66.81362989999997,-29.382594119999965],[-66.81377408999998,-29.381943699999965],[-66.81392315999994,-29.381261679999966],[-66.81408083999997,-29.38062470999995],[-66.81433119999997,-29.379468449999933],[-66.81942935999996,-29.380316789999938],[-66.82000794999993,-29.38053876999993],[-66.82026462999994,-29.38082136999998],[-66.82050332999995,-29.381045429999972],[-66.82079414999998,-29.381345859999954],[-66.82096003999999,-29.381480159999967],[-66.82117233999998,-29.38162318999997],[-66.82138953999998,-29.381734619999975],[-66.82165323999993,-29.381863799999962],[-66.82193511999998,-29.381947769999954],[-66.82224718999998,-29.382072139999934],[-66.82249474999998,-29.382115719999945],[-66.82277081999996,-29.382118529999957],[-66.82295323999995,-29.382130939999968],[-66.82311568999995,-29.382093849999933],[-66.82338260999995,-29.38198393999994],[-66.82362566999996,-29.38185162999997],[-66.82386676999994,-29.38173286999995],[-66.82444243999998,-29.381846589999952],[-66.82714188999995,-29.38295753999995],[-66.82801248999994,-29.382983709999962],[-66.82986368999997,-29.381993379999983],[-66.82912089999996,-29.380834249999964],[-66.82739189999995,-29.378210749999937],[-66.82683192999997,-29.377361709999946],[-66.82557208999998,-29.37606592999998],[-66.82392591999997,-29.37437106999994],[-66.82318854999994,-29.373613319999947],[-66.82317089999998,-29.373595379999983],[-66.82223099999999,-29.372626869999976],[-66.82135552999995,-29.37172561999995],[-66.82127759999997,-29.371640399999933],[-66.82125681999997,-29.37161796999993],[-66.82020733999997,-29.370465189999948],[-66.82023823999998,-29.370464999999967],[-66.82020712999997,-29.37043811999996],[-66.82061980999998,-29.370142389999955],[-66.82063720999997,-29.370128749999935],[-66.82230632999995,-29.368927649999932],[-66.82296141999996,-29.36932054999994],[-66.82361598999995,-29.369776599999966],[-66.82417107999999,-29.370282869999983],[-66.82498674999994,-29.37053493999997],[-66.82648336999995,-29.370552739999937],[-66.82736037999996,-29.370493169999975],[-66.82830462999993,-29.370342969999967],[-66.83096626999998,-29.373172649999958],[-66.83214028999998,-29.37442380999994],[-66.83359469999994,-29.375952859999984],[-66.83458676999999,-29.37698862999997],[-66.83548399999995,-29.377758839999956],[-66.83590929999997,-29.378126049999935],[-66.83679879999994,-29.379207549999933],[-66.83781469999997,-29.380252149999933],[-66.83897210999999,-29.38134096999994],[-66.83927474999996,-29.38156910999993],[-66.84091548999999,-29.38130616999996],[-66.84231831999995,-29.38092292999994],[-66.84344579999998,-29.380875209999942],[-66.84283172999994,-29.380103249999934],[-66.84254348999997,-29.37974872999996],[-66.84171616999998,-29.378721019999944],[-66.84087871999998,-29.377711399999953],[-66.83998859999997,-29.376557769999977],[-66.83930932999994,-29.37574109999997],[-66.83819860999995,-29.374309179999955],[-66.83992844999995,-29.374248679999937],[-66.84081608999998,-29.37385065999996],[-66.84178085999997,-29.373438609999937],[-66.84308653999994,-29.372902609999983],[-66.84327938999996,-29.37343364999998],[-66.84353684999996,-29.374054499999943],[-66.84390692999995,-29.374967819999938],[-66.84407636999998,-29.375530579999975],[-66.84412835999996,-29.376463959999967],[-66.84428281999993,-29.37770792999993],[-66.84465872999994,-29.378950489999966],[-66.84537228999994,-29.38054274999996],[-66.85070742999994,-29.38111774999993],[-66.85680747999999,-29.379301489999932],[-66.85896492999996,-29.382318769999983],[-66.85949624999995,-29.38303253999993],[-66.86025438999997,-29.384015489999967],[-66.86860681999997,-29.380587369999944],[-66.86826077999996,-29.378893609999977],[-66.88367058999995,-29.38616276999994],[-66.88372175999996,-29.38767348999994],[-66.88326902999995,-29.397270609999964],[-66.88324697999997,-29.397699269999976],[-66.88335826999997,-29.397703039999953],[-66.88520020999994,-29.397817119999957],[-66.88796084999996,-29.39802427999996],[-66.88828759999996,-29.398044659999982],[-66.89041147999995,-29.398237979999976],[-66.89117218999996,-29.39828701999994],[-66.89196811999994,-29.398358379999934],[-66.89183460999993,-29.399586159999956],[-66.89171054999997,-29.400953709999953],[-66.89158135999998,-29.40208673999996],[-66.89149501999998,-29.402818039999943],[-66.89141859999995,-29.40386049999995],[-66.89138336999997,-29.403955459999963],[-66.89126517999995,-29.40398782999995],[-66.89112395999996,-29.403979749999962],[-66.88980615999998,-29.403848729999936],[-66.88947372999996,-29.403769759999932],[-66.88927442999994,-29.40371695999994],[-66.88912303999996,-29.403722479999942],[-66.88906402999999,-29.403808569999967],[-66.88912039999997,-29.40401117999994],[-66.88917470999996,-29.40409651999994],[-66.88939469999997,-29.40451453999998],[-66.88945194999997,-29.404581809999968],[-66.88989766999998,-29.404538239999965],[-66.89063608999999,-29.404506239999932],[-66.89103120999994,-29.404566749999958],[-66.89132531999996,-29.40462341999995],[-66.89161040999994,-29.404589939999937],[-66.89180000999994,-29.404475909999974],[-66.89208024999994,-29.40412219999996],[-66.89232095999995,-29.40396271999998],[-66.89243508999994,-29.403700339999943],[-66.89264628999996,-29.403464369999938],[-66.89274519999998,-29.403229159999967],[-66.89293107999998,-29.403042979999952],[-66.89301012999994,-29.40289359999997],[-66.89319025999998,-29.402639799999974],[-66.89347566999999,-29.40252511999995],[-66.89386645999997,-29.40244581999997],[-66.89416909999994,-29.40229944999993],[-66.89447347999999,-29.402351529999976],[-66.89494762999993,-29.40237991999993],[-66.89565178999999,-29.40255561999993],[-66.89633273999993,-29.402668309999967],[-66.89706990999997,-29.402731009999968],[-66.89768166999994,-29.402826129999937],[-66.89777212999996,-29.402333859999942],[-66.89778218999999,-29.401954899999964],[-66.89859122999997,-29.40199003999993],[-66.89936599999999,-29.401993839999932],[-66.90018517999994,-29.40201085999996],[-66.90016114999997,-29.401271279999946],[-66.90012867999997,-29.40027464999997],[-66.90005327999995,-29.39873252999996],[-66.90002616999993,-29.398227519999978],[-66.89996826999999,-29.397501709999972],[-66.89997357999994,-29.397285159999967],[-66.89996457999996,-29.397082239999975],[-66.89998778999995,-29.39679340999993],[-66.90095120999996,-29.396232089999955],[-66.90119189999996,-29.39642441999996],[-66.90124448999995,-29.396780399999955],[-66.90142053999995,-29.39746933999993],[-66.90157249999999,-29.397761499999945],[-66.90179627999999,-29.398021599999936],[-66.90208297999993,-29.398173019999945],[-66.90239748999994,-29.39820697999994],[-66.90247763999997,-29.398183879999976],[-66.90261091999997,-29.398110809999935],[-66.90273124999999,-29.398087439999983],[-66.90286535999996,-29.398109089999934],[-66.90298743999995,-29.39816689999998],[-66.90313454999995,-29.39826062999998],[-66.90324282999995,-29.398273419999953],[-66.90330946999995,-29.398236889999964],[-66.90353447999996,-29.39828497999997],[-66.90375655999998,-29.39835112999998],[-66.90399799999994,-29.398277319999977],[-66.90458694999995,-29.398241749999954],[-66.90477258999994,-29.398497599999928],[-66.90483290999998,-29.398677609999936],[-66.90484421999997,-29.39902485999994],[-66.90477965999997,-29.399295929999937],[-66.90489191999995,-29.39952520999998],[-66.90433891999999,-29.399898829999984],[-66.90428762999994,-29.400156289999984],[-66.90419646999999,-29.40033281999996],[-66.90402225999998,-29.40043774999998],[-66.90391536999994,-29.400582809999946],[-66.90384433999998,-29.400705079999966],[-66.90383991999994,-29.401719999999955],[-66.90384793999993,-29.402044709999984],[-66.90394724999999,-29.40220641999997],[-66.90406591999994,-29.402228159999936],[-66.90422887999995,-29.402249609999956],[-66.90436795999995,-29.40224866999995],[-66.90453293999997,-29.402265589999956],[-66.90478287999997,-29.402336059999982],[-66.90502925999994,-29.402469709999934],[-66.90521846999997,-29.40266237999998],[-66.90551699999997,-29.402867839999942],[-66.90570608999997,-29.403046979999942],[-66.90599423999998,-29.403243489999966],[-66.90617254999995,-29.40336856999994],[-66.90625108999996,-29.40351237999994],[-66.90653630999998,-29.403726949999964],[-66.90678341999995,-29.40394177999997],[-66.90705005999996,-29.40415195999998],[-66.90735909999995,-29.40437989999998],[-66.90776462999997,-29.405148449999956],[-66.90888491999993,-29.405424979999964],[-66.90912547999994,-29.405481979999934],[-66.90938078999994,-29.405574959999967],[-66.90971128999996,-29.405667429999937],[-66.91040272999999,-29.405798019999963],[-66.91100648999998,-29.405915679999964],[-66.91252603999993,-29.405905289999964],[-66.91294789999995,-29.405843759999982],[-66.91332109999996,-29.40575549999994],[-66.91373321999998,-29.405757189999974],[-66.91389455999996,-29.405710969999973],[-66.91429837999993,-29.40559092999996],[-66.91463419999997,-29.40547134999997],[-66.91485342999994,-29.405447289999984],[-66.91505946999996,-29.405445879999945],[-66.91531186999998,-29.40544413999993],[-66.91734809999997,-29.405033209999942],[-66.91792995999998,-29.40500664999996],[-66.91825157999995,-29.405026989999953],[-66.91860155999996,-29.404992999999934],[-66.91885862999999,-29.404937099999984],[-66.91907496999994,-29.40493560999994],[-66.92075693999993,-29.404887909999957],[-66.92224509999994,-29.40539633999998],[-66.92333704999999,-29.405952599999978],[-66.92413231999996,-29.40651091999996],[-66.92449651999993,-29.40690982999996],[-66.92452045999994,-29.406936729999984],[-66.92541526999997,-29.407904809999934],[-66.92549471999996,-29.407917789999942],[-66.92558557999996,-29.407939709999937],[-66.92602538999995,-29.407584829999962],[-66.92652983999994,-29.40731519999997],[-66.92706826999995,-29.407270859999983],[-66.92746865999999,-29.407114709999973],[-66.92795863999999,-29.40695342999993],[-66.92822362999993,-29.40663583999998],[-66.92849350999995,-29.40651667999998],[-66.92895792999997,-29.40637812999995],[-66.92919096999998,-29.406173529999933],[-66.92959156999996,-29.40581439999994],[-66.92983523999999,-29.405645809999953],[-66.93007887999994,-29.405021639999973],[-66.93027070999995,-29.404817329999958],[-66.93061618999997,-29.40462997999998],[-66.93078411999994,-29.40440327999994],[-66.93105040999995,-29.404230009999935],[-66.93143532999994,-29.40407395999995],[-66.93200427999994,-29.40398879999998],[-66.93256085999997,-29.40401647999994],[-66.93300218999997,-29.40417125999994],[-66.93336443999993,-29.40435365999997],[-66.93350487999999,-29.404163229999938],[-66.93599447999998,-29.40354585999995],[-66.93951145999995,-29.40307004999994],[-66.93895699999996,-29.40271310999998],[-66.93925391999994,-29.40228701999996],[-66.93969237999994,-29.402017799999953],[-66.94016793999998,-29.40197385999994],[-66.94061535999998,-29.402119549999952],[-66.94083821999993,-29.402266819999966],[-66.94106771999998,-29.402576429999954],[-66.94137575999997,-29.403359099999932],[-66.94141240999994,-29.404206829999964],[-66.94164663999999,-29.404805089999968],[-66.94220914999994,-29.405139409999947],[-66.94267819999993,-29.404946639999935],[-66.94303432999993,-29.404687019999983],[-66.94355567999997,-29.404245799999956],[-66.94350402999999,-29.404007109999952],[-66.94325444999998,-29.403756279999982],[-66.94282451999999,-29.403497709999954],[-66.94260346999994,-29.40243025999996],[-66.94288402999996,-29.401796799999943],[-66.94352589999994,-29.40135472999998],[-66.94350081999994,-29.40109328999995],[-66.94311695999994,-29.400802819999967],[-66.94275235999999,-29.400701649999974],[-66.94248127999998,-29.40035174999997],[-66.94249102999999,-29.39973372999998],[-66.94283284999995,-29.399041189999934],[-66.94343869999994,-29.398270099999934],[-66.94396653999996,-29.39797767999994],[-66.94516455999997,-29.397522649999928],[-66.94622537999999,-29.396937759999958],[-66.94726913999995,-29.395847809999964],[-66.94894438999995,-29.395204409999963],[-66.95011079999995,-29.395123929999954],[-66.95047816999994,-29.395080709999945],[-66.95151024999996,-29.39473505999996],[-66.95210525999994,-29.394690209999965],[-66.95273761999994,-29.39456390999993],[-66.95314336999996,-29.394218199999955],[-66.95364321999995,-29.393691399999966],[-66.95472129999996,-29.39330929999994],[-66.95539379999997,-29.393290949999937],[-66.95616723999996,-29.39338012999997],[-66.95693483999997,-29.393726449999974],[-66.95801510999996,-29.39412914999997],[-66.95897716999997,-29.394009469999958],[-66.95966612999996,-29.39354893999996],[-66.95966190999997,-29.39233110999993],[-66.95972727999998,-29.391284179999957],[-66.95989303999994,-29.39083643999993],[-66.96015981999994,-29.390505249999933],[-66.96061558999997,-29.389897549999944],[-66.96089967999995,-29.389435419999984],[-66.96127296999998,-29.389148559999967],[-66.96159639999996,-29.389037969999947],[-66.96198146999996,-29.388908899999933],[-66.96228979999995,-29.38883450999998],[-66.96265354999997,-29.388958179999975],[-66.96300513999995,-29.38932098999993],[-66.96315801999998,-29.38969426999995],[-66.96317398999997,-29.390077549999944],[-66.96325353999998,-29.390320549999956],[-66.96362723999994,-29.390624569999943],[-66.96395178999995,-29.390631239999948],[-66.96428092999997,-29.390579239999965],[-66.96446063999997,-29.390519309999945],[-66.96412046999995,-29.389948919999938],[-66.96406903999997,-29.38962903999993],[-66.96417061999995,-29.389258439999935],[-66.96453529999997,-29.389152059999958],[-66.96494919999998,-29.38902276999994],[-66.96558922999998,-29.38895046999994],[-66.96614999999997,-29.388883259999943],[-66.96668005999999,-29.389055329999962],[-66.96703580999997,-29.388876839999966],[-66.96741148999996,-29.388517779999972],[-66.96792092999993,-29.38825246999994],[-66.96854909999996,-29.388234369999964],[-66.96897578999994,-29.388150079999946],[-66.96946701999997,-29.38802923999998],[-66.97030640999998,-29.387256329999957],[-66.97086463999995,-29.386598229999947],[-66.97175021999993,-29.38602795999998],[-66.97242189999997,-29.385711829999934],[-66.97298195999997,-29.38557241999996],[-66.96785692999998,-29.378988189999973],[-66.96511668999995,-29.37653624999996],[-66.96421637999998,-29.375757919999955],[-66.96134769999998,-29.37332035999998],[-66.95462651999998,-29.36682375999993],[-66.94907360999997,-29.360507939999934],[-66.94678599999997,-29.356789409999976],[-66.94391995999996,-29.348054599999955],[-66.94177143999997,-29.340261889999965],[-66.94163613999996,-29.33730386999997],[-66.94087470999995,-29.331522099999972],[-66.93885818999996,-29.323462249999977],[-66.93853420999994,-29.32124528999998],[-66.93546600999997,-29.300080279999975],[-66.93266436999994,-29.291908499999977],[-66.92920948999995,-29.283935149999934],[-66.92806169999994,-29.281953919999978],[-66.92514934999997,-29.278730939999946],[-66.91955540999999,-29.274552059999962],[-66.91350119999998,-29.27039863999994],[-66.90682621999997,-29.264282479999963],[-66.90122795999997,-29.257676069999945],[-66.89605875999996,-29.247927069999946],[-66.89182104999998,-29.237066509999977],[-66.88681437999998,-29.21049542999998],[-66.88623094999997,-29.208419839999976],[-66.88604086999999,-29.20425315999995],[-66.88456270999995,-29.19999575999998],[-66.88097884999996,-29.192112019999968],[-66.87900796999998,-29.18825924999993],[-66.87452371999996,-29.183200459999966],[-66.86937710999996,-29.178538249999974],[-66.86562891999995,-29.175950789999945],[-66.86263907999995,-29.17429206999998],[-66.86152366999994,-29.173667739999928],[-66.85737272999995,-29.171429959999955],[-66.85328310999995,-29.169128499999943],[-66.84924219999994,-29.166727369999933],[-66.84540429999998,-29.16411733999996],[-66.84209991999995,-29.160989609999945],[-66.83890285999996,-29.157761879999953],[-66.83572132999996,-29.15452494999994],[-66.83302068999996,-29.15099626999995],[-66.83077842999995,-29.14719402999998],[-66.82861730999997,-29.143364179999935],[-66.82653627999997,-29.139506739999945],[-66.82453019999997,-29.13562172999997],[-66.82260001999998,-29.131700129999956],[-66.82073765999996,-29.12776004999995],[-66.81889790999998,-29.123801749999984],[-66.81715260999994,-29.119815779999954],[-66.81589243999997,-29.115709549999963],[-66.81573061999995,-29.114731679999977],[-66.81555040999996,-29.11363663999998],[-66.81503736999997,-29.111501609999948],[-66.81421012999994,-29.10847081999998],[-66.81390023999995,-29.107340479999948],[-66.81227641999993,-29.10332662999997],[-66.81005646999995,-29.099514839999983],[-66.80985153999995,-29.098925149999957]]]}},{"type":"Feature","properties":{"radio_id":"460140102","population":140,"population_density":0.2067734283036807,"households":52,"dwellings":84,"area_km2":677.0695884308067,"demographic_residential_component":0.011406844106463879,"density_component":0.019011406844106463,"territorial_context_score":0.015209125475285171,"percentile":1.520912547528517,"relative_level":"very_low"},"geometry":{"type":"Polygon","coordinates":[[[-66.93864988999997,-29.404384189999973],[-66.93890237999994,-29.40461695999994],[-66.93902823999997,-29.404859649999935],[-66.93903278999994,-29.405130249999957],[-66.93892153999997,-29.405356559999973],[-66.93870495999994,-29.40555655999998],[-66.93840929999993,-29.40567139999996],[-66.93813667999996,-29.405713919999982],[-66.93787445999993,-29.40632919999996],[-66.93764975999994,-29.40654277999994],[-66.93743288999997,-29.40671119999996],[-66.93712959999993,-29.40678098999996],[-66.93672294999993,-29.406815429999938],[-66.93628416999996,-29.40671476999995],[-66.93579707999999,-29.406402449999973],[-66.93430364999995,-29.405664169999966],[-66.93380350999996,-29.405839079999964],[-66.93339785999996,-29.405981749999967],[-66.93311817999995,-29.40615510999993],[-66.93278376999996,-29.406428079999955],[-66.93224604999995,-29.40677464999993],[-66.93154808999998,-29.407401999999934],[-66.93013980999996,-29.407980169999973],[-66.93006689999999,-29.408233269999982],[-66.92980814999999,-29.408329799999933],[-66.92964198999994,-29.408524909999983],[-66.92947330999993,-29.408670429999972],[-66.92911296999995,-29.408925539999927],[-66.92867880999995,-29.40933451999996],[-66.92839375999995,-29.409485349999954],[-66.92801627999995,-29.40955563999995],[-66.92736199999996,-29.40955116999993],[-66.92683558999994,-29.40944657999995],[-66.92595334999999,-29.409299359999977],[-66.92545634999993,-29.409027659999936],[-66.92529434999994,-29.40911448999998],[-66.92493697999998,-29.409130499999947],[-66.92471665999994,-29.40926283999994],[-66.92395040999997,-29.409750789999975],[-66.92343121999994,-29.410101699999927],[-66.92306755999994,-29.410334259999956],[-66.92248077999994,-29.41073074999997],[-66.92196667999997,-29.41107710999995],[-66.92132683999995,-29.41153259999993],[-66.92053552999994,-29.412101889999974],[-66.91974247999997,-29.41270727999995],[-66.91905759999997,-29.413311909999948],[-66.91864183999996,-29.413711709999973],[-66.91836159999997,-29.414056449999975],[-66.91782863999998,-29.41471415999996],[-66.91731554999996,-29.415520579999964],[-66.91675507999997,-29.416444599999977],[-66.91598385999998,-29.41776699999997],[-66.91564339999996,-29.41829256999995],[-66.91461481999994,-29.419991109999955],[-66.91343636999994,-29.421871089999968],[-66.91225540999994,-29.423475929999938],[-66.91104430999997,-29.425171189999958],[-66.91016188999998,-29.426404099999957],[-66.90933584999993,-29.42772231999993],[-66.90784415999997,-29.429974269999946],[-66.90732084999996,-29.430807779999952],[-66.90702191999998,-29.431378149999944],[-66.90538837999998,-29.434032479999928],[-66.90431513999994,-29.435843999999975],[-66.90347637999997,-29.43690517999994],[-66.90199699999994,-29.43801578999995],[-66.90178028999998,-29.43821571999996],[-66.90058453999995,-29.439121419999935],[-66.89980411999994,-29.439676989999953],[-66.89787967999996,-29.441516769999964],[-66.89623535999993,-29.443223829999965],[-66.89563059999995,-29.443836829999952],[-66.89525172999998,-29.444119039999975],[-66.89482129999993,-29.44439706999998],[-66.89435403999994,-29.444589659999963],[-66.89392204999996,-29.44469178999998],[-66.89357695999996,-29.44471214999993],[-66.89329346999995,-29.444705029999966],[-66.89253549999995,-29.444655989999944],[-66.89242419999994,-29.444656729999963],[-66.89247044999996,-29.44487743999997],[-66.89272147999998,-29.446828849999974],[-66.89289349999996,-29.448465039999974],[-66.89305347999994,-29.450020119999976],[-66.89318844999997,-29.451309239999944],[-66.89333238999996,-29.45267949999993],[-66.89343931999997,-29.453707189999932],[-66.89344580999995,-29.45386050999997],[-66.89375769999998,-29.46298332999993],[-66.89380654999997,-29.464791739999953],[-66.89388335999996,-29.466144399999962],[-66.89390212999996,-29.46687498999995],[-66.89392879999997,-29.46756492999998],[-66.89395344999997,-29.468259389999957],[-66.89397980999996,-29.468913249999957],[-66.89400643999994,-29.469598679999933],[-66.89403310999995,-29.470288619999963],[-66.89406171999997,-29.47096500999993],[-66.89407142999994,-29.471483659999933],[-66.89407661999996,-29.47172268999998],[-66.89407928999998,-29.47296758999994],[-66.89411698999999,-29.473738639999965],[-66.89415182999994,-29.47441950999996],[-66.89417846999999,-29.475104939999937],[-66.89418189999998,-29.47584915999994],[-66.89420147999994,-29.476552669999933],[-66.89424587999997,-29.47726504999997],[-66.89426557999997,-29.477982099999963],[-66.89435405999996,-29.479605309999954],[-66.89117490999996,-29.478837289999944],[-66.88974571999995,-29.47845893999994],[-66.88842637999994,-29.478142999999932],[-66.88694902999998,-29.47779651999997],[-66.88557469999995,-29.477440309999963],[-66.88436786999995,-29.477137109999944],[-66.88288523999995,-29.47677257999993],[-66.88147306999997,-29.47644815999996],[-66.88064063999997,-29.476160479999976],[-66.88010979999996,-29.476173019999976],[-66.88023761999995,-29.47784108999997],[-66.88032264999998,-29.479329009999958],[-66.88037476999995,-29.47999171999993],[-66.88021807999996,-29.480948999999953],[-66.87952874999996,-29.48147678999993],[-66.87879599999997,-29.483425689999933],[-66.87823746999999,-29.48441719999994],[-66.87903512999998,-29.485805699999958],[-66.87858503999996,-29.487058099999956],[-66.87810367999998,-29.488391899999954],[-66.87802216999995,-29.489939559999982],[-66.87812333999995,-29.492464809999944],[-66.87875168999994,-29.49477909999996],[-66.88719236999998,-29.508683249999933],[-66.88698628999998,-29.50905899999998],[-66.88676892999996,-29.509204789999956],[-66.88657689999997,-29.509418059999973],[-66.88639604999997,-29.50961321999995],[-66.88614980999995,-29.509759199999962],[-66.88582737999997,-29.50980194999994],[-66.88548713999995,-29.509813229999963],[-66.88532346999995,-29.50996767999993],[-66.88513362999998,-29.510077199999955],[-66.88484471999993,-29.510061079999957],[-66.88467916999997,-29.50999902999996],[-66.88431458999997,-29.509821039999963],[-66.88367499999998,-29.50956367999993],[-66.88332257999997,-29.50959758999994],[-66.88315971999998,-29.509607699999947],[-66.88225796999996,-29.50992039999994],[-66.89407568999997,-29.526557539999942],[-66.89537367999998,-29.542407839999953],[-66.89703187999999,-29.551792079999984],[-66.90414290999996,-29.586222169999928],[-66.89801928999998,-29.59424279999996],[-66.90413984999998,-29.611918429999946],[-66.90443001999995,-29.61458664999998],[-66.90465227999994,-29.619821789999946],[-66.90286662999995,-29.62450679999995],[-66.90294622999994,-29.635516309999957],[-66.88998445999994,-29.68121814999995],[-66.88273529999998,-29.711694029999933],[-66.88503245999993,-29.73324298999995],[-66.89101720999997,-29.825525669999934],[-66.97707526999994,-29.818368259999943],[-66.97744237999996,-29.817824309999935],[-66.97995149999997,-29.814170429999933],[-66.98620041999993,-29.804999619999933],[-66.98891888999998,-29.801452259999962],[-66.99581503999997,-29.792528739999966],[-66.99847012999999,-29.78860279999998],[-67.00218624999997,-29.785841439999956],[-67.00983152999999,-29.780794879999974],[-67.01830337999996,-29.773409709999953],[-67.02378203999996,-29.766349399999967],[-67.02805401999996,-29.75924411999995],[-67.02952928999997,-29.757117319999963],[-67.03091083999993,-29.75270902999995],[-67.03191868999994,-29.748461489999954],[-67.03257657999995,-29.742250179999928],[-67.03308849999996,-29.735719779999954],[-67.03377789999996,-29.731686689999947],[-67.03382951999998,-29.727649559999975],[-67.03351246999995,-29.719100479999952],[-67.03452128999999,-29.714483059999964],[-67.03696319999995,-29.71076548999997],[-67.04030691999998,-29.706837839999935],[-67.04301578999997,-29.702694099999974],[-67.04668037999994,-29.696377799999937],[-67.04811304999998,-29.691066839999962],[-67.05724773999998,-29.661117839999974],[-67.06042962999999,-29.646415779999984],[-67.06129804999995,-29.64010786999995],[-67.06081652999995,-29.631605199999967],[-67.05650070999997,-29.616579549999983],[-67.05459095999998,-29.609355599999958],[-67.05243640999998,-29.60268381999998],[-67.05000243999996,-29.59441751999998],[-67.04177075999996,-29.57208824999998],[-67.03972698999996,-29.56820726999996],[-67.03761358999998,-29.564362879999976],[-67.03463484999997,-29.558612779999976],[-67.03165339999998,-29.552867139999933],[-67.03069639999995,-29.548540039999978],[-67.03108257999997,-29.54460845999995],[-67.03133398999995,-29.542951179999932],[-67.03194576999994,-29.539500459999942],[-67.03271322999996,-29.53584103999998],[-67.03410353999993,-29.53176181999993],[-67.03612378999998,-29.52786709999998],[-67.03830550999999,-29.524043269999936],[-67.03965606999998,-29.519946249999975],[-67.04112238999994,-29.515884399999948],[-67.04323637999994,-29.512033949999932],[-67.04524868999994,-29.508139159999928],[-67.04726308999994,-29.504262369999935],[-67.04969774999995,-29.50055361999995],[-67.05249740999994,-29.49705844999994],[-67.05582350999998,-29.493933409999954],[-67.05948574999996,-29.491125849999946],[-67.06341341999996,-29.488577679999935],[-67.06754279999996,-29.486307429999954],[-67.07173882999996,-29.484117699999956],[-67.07586483999995,-29.481856239999956],[-67.07992521999995,-29.479450849999978],[-67.08360922999998,-29.47666952999998],[-67.08679942999999,-29.47342305999996],[-67.08931730999996,-29.46979411999996],[-67.09153613999996,-29.465978149999955],[-67.09395468999998,-29.462250709999978],[-67.09641262999997,-29.458558989999972],[-67.09806740999994,-29.45457615999993],[-67.09912001999999,-29.45039079999998],[-67.10063024999994,-29.446309909999968],[-67.10199506999999,-29.442230189999975],[-67.10236145999994,-29.43798733999995],[-67.10239245999998,-29.43370215999994],[-67.10226899999998,-29.429427269999962],[-67.10033388999994,-29.425519169999973],[-67.09901208999997,-29.421425559999932],[-67.09787564999993,-29.417312369999934],[-67.09539621999994,-29.413625169999932],[-67.09374064999997,-29.40959738999993],[-67.09163917999996,-29.40596113999993],[-67.09154997999997,-29.40580850999993],[-67.09090175999995,-29.404920749999974],[-67.08920016999997,-29.407658999999967],[-67.08268050999993,-29.419304059999945],[-67.07768332999996,-29.423710729999982],[-67.07233485999996,-29.428264369999965],[-67.06789846999999,-29.43021245999995],[-67.06329212999998,-29.43099804999997],[-67.05884869999994,-29.432296389999976],[-67.05400993999996,-29.432745229999966],[-67.04414905999994,-29.431347969999933],[-67.03945872999998,-29.430184869999948],[-67.03170068999998,-29.42728177999993],[-67.02605580999995,-29.424411599999928],[-67.01628573999994,-29.418564179999976],[-67.01019881999997,-29.415182469999934],[-67.00285118999994,-29.409807289999947],[-66.99460891999996,-29.40452405999997],[-66.98914077999996,-29.40051878999998],[-66.97345399999995,-29.387007849999975],[-66.97268698999994,-29.387374299999976],[-66.97217477999993,-29.38788772999993],[-66.97164985999996,-29.38825690999994],[-66.97128741999995,-29.38859784999994],[-66.97130521999998,-29.38938706999994],[-66.97110409999993,-29.389577979999956],[-66.97036509999998,-29.389858509999954],[-66.96977916999998,-29.390313829999968],[-66.96919882999998,-29.39048944999996],[-66.96820205999995,-29.390420009999957],[-66.96712798999994,-29.390454879999936],[-66.96590840999994,-29.39078847999997],[-66.96558450999999,-29.39139523999995],[-66.96480999999994,-29.39151812999995],[-66.96414448999997,-29.391622179999956],[-66.96384845999995,-29.391362699999945],[-66.96288511999995,-29.391342599999973],[-66.96275149999997,-29.39192091999996],[-66.96258054999998,-29.392364189999967],[-66.96230791999994,-29.392948029999957],[-66.96189189999996,-29.393402089999938],[-66.96181971999994,-29.394489659999977],[-66.96159638999995,-29.395059599999968],[-66.96120110999993,-29.39574805999996],[-66.96054750999997,-29.396136169999977],[-66.95985738999997,-29.396145659999945],[-66.95930836999997,-29.39604135999997],[-66.95857817999996,-29.395951889999935],[-66.95717130999998,-29.396097319999967],[-66.95634596999997,-29.395967919999975],[-66.95571988999995,-29.395994969999947],[-66.95523792999995,-29.39623296999997],[-66.95484425999996,-29.396547019999957],[-66.95453488999993,-29.396734169999945],[-66.95390937999997,-29.397374639999953],[-66.95325479999997,-29.397550729999978],[-66.95277545999994,-29.397518069999933],[-66.95234983999995,-29.397169289999965],[-66.95212621999997,-29.396940849999964],[-66.95158327999997,-29.396714679999945],[-66.95122027999997,-29.396784929999967],[-66.95046491999994,-29.396979769999973],[-66.94896301999995,-29.397766289999936],[-66.94777377999998,-29.398388189999935],[-66.94589386999996,-29.399186389999954],[-66.94498634999997,-29.39941835999997],[-66.94477217999997,-29.39987543999996],[-66.94501946999998,-29.40043751999997],[-66.94533453999998,-29.40086378999996],[-66.94544993999995,-29.401088499999958],[-66.94541390999996,-29.40131427999995],[-66.94537532999993,-29.40159871999998],[-66.94533720999993,-29.40193277999998],[-66.94529591999998,-29.40225782999994],[-66.94505360999995,-29.402458019999983],[-66.94484723999994,-29.40275717999998],[-66.94470983999997,-29.402938579999955],[-66.94476894999997,-29.403204279999954],[-66.94520454999997,-29.403516929999967],[-66.94552224999995,-29.40389356999998],[-66.94551053999999,-29.40452061999997],[-66.94506290999993,-29.404911709999965],[-66.94434974999996,-29.40544449999993],[-66.94323119999996,-29.406259819999946],[-66.94220316999997,-29.40650163999993],[-66.94188190999995,-29.406521959999964],[-66.94161812999994,-29.40640654999993],[-66.94118261999995,-29.40610289999995],[-66.94086585999997,-29.405604469999957],[-66.94072555999998,-29.405136349999964],[-66.94039413999997,-29.404164409999964],[-66.94031737999995,-29.403659759999982],[-66.94020939999996,-29.40334477999994],[-66.94000475999997,-29.403274059999944],[-66.93980947999995,-29.403325049999978],[-66.93955174999996,-29.403529839999976],[-66.93864988999997,-29.404384189999973]]]}},{"type":"Feature","properties":{"radio_id":"460140103","population":800,"population_density":0.3257062506482348,"households":265,"dwellings":605,"area_km2":2456.200943051615,"demographic_residential_component":0.6818757921419518,"density_component":0.022813688212927757,"territorial_context_score":0.3523447401774398,"percentile":23.574144486692013,"relative_level":"very_low"},"geometry":{"type":"Polygon","coordinates":[[[-66.77435221999997,-29.390500739999936],[-66.77387086999994,-29.39019228999996],[-66.73573675999995,-29.395383539999955],[-66.70587223999996,-29.389054089999945],[-66.59883691999994,-29.392636179999954],[-66.56317007999996,-29.41186326999997],[-66.56315466999996,-29.41187235999996],[-66.55098220999997,-29.41842780999997],[-66.54828879999997,-29.420951429999946],[-66.54613835999999,-29.422516489999964],[-66.52046760999997,-29.44101876999997],[-66.49968206999995,-29.45678689999994],[-66.49006306999996,-29.526135029999978],[-66.49045797999997,-29.526313999999957],[-66.49043606999999,-29.526476469999977],[-66.48086574999996,-29.596251639999934],[-66.46260016999997,-29.73283602999993],[-66.45250705999996,-29.807692519999932],[-66.44367826999996,-29.874397259999967],[-66.43997226999994,-29.904963859999953],[-66.43995218999999,-29.905108259999963],[-66.41213274999996,-30.01865442999997],[-66.42742453999995,-30.022741709999934],[-66.43107075999995,-30.023785249999946],[-66.43445266999998,-30.03385039999995],[-66.43446852999995,-30.033922509999968],[-66.43971020999999,-30.050557509999976],[-66.48306011999995,-30.18577875999995],[-66.51207660999995,-30.159103069999958],[-66.52623138999996,-30.14656255999995],[-66.63261872999993,-30.109230469999943],[-66.62859136999998,-30.06056554999998],[-66.60999663999996,-29.846584879999966],[-66.84809260999998,-29.829073709999932],[-66.85553640999996,-29.828457399999934],[-66.86893501999998,-29.82735060999994],[-66.89051067999998,-29.825569669999936],[-66.89101720999997,-29.825525669999934],[-66.88503245999993,-29.73324298999995],[-66.88273529999998,-29.711694029999933],[-66.88998445999994,-29.68121814999995],[-66.90294622999994,-29.635516309999957],[-66.90286662999995,-29.62450679999995],[-66.90465227999994,-29.619821789999946],[-66.90443001999995,-29.61458664999998],[-66.90413984999998,-29.611918429999946],[-66.89801928999998,-29.59424279999996],[-66.90414290999996,-29.586222169999928],[-66.89703187999999,-29.551792079999984],[-66.89537367999998,-29.542407839999953],[-66.89407568999997,-29.526557539999942],[-66.88225796999996,-29.50992039999994],[-66.87890387999994,-29.510849229999963],[-66.87521229999999,-29.51031878999993],[-66.87489752999994,-29.510293789999935],[-66.87470868999998,-29.510281499999962],[-66.87434559999997,-29.510274869999932],[-66.87420633999994,-29.510271279999984],[-66.87397136999994,-29.51029085999994],[-66.87375498999995,-29.510314839999978],[-66.87358807999993,-29.510333979999928],[-66.87332751999998,-29.510376279999946],[-66.87302879999999,-29.510418839999943],[-66.87275562999997,-29.51043416999994],[-66.87261953999996,-29.51043956999996],[-66.87233601999998,-29.51045044999995],[-66.87207815999994,-29.51044762999993],[-66.87157794999996,-29.510446399999978],[-66.87114970999994,-29.51041762999995],[-66.87090926999997,-29.510401169999966],[-66.87056672999995,-29.510385369999938],[-66.87034686999993,-29.510364249999952],[-66.86977909999996,-29.510300309999934],[-66.86835535999995,-29.510241959999973],[-66.86800430999995,-29.510194629999944],[-66.86781126999995,-29.510173339999938],[-66.86683051999995,-29.510057949999975],[-66.86638378999999,-29.51003830999997],[-66.86602776999996,-29.510013569999956],[-66.86552225999998,-29.50999429999996],[-66.86526726999995,-29.509964389999936],[-66.86484065999997,-29.50988597999998],[-66.86446332999998,-29.50978017999995],[-66.86414080999998,-29.509692059999963],[-66.86377771999997,-29.509441829999957],[-66.86361351999994,-29.50929403999993],[-66.86317258999998,-29.508985679999967],[-66.86306357999996,-29.50890068999996],[-66.86267971999996,-29.50863253999995],[-66.86245936999995,-29.508430999999973],[-66.86215319999997,-29.508202939999933],[-66.86180112999995,-29.50779024999997],[-66.86154663999997,-29.507575389999943],[-66.86141577999996,-29.507346199999972],[-66.86136803999995,-29.50718863999998],[-66.86129936999998,-29.50699512999995],[-66.86119914999995,-29.506729659999962],[-66.86107616999993,-29.50645530999998],[-66.86100821999997,-29.50634748999994],[-66.86091093999994,-29.506185739999978],[-66.86086151999996,-29.50607329999997],[-66.86079295999997,-29.505893319999984],[-66.86069846999999,-29.505695469999978],[-66.86049146999994,-29.505363019999947],[-66.85327590999998,-29.49186874999998],[-66.84147664999995,-29.47004493999998],[-66.83879184999995,-29.465127279999933],[-66.83740477999999,-29.462551429999962],[-66.83522954999995,-29.46064807999994],[-66.83130215999995,-29.45812867999996],[-66.83284819999994,-29.455584039999962],[-66.83431795999996,-29.453175189999968],[-66.83436345999996,-29.453066649999982],[-66.83535140999999,-29.451238159999946],[-66.83593871999994,-29.449326479999968],[-66.83619040999997,-29.447967199999937],[-66.83624914999996,-29.446960959999956],[-66.83628332999996,-29.445472239999958],[-66.83632319999998,-29.443798539999932],[-66.83640416999998,-29.441732169999966],[-66.83639060999997,-29.44032944999998],[-66.83633302999993,-29.43996895999993],[-66.83629809999996,-29.43973010999997],[-66.83620731999997,-29.43934276999994],[-66.83613906999994,-29.439189839999983],[-66.83597166999994,-29.43888415999993],[-66.83587482999997,-29.43876297999998],[-66.83571663999999,-29.438574529999983],[-66.83566675999998,-29.438525229999982],[-66.83564044999997,-29.438457729999982],[-66.83561912999994,-29.43837215999997],[-66.83562140999999,-29.438272919999974],[-66.83563848999995,-29.438218679999977],[-66.83568728999995,-29.438137179999956],[-66.83534738999998,-29.43816186999993],[-66.83316085999996,-29.438337949999948],[-66.83124370999997,-29.440208309999946],[-66.82607789999997,-29.441187689999936],[-66.82441230999996,-29.44194226999997],[-66.81471036999994,-29.44601193999995],[-66.80278627999996,-29.447442079999973],[-66.80294152999994,-29.433773869999982],[-66.80284569999998,-29.425258319999955],[-66.80287778999997,-29.419773159999977],[-66.78810634999996,-29.421467159999963],[-66.78257901999996,-29.421193019999976],[-66.78658855999998,-29.415052929999945],[-66.79048601999995,-29.41166489999995],[-66.79239761999997,-29.40944781999997],[-66.79305696999995,-29.40837937999993],[-66.79338213999995,-29.40646942999996],[-66.79346595999993,-29.40598628999993],[-66.79174773999995,-29.406023569999945],[-66.78512186999995,-29.40520573999993],[-66.77901168999995,-29.40444771999995],[-66.77877912999998,-29.40394387999993],[-66.77835697999996,-29.403030679999972],[-66.77625631999996,-29.402086659999952],[-66.77708453999998,-29.39787335999995],[-66.77718433999996,-29.39717812999993],[-66.77730280999998,-29.39650082999998],[-66.77741423999998,-29.39584612999994],[-66.77754290999997,-29.39515524999996],[-66.77764331999998,-29.394541209999943],[-66.77775443999997,-29.393845909999982],[-66.77789789999997,-29.392798589999984],[-66.77435221999997,-29.390500739999936]]]}},{"type":"Feature","properties":{"radio_id":"460140104","population":1068,"population_density":1142.0426392604786,"households":338,"dwellings":408,"area_km2":0.9351664844069006,"demographic_residential_component":0.8555133079847909,"density_component":0.13307984790874525,"territorial_context_score":0.49429657794676807,"percentile":47.52851711026616,"relative_level":"low"},"geometry":{"type":"Polygon","coordinates":[[[-66.84308653999994,-29.372902609999983],[-66.84178085999997,-29.373438609999937],[-66.84081608999998,-29.37385065999996],[-66.83992844999995,-29.374248679999937],[-66.83819860999995,-29.374309179999955],[-66.83930932999994,-29.37574109999997],[-66.83998859999997,-29.376557769999977],[-66.84087871999998,-29.377711399999953],[-66.84171616999998,-29.378721019999944],[-66.84254348999997,-29.37974872999996],[-66.84283172999994,-29.380103249999934],[-66.84344579999998,-29.380875209999942],[-66.84470752999994,-29.382364759999973],[-66.84546055999994,-29.383744759999956],[-66.84732690999994,-29.38621828999993],[-66.84778184999993,-29.38642288999995],[-66.84793077999996,-29.386620409999978],[-66.84812138999996,-29.386998089999963],[-66.84923492999997,-29.38650384999994],[-66.84960538999997,-29.387078849999966],[-66.85065748999995,-29.386630099999934],[-66.85165278999995,-29.386163659999966],[-66.85264596999997,-29.385692709999944],[-66.85378003999995,-29.38519378999996],[-66.85499618999995,-29.384658249999973],[-66.85471972999994,-29.384610409999937],[-66.85370915999994,-29.38447704999993],[-66.85340631999998,-29.38460077999997],[-66.85321275999996,-29.38424115999993],[-66.85308723999998,-29.384011919999978],[-66.85413182999997,-29.38353161999993],[-66.85520585999996,-29.383001499999978],[-66.85615004999994,-29.38258947999998],[-66.85659061999996,-29.382555069999967],[-66.85749854999995,-29.382734169999935],[-66.85809902999995,-29.38285209999998],[-66.85827713999998,-29.382841929999984],[-66.85849439999998,-29.38270971999998],[-66.85896492999996,-29.382318769999983],[-66.85680747999999,-29.379301489999932],[-66.85070742999994,-29.38111774999993],[-66.84537228999994,-29.38054274999996],[-66.84465872999994,-29.378950489999966],[-66.84428281999993,-29.37770792999993],[-66.84412835999996,-29.376463959999967],[-66.84407636999998,-29.375530579999975],[-66.84390692999995,-29.374967819999938],[-66.84353684999996,-29.374054499999943],[-66.84327938999996,-29.37343364999998],[-66.84308653999994,-29.372902609999983]]]}},{"type":"Feature","properties":{"radio_id":"460140105","population":949,"population_density":364.021987226845,"households":300,"dwellings":402,"area_km2":2.606985383574148,"demographic_residential_component":0.7629911280101395,"density_component":0.06844106463878327,"territorial_context_score":0.4157160963244614,"percentile":33.460076045627375,"relative_level":"low"},"geometry":{"type":"Polygon","coordinates":[[[-66.85308723999998,-29.384011919999978],[-66.85321275999996,-29.38424115999993],[-66.85340631999998,-29.38460077999997],[-66.85370915999994,-29.38447704999993],[-66.85471972999994,-29.384610409999937],[-66.85499618999995,-29.384658249999973],[-66.85378003999995,-29.38519378999996],[-66.85264596999997,-29.385692709999944],[-66.85165278999995,-29.386163659999966],[-66.85065748999995,-29.386630099999934],[-66.84960538999997,-29.387078849999966],[-66.84923492999997,-29.38650384999994],[-66.84812138999996,-29.386998089999963],[-66.84862396999995,-29.38797821999998],[-66.84896254999995,-29.38843614999996],[-66.84908980999995,-29.388502999999957],[-66.84990144999995,-29.389237569999977],[-66.85025166999998,-29.389483429999927],[-66.85052113999996,-29.38968017999997],[-66.85114062999997,-29.390222009999945],[-66.85129904999997,-29.39032022999993],[-66.85176505999993,-29.390614959999937],[-66.85185512999993,-29.390668509999955],[-66.85207046999994,-29.39079794999998],[-66.85256470999997,-29.391142109999976],[-66.85280618999997,-29.391316479999944],[-66.85288430999998,-29.39141971999993],[-66.85336784999998,-29.39196241999997],[-66.85369980999997,-29.392239949999976],[-66.85433714999994,-29.39269594999996],[-66.85497965999997,-29.39315191999998],[-66.85578967999999,-29.393683489999944],[-66.85650956999996,-29.394152489999954],[-66.85757827999998,-29.39469590999994],[-66.85843651999994,-29.395078299999966],[-66.85921209999998,-29.395429649999983],[-66.85972625999995,-29.395931529999928],[-66.86037993999997,-29.39648662999997],[-66.86091649999997,-29.396956779999982],[-66.86143322999993,-29.39739548999995],[-66.86182470999995,-29.397762829999976],[-66.86249233999996,-29.398380979999956],[-66.86270728999995,-29.398582569999974],[-66.86298737999994,-29.39844542999998],[-66.86393270999997,-29.397911559999955],[-66.86442945999994,-29.397570039999948],[-66.86513044999998,-29.39725876999995],[-66.86695688999998,-29.39639889999995],[-66.86706248999997,-29.396095999999943],[-66.86767860999998,-29.395861949999983],[-66.86816122999994,-29.395678379999936],[-66.86842000999997,-29.395581969999967],[-66.86936265999998,-29.395223999999928],[-66.87026146999995,-29.394920429999956],[-66.87135228999995,-29.394543429999942],[-66.87128230999997,-29.393826699999977],[-66.87114891999994,-29.392438289999973],[-66.87103877999994,-29.391843609999967],[-66.87082284999997,-29.39068126999996],[-66.87047340999999,-29.38811248999997],[-66.87036846999996,-29.386917849999975],[-66.86860681999997,-29.380587369999944],[-66.86025438999997,-29.384015489999967],[-66.85949624999995,-29.38303253999993],[-66.85896492999996,-29.382318769999983],[-66.85849439999998,-29.38270971999998],[-66.85827713999998,-29.382841929999984],[-66.85809902999995,-29.38285209999998],[-66.85749854999995,-29.382734169999935],[-66.85659061999996,-29.382555069999967],[-66.85615004999994,-29.38258947999998],[-66.85520585999996,-29.383001499999978],[-66.85413182999997,-29.38353161999993],[-66.85308723999998,-29.384011919999978]]]}},{"type":"Feature","properties":{"radio_id":"460140106","population":715,"population_density":222.60384561281782,"households":232,"dwellings":356,"area_km2":3.211984042915516,"demographic_residential_component":0.5221799746514576,"density_component":0.045627376425855515,"territorial_context_score":0.2839036755386566,"percentile":17.490494296577946,"relative_level":"very_low"},"geometry":{"type":"Polygon","coordinates":[[[-66.87135228999995,-29.394543429999942],[-66.87139410999998,-29.395219749999967],[-66.87163219999996,-29.39656236999997],[-66.87180637999995,-29.39790088999996],[-66.87198492999994,-29.399266439999963],[-66.87201584999997,-29.399509819999935],[-66.87217310999995,-29.40043346999994],[-66.87224570999996,-29.40085247999997],[-66.87244960999993,-29.400842129999944],[-66.87270206999995,-29.400849489999928],[-66.87336687999994,-29.40088573999998],[-66.87388230999994,-29.400922949999938],[-66.87420398999996,-29.400952419999953],[-66.87449304999996,-29.401022689999934],[-66.87485262999996,-29.40114662999997],[-66.87558651999996,-29.40143048999994],[-66.87652324999993,-29.401699479999934],[-66.87684161999994,-29.40182367999995],[-66.87719272999993,-29.401920609999934],[-66.87741337999995,-29.402180769999973],[-66.87759054999998,-29.40265772999993],[-66.87818174999995,-29.402879369999937],[-66.87916665999995,-29.40323823999995],[-66.87992702999998,-29.403364029999977],[-66.88036590999997,-29.40348291999993],[-66.88062926999999,-29.403557859999978],[-66.88089645999997,-29.403718469999944],[-66.88133143999994,-29.403742659999978],[-66.88168212999994,-29.403789959999983],[-66.88201217999995,-29.40383287999998],[-66.88244763999995,-29.403793909999933],[-66.88281584999999,-29.403841089999958],[-66.88316439999994,-29.403879379999978],[-66.88355917999996,-29.404021099999966],[-66.88421900999998,-29.40407535999998],[-66.88459870999998,-29.404140499999983],[-66.88496648999995,-29.40413805999998],[-66.88526079999997,-29.40421729999997],[-66.88586907999996,-29.404267379999965],[-66.88614001999997,-29.404265579999958],[-66.88705346999996,-29.404457969999953],[-66.88774420999994,-29.404512009999962],[-66.88815132999997,-29.404531849999955],[-66.88855892999999,-29.404605809999964],[-66.88888308999998,-29.40456305999993],[-66.88945194999997,-29.404581809999968],[-66.88939469999997,-29.40451453999998],[-66.88917470999996,-29.40409651999994],[-66.88912039999997,-29.40401117999994],[-66.88906402999999,-29.403808569999967],[-66.88912303999996,-29.403722479999942],[-66.88927442999994,-29.40371695999994],[-66.88947372999996,-29.403769759999932],[-66.88980615999998,-29.403848729999936],[-66.89112395999996,-29.403979749999962],[-66.89126517999995,-29.40398782999995],[-66.89138336999997,-29.403955459999963],[-66.89141859999995,-29.40386049999995],[-66.89149501999998,-29.402818039999943],[-66.89158135999998,-29.40208673999996],[-66.89171054999997,-29.400953709999953],[-66.89183460999993,-29.399586159999956],[-66.89196811999994,-29.398358379999934],[-66.89117218999996,-29.39828701999994],[-66.89041147999995,-29.398237979999976],[-66.88828759999996,-29.398044659999982],[-66.88796084999996,-29.39802427999996],[-66.88520020999994,-29.397817119999957],[-66.88335826999997,-29.397703039999953],[-66.88324697999997,-29.397699269999976],[-66.88326902999995,-29.397270609999964],[-66.88372175999996,-29.38767348999994],[-66.88367058999995,-29.38616276999994],[-66.86826077999996,-29.378893609999977],[-66.86860681999997,-29.380587369999944],[-66.87036846999996,-29.386917849999975],[-66.87047340999999,-29.38811248999997],[-66.87082284999997,-29.39068126999996],[-66.87103877999994,-29.391843609999967],[-66.87114891999994,-29.392438289999973],[-66.87128230999997,-29.393826699999977],[-66.87135228999995,-29.394543429999942]]]}},{"type":"Feature","properties":{"radio_id":"460140107","population":638,"population_density":1476.953479792222,"households":202,"dwellings":243,"area_km2":0.4319702744393506,"demographic_residential_component":0.2572877059569075,"density_component":0.1634980988593156,"territorial_context_score":0.21039290240811154,"percentile":8.365019011406844,"relative_level":"very_low"},"geometry":{"type":"Polygon","coordinates":[[[-66.87135228999995,-29.394543429999942],[-66.87026146999995,-29.394920429999956],[-66.86936265999998,-29.395223999999928],[-66.86842000999997,-29.395581969999967],[-66.86816122999994,-29.395678379999936],[-66.86767860999998,-29.395861949999983],[-66.86706248999997,-29.396095999999943],[-66.86695688999998,-29.39639889999995],[-66.86513044999998,-29.39725876999995],[-66.86442945999994,-29.397570039999948],[-66.86393270999997,-29.397911559999955],[-66.86298737999994,-29.39844542999998],[-66.86270728999995,-29.398582569999974],[-66.86347698999998,-29.399452649999944],[-66.86397016999996,-29.39990501999995],[-66.86440950999997,-29.40032617999998],[-66.86478574999995,-29.400716159999945],[-66.86523695999995,-29.40107858999994],[-66.86581419999999,-29.401359019999973],[-66.86654417999995,-29.401548229999946],[-66.86661052999995,-29.401475629999936],[-66.86684173999998,-29.401406459999976],[-66.86702171999997,-29.401369209999928],[-66.86718619999994,-29.401327539999954],[-66.86732519999998,-29.40131761999993],[-66.86747948999994,-29.401289549999944],[-66.86760589999994,-29.40125263999994],[-66.86774458999997,-29.401206629999933],[-66.86785461999995,-29.401183359999948],[-66.86792630999997,-29.401133279999954],[-66.86799082999994,-29.40108774999993],[-66.86805934999995,-29.40102866999996],[-66.86812581999993,-29.40096959999994],[-66.86822245999997,-29.40082462999993],[-66.86835530999997,-29.400697459999947],[-66.86849398999993,-29.40065144999994],[-66.86857907999996,-29.400601279999933],[-66.86875064999998,-29.40054602999993],[-66.86893386999998,-29.400526799999966],[-66.86910086999995,-29.400539239999944],[-66.86939000999996,-29.400618549999933],[-66.86947581999993,-29.400654069999973],[-66.86951717999995,-29.400671839999973],[-66.86965884999995,-29.40073406999994],[-66.86979131999993,-29.400805369999944],[-66.86994874999993,-29.400903579999977],[-66.87011891999998,-29.40092501999993],[-66.87032815999999,-29.40093718999998],[-66.87046940999994,-29.400949799999978],[-66.87070660999996,-29.400979819999975],[-66.87089188999994,-29.40096056999994],[-66.87107487999998,-29.40091426999993],[-66.87124980999994,-29.400890569999945],[-66.87139376999994,-29.400858059999962],[-66.87162527999993,-29.400824969999974],[-66.87181078999998,-29.400832779999973],[-66.87224570999996,-29.40085247999997],[-66.87217310999995,-29.40043346999994],[-66.87201584999997,-29.399509819999935],[-66.87198492999994,-29.399266439999963],[-66.87180637999995,-29.39790088999996],[-66.87163219999996,-29.39656236999997],[-66.87139410999998,-29.395219749999967],[-66.87135228999995,-29.394543429999942]]]}},{"type":"Feature","properties":{"radio_id":"460140108","population":730,"population_density":1045.525495284851,"households":237,"dwellings":292,"area_km2":0.6982134852685856,"demographic_residential_component":0.4575411913814955,"density_component":0.11406844106463879,"territorial_context_score":0.28580481622306714,"percentile":18.250950570342205,"relative_level":"very_low"},"geometry":{"type":"Polygon","coordinates":[[[-66.81869343999995,-29.382057929999974],[-66.81850293999997,-29.382708639999976],[-66.81832113999997,-29.38341792999995],[-66.81818209999994,-29.38406380999993],[-66.81801958999995,-29.38473689999995],[-66.81788104999998,-29.38544591999994],[-66.81855973999996,-29.385559039999976],[-66.81943133999994,-29.385707039999943],[-66.82014328999998,-29.385856029999957],[-66.82225762999997,-29.38593321999997],[-66.82298692999996,-29.385933229999978],[-66.82455321999998,-29.386004739999976],[-66.82722121999996,-29.386398689999965],[-66.82787623999997,-29.38651189999996],[-66.82821147999994,-29.386568459999978],[-66.82894669999996,-29.38666311999998],[-66.82952104999998,-29.38673622999994],[-66.83011716999994,-29.386827239999946],[-66.83039571999996,-29.38687963999996],[-66.83166629999994,-29.38706566999997],[-66.83211292999994,-29.38713956999993],[-66.83321657999994,-29.38731760999997],[-66.83241805999995,-29.38602803999993],[-66.83108945999999,-29.383898269999975],[-66.82986368999997,-29.381993379999983],[-66.82801248999994,-29.382983709999962],[-66.82714188999995,-29.38295753999995],[-66.82444243999998,-29.381846589999952],[-66.82386676999994,-29.38173286999995],[-66.82362566999996,-29.38185162999997],[-66.82338260999995,-29.38198393999994],[-66.82311568999995,-29.382093849999933],[-66.82295323999995,-29.382130939999968],[-66.82277081999996,-29.382118529999957],[-66.82249474999998,-29.382115719999945],[-66.82224718999998,-29.382072139999934],[-66.82193511999998,-29.381947769999954],[-66.82165323999993,-29.381863799999962],[-66.82138953999998,-29.381734619999975],[-66.82117233999998,-29.38162318999997],[-66.82096003999999,-29.381480159999967],[-66.82079414999998,-29.381345859999954],[-66.82050332999995,-29.381045429999972],[-66.82026462999994,-29.38082136999998],[-66.82000794999993,-29.38053876999993],[-66.81942935999996,-29.380316789999938],[-66.81433119999997,-29.379468449999933],[-66.81408083999997,-29.38062470999995],[-66.81392315999994,-29.381261679999966],[-66.81553535999996,-29.381545019999976],[-66.81700212999993,-29.381802169999958],[-66.81817561999998,-29.381966379999938],[-66.81869343999995,-29.382057929999974]]]}},{"type":"Feature","properties":{"radio_id":"460140109","population":821,"population_density":4662.004213306713,"households":283,"dwellings":310,"area_km2":0.1761045169493043,"demographic_residential_component":0.5842839036755386,"density_component":0.5475285171102662,"territorial_context_score":0.5659062103929025,"percentile":61.59695817490495,"relative_level":"medium"},"geometry":{"type":"Polygon","coordinates":[[[-66.81869343999995,-29.382057929999974],[-66.81817561999998,-29.381966379999938],[-66.81700212999993,-29.381802169999958],[-66.81553535999996,-29.381545019999976],[-66.81392315999994,-29.381261679999966],[-66.81377408999998,-29.381943699999965],[-66.81362989999997,-29.382594119999965],[-66.81349413999993,-29.383267039999964],[-66.81336259999995,-29.383953469999938],[-66.81318030999995,-29.38460411999995],[-66.81480697999996,-29.384887379999952],[-66.81631818999995,-29.385157799999945],[-66.81776759999997,-29.38542857999994],[-66.81788104999998,-29.38544591999994],[-66.81801958999995,-29.38473689999995],[-66.81818209999994,-29.38406380999993],[-66.81832113999997,-29.38341792999995],[-66.81850293999997,-29.382708639999976],[-66.81869343999995,-29.382057929999974]]]}},{"type":"Feature","properties":{"radio_id":"460140110","population":754,"population_density":189.46316654000594,"households":227,"dwellings":299,"area_km2":3.9796653553807766,"demographic_residential_component":0.46387832699619774,"density_component":0.03802281368821293,"territorial_context_score":0.25095057034220536,"percentile":12.927756653992395,"relative_level":"very_low"},"geometry":{"type":"Polygon","coordinates":[[[-66.82303612999993,-29.416348349999964],[-66.82252251999995,-29.41628836999996],[-66.82101029999995,-29.41620747999997],[-66.82066693999997,-29.41617802999997],[-66.82045372999994,-29.41618835999998],[-66.82031027999994,-29.416288479999935],[-66.82025415999993,-29.416356479999934],[-66.82025678999997,-29.417069149999975],[-66.82025841999996,-29.417912629999933],[-66.82015022999997,-29.41817040999996],[-66.81990406999995,-29.41831174999993],[-66.81783381999998,-29.41841919999996],[-66.81560659999997,-29.41861327999993],[-66.81425800999995,-29.418770379999955],[-66.81287673999998,-29.418963749999932],[-66.81190919999995,-29.419095949999928],[-66.81054994999994,-29.419207969999945],[-66.81009135999994,-29.41920173999995],[-66.80955225999998,-29.419177959999956],[-66.80931531999994,-29.41918390999996],[-66.80855077999996,-29.419188549999944],[-66.80819530999997,-29.419190709999953],[-66.80684868999998,-29.41933869999997],[-66.80560109999993,-29.419499609999946],[-66.80339464999997,-29.419720429999984],[-66.80287778999997,-29.419773159999977],[-66.80284569999998,-29.425258319999955],[-66.80294152999994,-29.433773869999982],[-66.80794515999997,-29.434194669999954],[-66.80908911999995,-29.433808829999975],[-66.81641219999995,-29.43263647999993],[-66.82154955999994,-29.43264548999997],[-66.82259786999998,-29.432675099999983],[-66.82287929999995,-29.432686889999957],[-66.82352895999998,-29.432737009999983],[-66.82464453999995,-29.432802269999968],[-66.82636608999996,-29.43286827999998],[-66.82651558999999,-29.432876379999982],[-66.82726589999999,-29.43288524999997],[-66.82747895999995,-29.432852349999962],[-66.82876461999996,-29.432794739999963],[-66.83197380999997,-29.43267549999996],[-66.83291943999996,-29.43401375999997],[-66.83308667999995,-29.434301389999973],[-66.83369706999997,-29.434211869999956],[-66.83357708999995,-29.434032199999933],[-66.83246984999994,-29.43259120999994],[-66.82993717999994,-29.428714329999934],[-66.82944317999994,-29.427905489999944],[-66.82799612999997,-29.42571780999998],[-66.82772201999995,-29.425336109999932],[-66.82744518999993,-29.424873229999946],[-66.82711891999998,-29.424284359999945],[-66.82671022999995,-29.423443409999948],[-66.82638361999994,-29.422940239999946],[-66.82636617999998,-29.42294936999997],[-66.82624977999996,-29.42295459999997],[-66.82614441999993,-29.42292367999994],[-66.82605628999994,-29.422856569999965],[-66.82599891999996,-29.42277121999996],[-66.82598277999995,-29.42268561999998],[-66.82600452999998,-29.42257271999995],[-66.82606565999998,-29.42248663999993],[-66.82613024999995,-29.422445639999978],[-66.82598056999996,-29.422157889999937],[-66.82591032999994,-29.422009469999978],[-66.82542356999994,-29.421069759999966],[-66.82537092999996,-29.420930259999977],[-66.82504236999995,-29.420183529999974],[-66.82470776999997,-29.419581169999958],[-66.82425075999998,-29.418749529999957],[-66.82406775999993,-29.41841686999993],[-66.82385833999996,-29.41800318999998],[-66.82348641999994,-29.417243189999965],[-66.82303612999993,-29.416348349999964]]]}},{"type":"Feature","properties":{"radio_id":"460140111","population":942,"population_density":259.0309197168974,"households":303,"dwellings":422,"area_km2":3.636631491829392,"demographic_residential_component":0.7858048162230672,"density_component":0.057034220532319393,"territorial_context_score":0.4214195183776933,"percentile":34.22053231939163,"relative_level":"low"},"geometry":{"type":"Polygon","coordinates":[[[-66.83197380999997,-29.43267549999996],[-66.82876461999996,-29.432794739999963],[-66.82747895999995,-29.432852349999962],[-66.82726589999999,-29.43288524999997],[-66.82651558999999,-29.432876379999982],[-66.82636608999996,-29.43286827999998],[-66.82464453999995,-29.432802269999968],[-66.82352895999998,-29.432737009999983],[-66.82287929999995,-29.432686889999957],[-66.82259786999998,-29.432675099999983],[-66.82154955999994,-29.43264548999997],[-66.81641219999995,-29.43263647999993],[-66.80908911999995,-29.433808829999975],[-66.80794515999997,-29.434194669999954],[-66.80294152999994,-29.433773869999982],[-66.80278627999996,-29.447442079999973],[-66.81471036999994,-29.44601193999995],[-66.82441230999996,-29.44194226999997],[-66.82607789999997,-29.441187689999936],[-66.83124370999997,-29.440208309999946],[-66.83316085999996,-29.438337949999948],[-66.83534738999998,-29.43816186999993],[-66.83568728999995,-29.438137179999956],[-66.83567406999998,-29.437780929999974],[-66.83564880999995,-29.437591639999937],[-66.83561144999999,-29.43743399999994],[-66.83551180999996,-29.43722262999995],[-66.83539884999993,-29.43689405999993],[-66.83526803999996,-29.436651299999937],[-66.83505551999997,-29.436246679999954],[-66.83492808999995,-29.436039989999983],[-66.83480486999997,-29.435842289999982],[-66.83396320999998,-29.43462066999996],[-66.83369706999997,-29.434211869999956],[-66.83308667999995,-29.434301389999973],[-66.83291943999996,-29.43401375999997],[-66.83197380999997,-29.43267549999996]]]}},{"type":"Feature","properties":{"radio_id":"460140112","population":580,"population_density":1958.3041145817579,"households":211,"dwellings":247,"area_km2":0.29617463175471737,"demographic_residential_component":0.2585551330798479,"density_component":0.20912547528517111,"territorial_context_score":0.2338403041825095,"percentile":11.787072243346007,"relative_level":"very_low"},"geometry":{"type":"Polygon","coordinates":[[[-66.85924496999996,-29.449538949999976],[-66.85892102999998,-29.449626749999936],[-66.85869996999998,-29.449691319999943],[-66.85842466999998,-29.449801349999973],[-66.85785434999997,-29.45025157999993],[-66.85741229999996,-29.450389739999935],[-66.85708203999997,-29.450707609999938],[-66.85655810999998,-29.45091395999998],[-66.85633885999994,-29.45119502999995],[-66.85611918999996,-29.45142648999996],[-66.85553882999994,-29.45166476999998],[-66.85524979999997,-29.45186057999996],[-66.85461402999994,-29.452252579999936],[-66.85453134999995,-29.45222603999997],[-66.85396981999997,-29.45262206999996],[-66.85372080999997,-29.453043149999928],[-66.85357276999997,-29.45345907999996],[-66.85346984999995,-29.453847649999943],[-66.85343658999994,-29.454429739999966],[-66.85324290999995,-29.45505794999997],[-66.85302299999995,-29.455262339999933],[-66.85294461999996,-29.45574998999996],[-66.85447327999998,-29.455505629999948],[-66.85506357999998,-29.45546575999998],[-66.85634102999995,-29.455380859999934],[-66.85726754999996,-29.454996009999945],[-66.85882425999995,-29.454413129999978],[-66.86039697999996,-29.453897789999928],[-66.86103425999994,-29.453686179999977],[-66.86069720999996,-29.452831339999932],[-66.86067601999997,-29.452763819999973],[-66.86039560999996,-29.45214767999994],[-66.86029281999998,-29.451936339999975],[-66.86021906999997,-29.451747369999964],[-66.86011420999995,-29.45153604999996],[-66.85980254999998,-29.450879519999944],[-66.85962394999996,-29.450479229999928],[-66.85943138999994,-29.45001136999997],[-66.85931038999996,-29.449718959999984],[-66.85924496999996,-29.449538949999976]]]}},{"type":"Feature","properties":{"radio_id":"460140113","population":526,"population_density":2599.252611596423,"households":195,"dwellings":223,"area_km2":0.2023658638076499,"demographic_residential_component":0.16983523447401774,"density_component":0.2737642585551331,"territorial_context_score":0.2217997465145754,"percentile":9.505703422053232,"relative_level":"very_low"},"geometry":{"type":"Polygon","coordinates":[[[-66.86103425999994,-29.453686179999977],[-66.86039697999996,-29.453897789999928],[-66.85882425999995,-29.454413129999978],[-66.85726754999996,-29.454996009999945],[-66.85634102999995,-29.455380859999934],[-66.85506357999998,-29.45546575999998],[-66.85447327999998,-29.455505629999948],[-66.85294461999996,-29.45574998999996],[-66.85295004999995,-29.45639947999996],[-66.85377237999995,-29.456371659999945],[-66.85509320999995,-29.45629551999997],[-66.85634810999994,-29.456224299999974],[-66.85777260999998,-29.456219639999972],[-66.85907079999998,-29.456148119999966],[-66.85910114999996,-29.456937279999977],[-66.85914047999995,-29.457690299999967],[-66.85918648999996,-29.45850190999994],[-66.85978611999997,-29.458466469999962],[-66.86010321999998,-29.458175739999945],[-66.86030688999995,-29.45812480999996],[-66.86129285999993,-29.458064299999933],[-66.86290360999993,-29.45801778999993],[-66.86259888999996,-29.45733414999995],[-66.86204813999996,-29.45595746999993],[-66.86189387999997,-29.455633709999972],[-66.86165464999993,-29.455134579999935],[-66.86151580999996,-29.45480619999995],[-66.86133673999996,-29.454351789999976],[-66.86103425999994,-29.453686179999977]]]}},{"type":"Feature","properties":{"radio_id":"460140114","population":1059,"population_density":2204.1060444948275,"households":322,"dwellings":407,"area_km2":0.4804669006942988,"demographic_residential_component":0.8238276299112801,"density_component":0.23193916349809887,"territorial_context_score":0.5278833967046895,"percentile":53.99239543726235,"relative_level":"medium"},"geometry":{"type":"Polygon","coordinates":[[[-66.85294461999996,-29.45574998999996],[-66.85153075999995,-29.455795119999948],[-66.84900822999998,-29.45589242999995],[-66.84903229999998,-29.456555329999958],[-66.84860995999998,-29.456589599999973],[-66.84733718999996,-29.456620259999966],[-66.84605635999998,-29.456673509999973],[-66.84478358999996,-29.45670414999995],[-66.84349359999999,-29.45677096999998],[-66.84222085999994,-29.45680608999993],[-66.84065137999994,-29.45685660999993],[-66.84065493999998,-29.45753768999998],[-66.84065595999994,-29.458286439999938],[-66.84065711999995,-29.459053239999946],[-66.84358925999999,-29.45898958999993],[-66.84486916999998,-29.458945379999932],[-66.84615020999996,-29.458914689999972],[-66.84744045999997,-29.458874909999963],[-66.84874722999996,-29.45883951999997],[-66.85005293999996,-29.45879961999998],[-66.85131847999997,-29.45876445999994],[-66.85261665999997,-29.458688499999937],[-66.85387429999997,-29.458693969999956],[-66.85515911999994,-29.458622569999932],[-66.85643491999997,-29.45858278999998],[-66.85791572999995,-29.45852814999995],[-66.85918648999996,-29.45850190999994],[-66.85914047999995,-29.457690299999967],[-66.85910114999996,-29.456937279999977],[-66.85907079999998,-29.456148119999966],[-66.85777260999998,-29.456219639999972],[-66.85634810999994,-29.456224299999974],[-66.85509320999995,-29.45629551999997],[-66.85377237999995,-29.456371659999945],[-66.85295004999995,-29.45639947999996],[-66.85294461999996,-29.45574998999996]]]}},{"type":"Feature","properties":{"radio_id":"460140115","population":524,"population_density":355.465526208088,"households":167,"dwellings":243,"area_km2":1.4741232591237345,"demographic_residential_component":0.1723700887198986,"density_component":0.060836501901140684,"territorial_context_score":0.11660329531051963,"percentile":2.6615969581749046,"relative_level":"very_low"},"geometry":{"type":"Polygon","coordinates":[[[-66.85302299999995,-29.455262339999933],[-66.85219620999999,-29.455249589999937],[-66.85172944999994,-29.455270619999965],[-66.85129395999996,-29.455210259999944],[-66.85077889999997,-29.455249639999977],[-66.85016584999994,-29.45528061999994],[-66.84979955999995,-29.455237849999946],[-66.84917488999997,-29.455111029999955],[-66.84822398999995,-29.455171219999954],[-66.84753077999994,-29.455107969999972],[-66.84620388999997,-29.455197599999963],[-66.84026934999997,-29.456403449999982],[-66.83738130999996,-29.456556959999944],[-66.83130215999995,-29.45812867999996],[-66.83522954999995,-29.46064807999994],[-66.83740477999999,-29.462551429999962],[-66.85657567999993,-29.462208419999968],[-66.85800828999999,-29.46217662999993],[-66.85913722999999,-29.46219641999994],[-66.86041543999994,-29.46219266999998],[-66.86038624999998,-29.463252849999947],[-66.86159922999997,-29.46321342999994],[-66.86438023999995,-29.463186379999968],[-66.86444340999998,-29.462491329999978],[-66.86445004999996,-29.462058269999943],[-66.86439430999997,-29.461806039999942],[-66.86428362999999,-29.461518079999962],[-66.86408524999996,-29.460978099999977],[-66.86363807999999,-29.45990747999997],[-66.86313738999996,-29.458602649999932],[-66.86311627999999,-29.458544149999966],[-66.86290360999993,-29.45801778999993],[-66.86129285999993,-29.458064299999933],[-66.86030688999995,-29.45812480999996],[-66.86010321999998,-29.458175739999945],[-66.85978611999997,-29.458466469999962],[-66.85918648999996,-29.45850190999994],[-66.85791572999995,-29.45852814999995],[-66.85643491999997,-29.45858278999998],[-66.85515911999994,-29.458622569999932],[-66.85387429999997,-29.458693969999956],[-66.85261665999997,-29.458688499999937],[-66.85131847999997,-29.45876445999994],[-66.85005293999996,-29.45879961999998],[-66.84874722999996,-29.45883951999997],[-66.84744045999997,-29.458874909999963],[-66.84615020999996,-29.458914689999972],[-66.84486916999998,-29.458945379999932],[-66.84358925999999,-29.45898958999993],[-66.84065711999995,-29.459053239999946],[-66.84065595999994,-29.458286439999938],[-66.84065493999998,-29.45753768999998],[-66.84065137999994,-29.45685660999993],[-66.84222085999994,-29.45680608999993],[-66.84349359999999,-29.45677096999998],[-66.84478358999996,-29.45670414999995],[-66.84605635999998,-29.456673509999973],[-66.84733718999996,-29.456620259999966],[-66.84860995999998,-29.456589599999973],[-66.84903229999998,-29.456555329999958],[-66.84900822999998,-29.45589242999995],[-66.85153075999995,-29.455795119999948],[-66.85294461999996,-29.45574998999996],[-66.85302299999995,-29.455262339999933]]]}},{"type":"Feature","properties":{"radio_id":"460140116","population":628,"population_density":66.6798096611462,"households":199,"dwellings":392,"area_km2":9.418143260926714,"demographic_residential_component":0.43346007604562736,"density_component":0.030418250950570342,"territorial_context_score":0.23193916349809884,"percentile":11.406844106463879,"relative_level":"very_low"},"geometry":{"type":"Polygon","coordinates":[[[-66.85657567999993,-29.462208419999968],[-66.83740477999999,-29.462551429999962],[-66.83879184999995,-29.465127279999933],[-66.84147664999995,-29.47004493999998],[-66.85327590999998,-29.49186874999998],[-66.86049146999994,-29.505363019999947],[-66.86069846999999,-29.505695469999978],[-66.86079295999997,-29.505893319999984],[-66.86086151999996,-29.50607329999997],[-66.86091093999994,-29.506185739999978],[-66.86100821999997,-29.50634748999994],[-66.86107616999993,-29.50645530999998],[-66.86119914999995,-29.506729659999962],[-66.86129936999998,-29.50699512999995],[-66.86136803999995,-29.50718863999998],[-66.86141577999996,-29.507346199999972],[-66.86154663999997,-29.507575389999943],[-66.86180112999995,-29.50779024999997],[-66.86215319999997,-29.508202939999933],[-66.86245936999995,-29.508430999999973],[-66.86267971999996,-29.50863253999995],[-66.86306357999996,-29.50890068999996],[-66.86317258999998,-29.508985679999967],[-66.86361351999994,-29.50929403999993],[-66.86377771999997,-29.509441829999957],[-66.86414080999998,-29.509692059999963],[-66.86446332999998,-29.50978017999995],[-66.86484065999997,-29.50988597999998],[-66.86526726999995,-29.509964389999936],[-66.86552225999998,-29.50999429999996],[-66.86602776999996,-29.510013569999956],[-66.86638378999999,-29.51003830999997],[-66.86683051999995,-29.510057949999975],[-66.86781126999995,-29.510173339999938],[-66.86800430999995,-29.510194629999944],[-66.86835535999995,-29.510241959999973],[-66.86977909999996,-29.510300309999934],[-66.87034686999993,-29.510364249999952],[-66.87056672999995,-29.510385369999938],[-66.87090926999997,-29.510401169999966],[-66.87114970999994,-29.51041762999995],[-66.87157794999996,-29.510446399999978],[-66.87207815999994,-29.51044762999993],[-66.87233601999998,-29.51045044999995],[-66.87261953999996,-29.51043956999996],[-66.87275562999997,-29.51043416999994],[-66.87302879999999,-29.510418839999943],[-66.87332751999998,-29.510376279999946],[-66.87358807999993,-29.510333979999928],[-66.87375498999995,-29.510314839999978],[-66.87397136999994,-29.51029085999994],[-66.87420633999994,-29.510271279999984],[-66.87434559999997,-29.510274869999932],[-66.87470868999998,-29.510281499999962],[-66.87489752999994,-29.510293789999935],[-66.87521229999999,-29.51031878999993],[-66.87890387999994,-29.510849229999963],[-66.88225796999996,-29.50992039999994],[-66.88182649999999,-29.509282759999962],[-66.88070549999998,-29.506308709999928],[-66.88035526999994,-29.50552167999996],[-66.87866911999998,-29.50372860999994],[-66.87752495999996,-29.502594989999977],[-66.87704807999995,-29.50230494999994],[-66.87620892999996,-29.502098479999972],[-66.87511564999994,-29.50183955999995],[-66.87205661999997,-29.501074809999977],[-66.87114158999998,-29.500796649999984],[-66.87082638999993,-29.500717519999966],[-66.87005905999996,-29.50046543999997],[-66.86917920999997,-29.50007876999996],[-66.86910370999993,-29.50005219999997],[-66.86899985999997,-29.499967179999942],[-66.86893534999996,-29.499899939999978],[-66.86890065999995,-29.499823489999983],[-66.86888259999995,-29.499760459999948],[-66.86839030999994,-29.498022589999948],[-66.86813040999994,-29.49656736999998],[-66.86796650999997,-29.495485909999957],[-66.86790102999998,-29.495062339999947],[-66.86785705999995,-29.494742369999983],[-66.86729271999997,-29.490835379999965],[-66.86707853999997,-29.489537729999938],[-66.86668196999995,-29.487163239999973],[-66.86620767999995,-29.483891649999975],[-66.86611493999999,-29.483292339999934],[-66.86592216999998,-29.482084759999964],[-66.86577776999997,-29.481228689999966],[-66.86548991999996,-29.47950751999997],[-66.86520994999995,-29.47774118999996],[-66.86501147999996,-29.476587759999973],[-66.86490252999994,-29.475898349999966],[-66.86486685999995,-29.47558283999996],[-66.86482801999995,-29.475258329999974],[-66.86475595999997,-29.47466339999994],[-66.86472318999995,-29.47444710999997],[-66.86465448999996,-29.474005519999935],[-66.86436278999997,-29.47206785999998],[-66.86431661999995,-29.471851649999962],[-66.86419427999994,-29.471040529999982],[-66.86409091999997,-29.47040069999997],[-66.86402557999997,-29.46999065999995],[-66.86390022999996,-29.46918858999993],[-66.86370278999993,-29.467787079999937],[-66.86371430999998,-29.46768776999994],[-66.86394382999998,-29.46618424999997],[-66.86401513999994,-29.46547561999995],[-66.86403952999996,-29.46531307999993],[-66.86418470999996,-29.46444158999998],[-66.86432431999998,-29.463885879999964],[-66.86438023999995,-29.463186379999968],[-66.86159922999997,-29.46321342999994],[-66.86038624999998,-29.463252849999947],[-66.86041543999994,-29.46219266999998],[-66.85913722999999,-29.46219641999994],[-66.85800828999999,-29.46217662999993],[-66.85657567999993,-29.462208419999968]]]}},{"type":"Feature","properties":{"radio_id":"460140201","population":124,"population_density":0.044151877759889886,"households":40,"dwellings":44,"area_km2":2808.487572699541,"demographic_residential_component":0.005069708491761723,"density_component":0.0038022813688212928,"territorial_context_score":0.004435994930291508,"percentile":0.38022813688212925,"relative_level":"very_low"},"geometry":{"type":"Polygon","coordinates":[[[-66.37470034999996,-28.767489009999963],[-66.37542483999994,-28.768208799999968],[-66.37605384999995,-28.768716819999952],[-66.37677756999994,-28.76850277999995],[-66.37706562999995,-28.768163629999947],[-66.37764477999997,-28.76832892999994],[-66.37832107999998,-28.768457859999955],[-66.37894796999996,-28.768370389999973],[-66.37933255999997,-28.76853622999994],[-66.37967308999998,-28.76925707999993],[-66.37938638999998,-28.769970669999964],[-66.37905107999995,-28.77069340999998],[-66.37861756999996,-28.771163799999954],[-66.37828269999994,-28.77201285999996],[-66.37794646999998,-28.772482969999942],[-66.37741789999995,-28.77286339999995],[-66.37708195999994,-28.773419219999937],[-66.37708455999996,-28.774141019999945],[-66.37728124999995,-28.774731449999933],[-66.37752404999998,-28.77532625999993],[-66.37786366999995,-28.775794479999945],[-66.37839575999993,-28.776383969999983],[-66.37912427999998,-28.77748718999993],[-66.37936800999995,-28.77833462999996],[-66.37995061999999,-28.77943824999994],[-66.38038576999998,-28.78011822999997],[-66.38048551999998,-28.780794639999954],[-66.38039038999995,-28.781390389999956],[-66.37976541999996,-28.78202823999993],[-66.37938337999998,-28.782584199999974],[-66.37914561999997,-28.783387879999964],[-66.37938937999996,-28.784239819999982],[-66.37988080999997,-28.784901599999955],[-66.38070305999997,-28.785706799999957],[-66.38167001999994,-28.78616872999993],[-66.38244332999994,-28.78688834999997],[-66.38259160999996,-28.787528529999975],[-66.38235356999996,-28.788250999999946],[-66.38211247999993,-28.788842659999943],[-66.38187473999994,-28.78965084999993],[-66.38207304999997,-28.790669839999964],[-66.38212207999999,-28.791477209999982],[-66.38260911999998,-28.792323949999968],[-66.38285120999996,-28.792706719999956],[-66.38396381999996,-28.79376370999995],[-66.38478887999997,-28.794609479999963],[-66.38514737999998,-28.795307699999967],[-66.38546451999997,-28.795902289999958],[-66.38578152999997,-28.796456269999965],[-66.38600890999999,-28.797010499999942],[-66.38655111999998,-28.797527749999972],[-66.38722873999995,-28.797958879999953],[-66.38776977999999,-28.798155829999928],[-66.38840059999995,-28.79839310999995],[-66.38867350999993,-28.79878931999997],[-66.38858489999996,-28.799064759999965],[-66.38772764999999,-28.79922511999996],[-66.38763935999998,-28.799586269999963],[-66.38764125999995,-28.800100549999968],[-66.38795929999998,-28.800929709999934],[-66.38832198999995,-28.801366259999952],[-66.38836998999994,-28.80188039999996],[-66.38868643999996,-28.802276479999932],[-66.38895620999995,-28.802514799999983],[-66.38972232999998,-28.802629879999984],[-66.39062520999994,-28.803024259999972],[-66.39139193999995,-28.803301739999938],[-66.39193211999998,-28.803259569999966],[-66.39211244999996,-28.80286205999994],[-66.39215434999994,-28.802424349999967],[-66.39251482999998,-28.802265399999953],[-66.39300964999995,-28.80242185999998],[-66.39332808999995,-28.80266002999997],[-66.39391209999997,-28.802698929999963],[-66.39409271999995,-28.80237809999994],[-66.39368376999994,-28.80190560999995],[-66.39336714999996,-28.80146893999995],[-66.39332183999994,-28.80099538999997],[-66.39327499999996,-28.800797029999956],[-66.39399531999999,-28.80099342999995],[-66.39462901999997,-28.80130736999996],[-66.39512458999997,-28.801662309999983],[-66.39593756999994,-28.80198021999996],[-66.39643373999996,-28.802493049999953],[-66.39661825999997,-28.803205289999937],[-66.39666479999994,-28.803999129999966],[-66.39657770999997,-28.804671559999974],[-66.39685186999998,-28.80538353999998],[-66.39703322999998,-28.80593788999994],[-66.39752838999993,-28.806175529999962],[-66.39793571999996,-28.806214929999953],[-66.39865441999996,-28.805973709999932],[-66.39901383999995,-28.805535059999954],[-66.39986842999997,-28.80533853999998],[-66.40032018999995,-28.805612389999965],[-66.40077523999997,-28.80607569999995],[-66.40091416999996,-28.80690986999997],[-66.40068985999994,-28.80718571999995],[-66.40028389999998,-28.807507219999934],[-66.39974445999997,-28.80774791999994],[-66.39934147999998,-28.808182189999968],[-66.39902906999998,-28.808859799999937],[-66.39898537999994,-28.80949150999993],[-66.39916977999997,-28.810167649999983],[-66.39971150999997,-28.810522429999935],[-66.40029646999994,-28.81079588999995],[-66.40088400999997,-28.81107383999995],[-66.40147016999998,-28.81099089999998],[-66.40173998999995,-28.81122918999995],[-66.40223803999999,-28.811543489999963],[-66.40295814999996,-28.81166314999996],[-66.40349958999997,-28.81193671999995],[-66.40422271999995,-28.812173649999977],[-66.40480570999995,-28.811932809999973],[-66.40480417999999,-28.81153581999996],[-66.40444501999997,-28.81137900999994],[-66.40475819999995,-28.810904389999962],[-66.40507165999998,-28.810506459999942],[-66.40543305999995,-28.810582059999945],[-66.40570349999996,-28.81097823999994],[-66.40566118999993,-28.81129414999998],[-66.40615561999994,-28.811333269999977],[-66.40674086999996,-28.811015719999943],[-66.40710001999997,-28.811172529999965],[-66.40750875999998,-28.81156828999997],[-66.40791524999997,-28.81204073999993],[-66.40796259999996,-28.81236088999998],[-66.40764912999998,-28.81275882999995],[-66.40755939999997,-28.813390669999933],[-66.40742837999994,-28.813945949999948],[-66.40765561999996,-28.814423459999944],[-66.40810503999995,-28.814737889999947],[-66.40869120999997,-28.814654909999945],[-66.40927661999996,-28.814377949999937],[-66.41013170999997,-28.814294149999967],[-66.41076204999996,-28.81437343999994],[-66.41107845999994,-28.814728859999946],[-66.41101965999997,-28.814756109999962],[-66.41091991999997,-28.814792499999953],[-66.41075844999995,-28.814761419999968],[-66.41034228999996,-28.816400259999966],[-66.41042848999996,-28.81748269999997],[-66.41065267999994,-28.818483509999965],[-66.41071015999995,-28.819426189999945],[-66.41032444999996,-28.820343139999977],[-66.40985377999993,-28.821152079999933],[-66.40893645999995,-28.821709749999968],[-66.40782699999994,-28.82160031999996],[-66.40668614999998,-28.821324069999946],[-66.40554796999999,-28.82107486999996],[-66.40460361999993,-28.82127167999994],[-66.40404826999998,-28.82204927999993],[-66.40366623999995,-28.82394062999998],[-66.40333400999998,-28.824798759999965],[-66.40239069999996,-28.825275259999955],[-66.40147542999995,-28.82572007999994],[-66.40111512999994,-28.82660986999997],[-66.40147958999995,-28.82747042999995],[-66.40195173999996,-28.828357739999944],[-66.40251110999998,-28.829276359999938],[-66.40292937999993,-28.83013675999996],[-66.40293044999999,-28.831079599999953],[-66.40240619999997,-28.831969879999974],[-66.40124207999997,-28.83366505999993],[-66.39984388999994,-28.836187292999966],[-66.40139329999994,-28.837828479999928],[-66.40265040999998,-28.840179589999934],[-66.40350077999994,-28.842802579999955],[-66.40403850999996,-28.846184389999962],[-66.40435239999994,-28.85050519999993],[-66.40412795999998,-28.853420119999953],[-66.40309812999993,-28.85610737999997],[-66.40219992999994,-28.858392729999935],[-66.40045425999995,-28.860721199999944],[-66.39782755999994,-28.863981559999957],[-66.39360090999998,-28.867837519999966],[-66.39122908999997,-28.86946845999995],[-66.38862542999993,-28.87079326999998],[-66.38441608999995,-28.872275989999935],[-66.37992929999996,-28.87303756999995],[-66.36479326999995,-28.87346734999994],[-66.35271560999996,-28.874144589999958],[-66.34664238999994,-28.87417838999994],[-66.33764404999994,-28.874634309999976],[-66.32220176999994,-28.87960286999993],[-66.31975253099995,-28.88021584699993],[-66.31657872999995,-28.88267479999996],[-66.31577338999995,-28.88331728999998],[-66.31494248999996,-28.88398688999996],[-66.31408329999994,-28.884624979999955],[-66.31313919999997,-28.885154989999933],[-66.31205618999996,-28.885518399999967],[-66.31094705999993,-28.885714949999965],[-66.30977862999998,-28.88579883999995],[-66.30864071999997,-28.885801449999974],[-66.30708477099995,-28.885860459999947],[-66.30520246999998,-28.88723933999995],[-66.30250218999998,-28.889365699999928],[-66.30011301999997,-28.89097703999994],[-66.29751279999994,-28.892309099999977],[-66.29635087399998,-28.892736042999957],[-66.28632358999994,-28.896420509999928],[-66.27682410999995,-28.89894408999993],[-66.27055215999997,-28.90001695999996],[-66.26436938999996,-28.90112997999995],[-66.26279897999996,-28.90127289999998],[-66.25979209999997,-28.901409549999983],[-66.25676731999994,-28.90135670999996],[-66.25071699999995,-28.900939539999968],[-66.24573269999996,-28.90037578999994],[-66.24176304999997,-28.899620579999976],[-66.23731103999995,-28.898631509999973],[-66.23315518999993,-28.89708239999993],[-66.22809951999994,-28.89422641999994],[-66.22073615999994,-28.889334969999936],[-66.17056148999995,-28.910164019999968],[-66.11143107099997,-28.939539683999953],[-66.10892597399999,-28.940784201999975],[-66.10887484999995,-28.940809599999966],[-65.97645355999998,-29.055489689999945],[-66.45685042999997,-29.231072369999936],[-66.47298167999998,-29.376943729999937],[-66.54763258999998,-29.41579829999995],[-66.55098220999997,-29.41842780999997],[-66.56315466999996,-29.41187235999996],[-66.56317007999996,-29.41186326999997],[-66.57111666999998,-29.39626271999998],[-66.62111976999995,-29.287039859999936],[-66.67359096999996,-29.190767569999934],[-66.69703373999994,-29.154434159999937],[-66.80985153999995,-29.098925149999957],[-66.80864510999999,-29.09544551999994],[-66.80754738999997,-29.09127505999993],[-66.80638731999994,-29.087132029999964],[-66.80508993999996,-29.083016869999938],[-66.80373015999999,-29.078920109999956],[-66.80237349999999,-29.07481428999995],[-66.80057952999994,-29.070846399999937],[-66.79823717999994,-29.067125319999946],[-66.79485036999995,-29.064032899999972],[-66.79147216999996,-29.06069673999997],[-66.78412558999997,-29.055592899999965],[-66.77641927999997,-29.048424719999957],[-66.74002165999997,-28.874090469999942],[-66.74002325999999,-28.874027299999966],[-66.73655082999994,-28.857201989999965],[-66.73576707999996,-28.853597409999963],[-66.73550846999996,-28.85179889999995],[-66.66426814999994,-28.829315269999938],[-66.35122808199998,-28.731457905999946],[-66.35167249999995,-28.73208304999997],[-66.35220450999998,-28.732758369999942],[-66.35230403999998,-28.733439319999945],[-66.35245033999996,-28.73433216999996],[-66.35224512999997,-28.734950759999947],[-66.35205361999994,-28.735844499999928],[-66.35200997999993,-28.736566419999974],[-66.35230214999996,-28.737454389999982],[-66.35273678999994,-28.73808934999994],[-66.35375124999996,-28.738384439999948],[-66.35505678999994,-28.739233659999968],[-66.35669773999996,-28.740118069999937],[-66.35800286999995,-28.740836429999945],[-66.35867727999994,-28.74121809999997],[-66.35945091999997,-28.741428079999935],[-66.36027120999995,-28.741809349999983],[-66.36099695999997,-28.74223147999993],[-66.36200965999996,-28.742738549999956],[-66.36297716999997,-28.74349836999994],[-66.36326856999995,-28.744133679999948],[-66.36413899999997,-28.744938859999934],[-66.36515489999994,-28.74561731999995],[-66.36602371999999,-28.745953319999956],[-66.36621685999995,-28.746291149999934],[-66.36592897999998,-28.74667538999995],[-66.36573892999996,-28.74722627999995],[-66.36588449999994,-28.74786648999998],[-66.36636985999996,-28.74832983999994],[-66.36690056999998,-28.748585539999965],[-66.36767471999997,-28.74892178999994],[-66.36806056999995,-28.749471109999945],[-66.36806235999995,-28.74998088999996],[-66.36840230999996,-28.75057544999993],[-66.36893376999996,-28.751038669999957],[-66.36914630999996,-28.75179597999994],[-66.36934035999997,-28.752386429999945],[-66.36968061999994,-28.753066709999928],[-66.36934559999997,-28.753875139999934],[-66.36920523999999,-28.75472364999996],[-66.36935081999997,-28.755359349999935],[-66.36959697999998,-28.756206799999973],[-66.36979239999994,-28.757185209999932],[-66.37061435999993,-28.757990479999933],[-66.37129431999995,-28.759175079999977],[-66.37163625999995,-28.76032000999993],[-66.37164228999995,-28.762020749999976],[-66.37203377999998,-28.763418169999966],[-66.37246895999994,-28.76413877999994],[-66.37276063999997,-28.76481917999996],[-66.37295730999995,-28.765414129999954],[-66.37329521999999,-28.766134999999963],[-66.37416875999998,-28.767021299999953],[-66.37470034999996,-28.767489009999963]]]}},{"type":"Feature","properties":{"radio_id":"460140202","population":422,"population_density":0.17162758157000407,"households":130,"dwellings":199,"area_km2":2458.81224998718,"demographic_residential_component":0.06970849176172371,"density_component":0.015209125475285171,"territorial_context_score":0.04245880861850444,"percentile":1.9011406844106464,"relative_level":"very_low"},"geometry":{"type":"Polygon","coordinates":[[[-65.75149198899999,-29.28131435199998],[-65.74254899999994,-29.281315809999967],[-65.74225570999994,-29.281315249999977],[-65.74074337999997,-29.28420835999998],[-65.73747824999998,-29.290359449999983],[-65.73332811999995,-29.298285999999962],[-65.72965312999997,-29.305342759999974],[-65.72588996999997,-29.312462379999943],[-65.72174297999999,-29.320465229999968],[-65.72085549999997,-29.322195569999963],[-65.72065495999993,-29.323061249999967],[-65.72060351999994,-29.323994909999954],[-65.72071421999993,-29.324928899999975],[-65.72082747999997,-29.325867409999944],[-65.72096895999994,-29.32684206999994],[-65.72108205999996,-29.327843729999984],[-65.72122606999994,-29.328836439999975],[-65.72122830999996,-29.329905529999962],[-65.72102472999995,-29.330938109999977],[-65.72040955999995,-29.33282689999993],[-65.71977139999996,-29.33463895999995],[-65.71930404999995,-29.33610853999994],[-65.71835628999997,-29.339101789999972],[-65.71827910999997,-29.34002185999998],[-65.71831005999996,-29.340937639999936],[-65.71836665999996,-29.341885049999973],[-65.71839992999998,-29.34382932999995],[-65.71845901999995,-29.345746599999984],[-65.71852052999998,-29.34771799999993],[-65.71854873999996,-29.348692409999956],[-65.71858200999998,-29.350641199999984],[-65.71867167999994,-29.353609569999946],[-65.71873069999998,-29.35555389999996],[-65.71888227999995,-29.360358339999948],[-65.71888922299996,-29.36057886599997],[-65.71909304999997,-29.367052959999967],[-65.71927498999997,-29.373941489999936],[-65.71945486999994,-29.379711309999948],[-65.71966583999995,-29.387299069999983],[-65.71990749999998,-29.39497259999996],[-65.72011787999998,-29.401856649999957],[-65.72024086999994,-29.407734579999953],[-65.72006805999996,-29.408758189999958],[-65.71980776999999,-29.409745519999944],[-65.71951382999998,-29.410786919999964],[-65.71615337599997,-29.41869553199996],[-66.05346668999994,-29.413092269999936],[-66.05564444999999,-29.41402512999997],[-66.09473029999998,-29.43077907999998],[-66.39380165999995,-29.549942579999936],[-66.44318299999998,-29.505071949999945],[-66.49006306999996,-29.526135029999978],[-66.49968206999995,-29.45678689999994],[-66.52046760999997,-29.44101876999997],[-66.54613835999999,-29.422516489999964],[-66.54828879999997,-29.420951429999946],[-66.55098220999997,-29.41842780999997],[-66.54763258999998,-29.41579829999995],[-66.47298167999998,-29.376943729999937],[-66.45685042999997,-29.231072369999936],[-65.97645355999998,-29.055489689999945],[-65.94545333999997,-29.08111292999996],[-65.92645810999994,-29.097420579999948],[-65.90817947999994,-29.113369599999942],[-65.88846881999996,-29.13039305999996],[-65.86494492499997,-29.14985282599997],[-65.85630466999999,-29.157000339999968],[-65.83798091999995,-29.17300721999993],[-65.82942589999993,-29.180475919999935],[-65.82978517999999,-29.224377749999974],[-65.82933724999998,-29.252602559999957],[-65.81730700599996,-29.25664788699993],[-65.75278466999998,-29.278344369999957],[-65.75149198899999,-29.28131435199998]]]}},{"type":"Feature","properties":{"radio_id":"460140301","population":122,"population_density":0.14932578625006077,"households":42,"dwellings":74,"area_km2":817.005575953901,"demographic_residential_component":0.0063371356147021544,"density_component":0.011406844106463879,"territorial_context_score":0.008871989860583017,"percentile":0.7604562737642585,"relative_level":"very_low"},"geometry":{"type":"Polygon","coordinates":[[[-66.49006306999996,-29.526135029999978],[-66.44318299999998,-29.505071949999945],[-66.39380165999995,-29.549942579999936],[-66.09473029999998,-29.43077907999998],[-66.05564444999999,-29.41402512999997],[-66.43997226999994,-29.904963859999953],[-66.44367826999996,-29.874397259999967],[-66.45250705999996,-29.807692519999932],[-66.46260016999997,-29.73283602999993],[-66.48086574999996,-29.596251639999934],[-66.49043606999999,-29.526476469999977],[-66.49045797999997,-29.526313999999957],[-66.49006306999996,-29.526135029999978]]]}},{"type":"Feature","properties":{"radio_id":"460140302","population":214,"population_density":0.06385516724211364,"households":68,"dwellings":116,"area_km2":3351.3341087745694,"demographic_residential_component":0.016476552598225603,"density_component":0.0076045627376425855,"territorial_context_score":0.012040557667934094,"percentile":1.1406844106463878,"relative_level":"very_low"},"geometry":{"type":"Polygon","coordinates":[[[-65.58916089999997,-29.715568709999957],[-65.54034846699994,-29.827173307999942],[-65.66418162999997,-29.82668728999994],[-65.70008996999996,-29.826015909999967],[-65.81822510999996,-29.858572239999944],[-66.10110517999993,-29.937340999999947],[-66.10116008999995,-29.937358999999958],[-66.11991336999995,-29.942286819999936],[-66.41213274999996,-30.01865442999997],[-66.43995218999999,-29.905108259999963],[-66.43997226999994,-29.904963859999953],[-66.05564444999999,-29.41402512999997],[-66.05346668999994,-29.413092269999936],[-65.71615337599997,-29.41869553199996],[-65.67221723999995,-29.522096379999937],[-65.58916089999997,-29.715568709999957]]]}},{"type":"Feature","properties":{"radio_id":"460140401","population":788,"population_density":668.4450212729597,"households":234,"dwellings":284,"area_km2":1.1788553656953935,"demographic_residential_component":0.46514575411913817,"density_component":0.09125475285171103,"territorial_context_score":0.2782002534854246,"percentile":17.110266159695815,"relative_level":"very_low"},"geometry":{"type":"Polygon","coordinates":[[[-66.82230632999995,-29.368927649999932],[-66.82063720999997,-29.370128749999935],[-66.82061980999998,-29.370142389999955],[-66.82020712999997,-29.37043811999996],[-66.82023823999998,-29.370464999999967],[-66.82020733999997,-29.370465189999948],[-66.82125681999997,-29.37161796999993],[-66.82127759999997,-29.371640399999933],[-66.82135552999995,-29.37172561999995],[-66.82223099999999,-29.372626869999976],[-66.82317089999998,-29.373595379999983],[-66.82318854999994,-29.373613319999947],[-66.82392591999997,-29.37437106999994],[-66.82557208999998,-29.37606592999998],[-66.82683192999997,-29.377361709999946],[-66.82739189999995,-29.378210749999937],[-66.82912089999996,-29.380834249999964],[-66.82970085999995,-29.380587059999982],[-66.83334044999998,-29.380776369999978],[-66.83408279999998,-29.381497939999974],[-66.83602883999998,-29.38329903999994],[-66.83697347999998,-29.38419073999995],[-66.83737592999995,-29.38453101999994],[-66.83791070999996,-29.38505540999995],[-66.83804284999997,-29.38521696999993],[-66.83833629999998,-29.38545418999996],[-66.83854517999998,-29.385552109999935],[-66.83880125999997,-29.38562717999997],[-66.83893787999995,-29.385707509999975],[-66.83928326999995,-29.385745929999928],[-66.83987060999993,-29.385769299999936],[-66.84031384999997,-29.385807099999965],[-66.84056536999998,-29.38658134999997],[-66.84166840999995,-29.387309629999947],[-66.84071963999997,-29.384672359999968],[-66.84155149999998,-29.384369409999977],[-66.84100625999997,-29.38382705999993],[-66.84054043999998,-29.383297739999932],[-66.83929810999996,-29.383788209999977],[-66.83901372999998,-29.383275779999963],[-66.83878960999994,-29.38269982999998],[-66.83927474999996,-29.38156910999993],[-66.83897210999999,-29.38134096999994],[-66.83781469999997,-29.380252149999933],[-66.83679879999994,-29.379207549999933],[-66.83590929999997,-29.378126049999935],[-66.83548399999995,-29.377758839999956],[-66.83458676999999,-29.37698862999997],[-66.83359469999994,-29.375952859999984],[-66.83214028999998,-29.37442380999994],[-66.83096626999998,-29.373172649999958],[-66.82830462999993,-29.370342969999967],[-66.82736037999996,-29.370493169999975],[-66.82648336999995,-29.370552739999937],[-66.82498674999994,-29.37053493999997],[-66.82417107999999,-29.370282869999983],[-66.82361598999995,-29.369776599999966],[-66.82296141999996,-29.36932054999994],[-66.82230632999995,-29.368927649999932]]]}},{"type":"Feature","properties":{"radio_id":"460140402","population":925,"population_density":1696.7463205488891,"households":305,"dwellings":316,"area_km2":0.5451610466441248,"demographic_residential_component":0.6653992395437262,"density_component":0.18250950570342206,"territorial_context_score":0.4239543726235741,"percentile":34.60076045627377,"relative_level":"low"},"geometry":{"type":"Polygon","coordinates":[[[-66.84344579999998,-29.380875209999942],[-66.84231831999995,-29.38092292999994],[-66.84091548999999,-29.38130616999996],[-66.83927474999996,-29.38156910999993],[-66.83878960999994,-29.38269982999998],[-66.83901372999998,-29.383275779999963],[-66.83929810999996,-29.383788209999977],[-66.84054043999998,-29.383297739999932],[-66.84100625999997,-29.38382705999993],[-66.84155149999998,-29.384369409999977],[-66.84071963999997,-29.384672359999968],[-66.84166840999995,-29.387309629999947],[-66.84267549999998,-29.387393479999957],[-66.84329697999993,-29.38743465999994],[-66.84432719999995,-29.38745068999998],[-66.84477597999995,-29.387533549999944],[-66.84505140999994,-29.387581419999947],[-66.84531711999995,-29.387575219999974],[-66.84557716999996,-29.387632209999936],[-66.84600309999996,-29.38769265999997],[-66.84661160999997,-29.38778351999997],[-66.84775406999995,-29.388042389999953],[-66.84785984999996,-29.388997979999942],[-66.84783716999993,-29.389367989999982],[-66.84803523999994,-29.389650909999943],[-66.84814316999996,-29.389871239999934],[-66.84852075999999,-29.390437179999935],[-66.84898498999996,-29.391137889999982],[-66.84930681999998,-29.391686139999933],[-66.84968615999998,-29.392459549999955],[-66.84998862999998,-29.39315677999997],[-66.85019575999996,-29.39366064999996],[-66.85117966999996,-29.39330253999998],[-66.85113259999997,-29.393217139999933],[-66.85199016999997,-29.39290492999993],[-66.85319656999997,-29.392423599999972],[-66.85369980999997,-29.392239949999976],[-66.85336784999998,-29.39196241999997],[-66.85288430999998,-29.39141971999993],[-66.85280618999997,-29.391316479999944],[-66.85256470999997,-29.391142109999976],[-66.85207046999994,-29.39079794999998],[-66.85185512999993,-29.390668509999955],[-66.85176505999993,-29.390614959999937],[-66.85129904999997,-29.39032022999993],[-66.85114062999997,-29.390222009999945],[-66.85052113999996,-29.38968017999997],[-66.85025166999998,-29.389483429999927],[-66.84990144999995,-29.389237569999977],[-66.84908980999995,-29.388502999999957],[-66.84896254999995,-29.38843614999996],[-66.84862396999995,-29.38797821999998],[-66.84812138999996,-29.386998089999963],[-66.84793077999996,-29.386620409999978],[-66.84778184999993,-29.38642288999995],[-66.84732690999994,-29.38621828999993],[-66.84546055999994,-29.383744759999956],[-66.84470752999994,-29.382364759999973],[-66.84344579999998,-29.380875209999942]]]}},{"type":"Feature","properties":{"radio_id":"460140403","population":998,"population_density":2541.6222544015654,"households":352,"dwellings":385,"area_km2":0.39266259896476347,"demographic_residential_component":0.8276299112801014,"density_component":0.2661596958174905,"territorial_context_score":0.5468948035487959,"percentile":57.414448669201526,"relative_level":"medium"},"geometry":{"type":"Polygon","coordinates":[[[-66.84166840999995,-29.387309629999947],[-66.84056536999998,-29.38658134999997],[-66.84060462999997,-29.386720929999967],[-66.84078318999997,-29.387139299999944],[-66.84105549999998,-29.387935969999944],[-66.84147388999997,-29.388456559999952],[-66.84196138999994,-29.38886395999998],[-66.84234983999994,-29.389375719999975],[-66.84245383999996,-29.389496849999944],[-66.84265320999998,-29.389689549999957],[-66.84362763999997,-29.390680239999938],[-66.84387899999996,-29.390931249999937],[-66.84408160999993,-29.39114195999997],[-66.84429489999997,-29.39139771999993],[-66.84445067999997,-29.39155009999996],[-66.84491072999998,-29.391998249999972],[-66.84515484999997,-29.39224478999995],[-66.84570105999995,-29.392895369999962],[-66.84638864999994,-29.393576619999976],[-66.84648214999999,-29.393670749999956],[-66.84691627999996,-29.39409650999994],[-66.84708777999998,-29.394280349999974],[-66.84743599999996,-29.39465703999997],[-66.84800959999995,-29.39525330999993],[-66.84876305999995,-29.396294979999936],[-66.84932913999995,-29.39623273999996],[-66.84901670999994,-29.395206299999984],[-66.84915695999996,-29.39447918999997],[-66.84975855999994,-29.394353569999964],[-66.85041635999994,-29.394173459999934],[-66.85019575999996,-29.39366064999996],[-66.84998862999998,-29.39315677999997],[-66.84968615999998,-29.392459549999955],[-66.84930681999998,-29.391686139999933],[-66.84898498999996,-29.391137889999982],[-66.84852075999999,-29.390437179999935],[-66.84814316999996,-29.389871239999934],[-66.84803523999994,-29.389650909999943],[-66.84783716999993,-29.389367989999982],[-66.84785984999996,-29.388997979999942],[-66.84775406999995,-29.388042389999953],[-66.84661160999997,-29.38778351999997],[-66.84600309999996,-29.38769265999997],[-66.84557716999996,-29.387632209999936],[-66.84531711999995,-29.387575219999974],[-66.84505140999994,-29.387581419999947],[-66.84477597999995,-29.387533549999944],[-66.84432719999995,-29.38745068999998],[-66.84329697999993,-29.38743465999994],[-66.84267549999998,-29.387393479999957],[-66.84166840999995,-29.387309629999947]]]}},{"type":"Feature","properties":{"radio_id":"460140404","population":1004,"population_density":1491.355424151717,"households":342,"dwellings":354,"area_km2":0.6732130944379507,"demographic_residential_component":0.7896070975918885,"density_component":0.16730038022813687,"territorial_context_score":0.4784537389100127,"percentile":44.48669201520912,"relative_level":"low"},"geometry":{"type":"Polygon","coordinates":[[[-66.82970085999995,-29.380587059999982],[-66.82912089999996,-29.380834249999964],[-66.82986368999997,-29.381993379999983],[-66.83108945999999,-29.383898269999975],[-66.83241805999995,-29.38602803999993],[-66.83321657999994,-29.38731760999997],[-66.83370543999996,-29.387264939999966],[-66.83381741999995,-29.387480749999952],[-66.83432070999999,-29.388185779999958],[-66.83466165999994,-29.38868883999993],[-66.83536365999998,-29.389757979999956],[-66.83608219999996,-29.389825649999977],[-66.83798778999994,-29.39006176999993],[-66.84001607999994,-29.39031061999998],[-66.83989776999994,-29.39095638999993],[-66.84106278999997,-29.39107533999993],[-66.84173601999998,-29.39114325999998],[-66.84353715999998,-29.39132583999998],[-66.84429489999997,-29.39139771999993],[-66.84408160999993,-29.39114195999997],[-66.84387899999996,-29.390931249999937],[-66.84362763999997,-29.390680239999938],[-66.84265320999998,-29.389689549999957],[-66.84245383999996,-29.389496849999944],[-66.84234983999994,-29.389375719999975],[-66.84196138999994,-29.38886395999998],[-66.84147388999997,-29.388456559999952],[-66.84105549999998,-29.387935969999944],[-66.84078318999997,-29.387139299999944],[-66.84060462999997,-29.386720929999967],[-66.84056536999998,-29.38658134999997],[-66.84031384999997,-29.385807099999965],[-66.83987060999993,-29.385769299999936],[-66.83928326999995,-29.385745929999928],[-66.83893787999995,-29.385707509999975],[-66.83880125999997,-29.38562717999997],[-66.83854517999998,-29.385552109999935],[-66.83833629999998,-29.38545418999996],[-66.83804284999997,-29.38521696999993],[-66.83791070999996,-29.38505540999995],[-66.83737592999995,-29.38453101999994],[-66.83697347999998,-29.38419073999995],[-66.83602883999998,-29.38329903999994],[-66.83408279999998,-29.381497939999974],[-66.83334044999998,-29.380776369999978],[-66.82970085999995,-29.380587059999982]]]}},{"type":"Feature","properties":{"radio_id":"460140405","population":881,"population_density":5130.697472247927,"households":300,"dwellings":313,"area_km2":0.17171154697102126,"demographic_residential_component":0.6387832699619772,"density_component":0.6349809885931559,"territorial_context_score":0.6368821292775666,"percentile":75.2851711026616,"relative_level":"high"},"geometry":{"type":"Polygon","coordinates":[[[-66.84001607999994,-29.39031061999998],[-66.83798778999994,-29.39006176999993],[-66.83608219999996,-29.389825649999977],[-66.83536365999998,-29.389757979999956],[-66.83579684999995,-29.39045441999997],[-66.83585945999994,-29.390553259999933],[-66.83627367999998,-29.39119568999996],[-66.83675359999995,-29.39193692999993],[-66.83712948999994,-29.39255253999994],[-66.83772554999996,-29.39262997999998],[-66.83804730999998,-29.392673069999944],[-66.83919188999994,-29.392810209999936],[-66.83928276999995,-29.392209719999983],[-66.83971054999995,-29.39224310999998],[-66.84069527999998,-29.39235868999998],[-66.84088805999994,-29.392375519999973],[-66.84155092999998,-29.392434479999963],[-66.84203256999996,-29.39250360999995],[-66.84335017999996,-29.392635109999958],[-66.84413588999996,-29.39272485999993],[-66.84471851999996,-29.392797849999965],[-66.84570105999995,-29.392895369999962],[-66.84515484999997,-29.39224478999995],[-66.84491072999998,-29.391998249999972],[-66.84445067999997,-29.39155009999996],[-66.84429489999997,-29.39139771999993],[-66.84353715999998,-29.39132583999998],[-66.84173601999998,-29.39114325999998],[-66.84106278999997,-29.39107533999993],[-66.83989776999994,-29.39095638999993],[-66.84001607999994,-29.39031061999998]]]}},{"type":"Feature","properties":{"radio_id":"460140406","population":800,"population_density":2163.163990234359,"households":288,"dwellings":293,"area_km2":0.36982864156930023,"demographic_residential_component":0.5690747782002535,"density_component":0.22433460076045628,"territorial_context_score":0.3967046894803549,"percentile":30.038022813688215,"relative_level":"low"},"geometry":{"type":"Polygon","coordinates":[[[-66.83712948999994,-29.39255253999994],[-66.83630195999996,-29.392386319999957],[-66.83674711999998,-29.393033069999944],[-66.83712242999997,-29.393829099999948],[-66.83820988999997,-29.39554082999996],[-66.83864349999993,-29.39628235999993],[-66.83901223999999,-29.39690250999996],[-66.83929389999997,-29.397329249999927],[-66.83964557999997,-29.39787732999997],[-66.84005053999994,-29.398515289999978],[-66.84058830999999,-29.398516409999957],[-66.84140749999995,-29.398538309999935],[-66.84318374999998,-29.39868495999997],[-66.84321706999998,-29.398102869999946],[-66.84303656999998,-29.39807694999996],[-66.84309102999998,-29.39743608999993],[-66.84316117999998,-29.39694849999995],[-66.84423120999998,-29.397031939999977],[-66.84430462999995,-29.39694125999995],[-66.84433231999998,-29.396801249999953],[-66.84430205999996,-29.396630039999934],[-66.84426376999994,-29.396359639999957],[-66.84424009999998,-29.396237999999983],[-66.84419509999998,-29.39615258999993],[-66.84408420999995,-29.39607209999997],[-66.84399589999998,-29.395982439999955],[-66.84393006999994,-29.39587008999996],[-66.84392166999999,-29.39572580999993],[-66.84394862999994,-29.395621889999973],[-66.84397881999996,-29.395535999999936],[-66.84402446999997,-29.395449999999983],[-66.84411403999997,-29.395318629999963],[-66.84420283999998,-29.395218829999976],[-66.84428766999997,-29.395137099999943],[-66.84436958999999,-29.395077939999965],[-66.84445117999996,-29.39497818999996],[-66.84453378999996,-29.394377749999933],[-66.84460519999993,-29.39404350999996],[-66.84466565999998,-29.393506359999947],[-66.84325281999998,-29.39332134999995],[-66.84335017999996,-29.392635109999958],[-66.84203256999996,-29.39250360999995],[-66.84155092999998,-29.392434479999963],[-66.84088805999994,-29.392375519999973],[-66.84069527999998,-29.39235868999998],[-66.83971054999995,-29.39224310999998],[-66.83928276999995,-29.392209719999983],[-66.83919188999994,-29.392810209999936],[-66.83804730999998,-29.392673069999944],[-66.83772554999996,-29.39262997999998],[-66.83712948999994,-29.39255253999994]]]}},{"type":"Feature","properties":{"radio_id":"460140407","population":757,"population_density":2491.561590926686,"households":267,"dwellings":280,"area_km2":0.3038255216153212,"demographic_residential_component":0.49556400506970855,"density_component":0.2585551330798479,"territorial_context_score":0.3770595690747782,"percentile":27.376425855513308,"relative_level":"low"},"geometry":{"type":"Polygon","coordinates":[[[-66.84570105999995,-29.392895369999962],[-66.84471851999996,-29.392797849999965],[-66.84413588999996,-29.39272485999993],[-66.84335017999996,-29.392635109999958],[-66.84325281999998,-29.39332134999995],[-66.84466565999998,-29.393506359999947],[-66.84460519999993,-29.39404350999996],[-66.84453378999996,-29.394377749999933],[-66.84445117999996,-29.39497818999996],[-66.84436958999999,-29.395077939999965],[-66.84428766999997,-29.395137099999943],[-66.84420283999998,-29.395218829999976],[-66.84411403999997,-29.395318629999963],[-66.84402446999997,-29.395449999999983],[-66.84397881999996,-29.395535999999936],[-66.84394862999994,-29.395621889999973],[-66.84392166999999,-29.39572580999993],[-66.84393006999994,-29.39587008999996],[-66.84399589999998,-29.395982439999955],[-66.84408420999995,-29.39607209999997],[-66.84419509999998,-29.39615258999993],[-66.84424009999998,-29.396237999999983],[-66.84426376999994,-29.396359639999957],[-66.84430205999996,-29.396630039999934],[-66.84433231999998,-29.396801249999953],[-66.84430462999995,-29.39694125999995],[-66.84423120999998,-29.397031939999977],[-66.84316117999998,-29.39694849999995],[-66.84309102999998,-29.39743608999993],[-66.84303656999998,-29.39807694999996],[-66.84321706999998,-29.398102869999946],[-66.84318374999998,-29.39868495999997],[-66.84348488999996,-29.398723649999965],[-66.84465018999998,-29.398865119999982],[-66.84578454999996,-29.399002269999983],[-66.84585680999999,-29.399019849999945],[-66.84725397999995,-29.399168849999967],[-66.84852166999997,-29.39923294999994],[-66.84897309999997,-29.399257139999975],[-66.85061025999994,-29.399151979999942],[-66.84991085999997,-29.39805132999993],[-66.84913313999994,-29.396820369999944],[-66.84891459999994,-29.396555629999966],[-66.84876305999995,-29.396294979999936],[-66.84800959999995,-29.39525330999993],[-66.84743599999996,-29.39465703999997],[-66.84708777999998,-29.394280349999974],[-66.84691627999996,-29.39409650999994],[-66.84648214999999,-29.393670749999956],[-66.84638864999994,-29.393576619999976],[-66.84570105999995,-29.392895369999962]]]}},{"type":"Feature","properties":{"radio_id":"460140408","population":544,"population_density":4734.002740925795,"households":196,"dwellings":209,"area_km2":0.11491332594657812,"demographic_residential_component":0.16223067173637515,"density_component":0.5741444866920152,"territorial_context_score":0.3681875792141952,"percentile":25.475285171102662,"relative_level":"low"},"geometry":{"type":"Polygon","coordinates":[[[-66.85041635999994,-29.394173459999934],[-66.84975855999994,-29.394353569999964],[-66.84915695999996,-29.39447918999997],[-66.84901670999994,-29.395206299999984],[-66.84932913999995,-29.39623273999996],[-66.84876305999995,-29.396294979999936],[-66.84891459999994,-29.396555629999966],[-66.84913313999994,-29.396820369999944],[-66.84991085999997,-29.39805132999993],[-66.85061025999994,-29.399151979999942],[-66.85148467999994,-29.398753969999973],[-66.85219582999997,-29.399038109999935],[-66.85248091999995,-29.39900470999993],[-66.85303500999999,-29.39873954999996],[-66.85250026999995,-29.39823776999998],[-66.85209640999994,-29.39736979999998],[-66.85194955999998,-29.39705498999996],[-66.85139701999998,-29.39589928999993],[-66.85129776999997,-29.395733029999974],[-66.85073892999998,-29.394807399999934],[-66.85041635999994,-29.394173459999934]]]}},{"type":"Feature","properties":{"radio_id":"460140409","population":641,"population_density":5428.228750769261,"households":219,"dwellings":240,"area_km2":0.11808640155578572,"demographic_residential_component":0.2826362484157161,"density_component":0.6730038022813688,"territorial_context_score":0.47782002534854245,"percentile":44.106463878327,"relative_level":"low"},"geometry":{"type":"Polygon","coordinates":[[[-66.85433714999994,-29.39269594999996],[-66.85369980999997,-29.392239949999976],[-66.85319656999997,-29.392423599999972],[-66.85199016999997,-29.39290492999993],[-66.85113259999997,-29.393217139999933],[-66.85117966999996,-29.39330253999998],[-66.85019575999996,-29.39366064999996],[-66.85041635999994,-29.394173459999934],[-66.85073892999998,-29.394807399999934],[-66.85129776999997,-29.395733029999974],[-66.85139701999998,-29.39589928999993],[-66.85194955999998,-29.39705498999996],[-66.85283028999999,-29.396674979999943],[-66.85228716999995,-29.39553725999997],[-66.85313750999995,-29.395220579999943],[-66.85335427999996,-29.395643199999938],[-66.85403700999996,-29.395363669999938],[-66.85471491999994,-29.39512476999994],[-66.85458907999998,-29.394859449999956],[-66.85428819999998,-29.39423439999996],[-66.85391892999996,-29.393560169999944],[-66.85361846999996,-29.392984729999966],[-66.85433714999994,-29.39269594999996]]]}},{"type":"Feature","properties":{"radio_id":"460140410","population":922,"population_density":6988.998294294472,"households":295,"dwellings":291,"area_km2":0.13192162326791274,"demographic_residential_component":0.6185044359949304,"density_component":0.8897338403041825,"territorial_context_score":0.7541191381495564,"percentile":88.59315589353612,"relative_level":"high"},"geometry":{"type":"Polygon","coordinates":[[[-66.85433714999994,-29.39269594999996],[-66.85361846999996,-29.392984729999966],[-66.85391892999996,-29.393560169999944],[-66.85428819999998,-29.39423439999996],[-66.85458907999998,-29.394859449999956],[-66.85471491999994,-29.39512476999994],[-66.85498025999993,-29.39568689999993],[-66.85507683999998,-29.39590279999993],[-66.85527080999998,-29.39630750999993],[-66.85495553999993,-29.39642680999998],[-66.85525661999998,-29.39707440999996],[-66.85586099999995,-29.397526109999944],[-66.85641048999997,-29.397942069999942],[-66.85700480999998,-29.39731577999993],[-66.85833416999998,-29.39613896999998],[-66.85873487999999,-29.39564471999995],[-66.85921209999998,-29.395429649999983],[-66.85843651999994,-29.395078299999966],[-66.85757827999998,-29.39469590999994],[-66.85650956999996,-29.394152489999954],[-66.85578967999999,-29.393683489999944],[-66.85497965999997,-29.39315191999998],[-66.85433714999994,-29.39269594999996]]]}},{"type":"Feature","properties":{"radio_id":"460140411","population":707,"population_density":6402.347408492417,"households":226,"dwellings":244,"area_km2":0.11042824684305591,"demographic_residential_component":0.3548795944233207,"density_component":0.8174904942965779,"territorial_context_score":0.5861850443599493,"percentile":66.53992395437263,"relative_level":"medium"},"geometry":{"type":"Polygon","coordinates":[[[-66.85313750999995,-29.395220579999943],[-66.85228716999995,-29.39553725999997],[-66.85283028999999,-29.396674979999943],[-66.85194955999998,-29.39705498999996],[-66.85209640999994,-29.39736979999998],[-66.85250026999995,-29.39823776999998],[-66.85303500999999,-29.39873954999996],[-66.85362592999996,-29.399182319999966],[-66.85430112999995,-29.39886223999997],[-66.85487100999995,-29.39863756999995],[-66.85600546999996,-29.39817019999998],[-66.85641048999997,-29.397942069999942],[-66.85586099999995,-29.397526109999944],[-66.85525661999998,-29.39707440999996],[-66.85495553999993,-29.39642680999998],[-66.85527080999998,-29.39630750999993],[-66.85507683999998,-29.39590279999993],[-66.85498025999993,-29.39568689999993],[-66.85471491999994,-29.39512476999994],[-66.85403700999996,-29.395363669999938],[-66.85335427999996,-29.395643199999938],[-66.85313750999995,-29.395220579999943]]]}},{"type":"Feature","properties":{"radio_id":"460140412","population":1151,"population_density":6960.0040349428045,"households":379,"dwellings":404,"area_km2":0.16537346734590774,"demographic_residential_component":0.8948035487959443,"density_component":0.8821292775665399,"territorial_context_score":0.8884664131812421,"percentile":96.95817490494296,"relative_level":"high"},"geometry":{"type":"Polygon","coordinates":[[[-66.85921209999998,-29.395429649999983],[-66.85873487999999,-29.39564471999995],[-66.85833416999998,-29.39613896999998],[-66.85700480999998,-29.39731577999993],[-66.85641048999997,-29.397942069999942],[-66.85600546999996,-29.39817019999998],[-66.85487100999995,-29.39863756999995],[-66.85430112999995,-29.39886223999997],[-66.85362592999996,-29.399182319999966],[-66.85471971999993,-29.400009779999948],[-66.85541642999993,-29.399797819999947],[-66.85572479999996,-29.399714649999964],[-66.85677470999997,-29.39936057999995],[-66.85768160999999,-29.399029979999966],[-66.85877244999995,-29.39987095999993],[-66.85939381999998,-29.399276059999977],[-66.86009411999999,-29.39863553999993],[-66.86067162999996,-29.39809503999993],[-66.86143322999993,-29.39739548999995],[-66.86091649999997,-29.396956779999982],[-66.86037993999997,-29.39648662999997],[-66.85972625999995,-29.395931529999928],[-66.85921209999998,-29.395429649999983]]]}},{"type":"Feature","properties":{"radio_id":"460140501","population":695,"population_density":3823.1099881453238,"households":222,"dwellings":244,"area_km2":0.1817891722066725,"demographic_residential_component":0.3396704689480355,"density_component":0.43346007604562736,"territorial_context_score":0.3865652724968314,"percentile":28.89733840304182,"relative_level":"low"},"geometry":{"type":"Polygon","coordinates":[[[-66.84032111999994,-29.39884737999995],[-66.84024621999998,-29.399510919999955],[-66.84017875999996,-29.400327769999933],[-66.84005827999994,-29.401086319999933],[-66.83997563999998,-29.40168675999996],[-66.83965087999997,-29.401657229999955],[-66.83961399999998,-29.40218520999997],[-66.83945698999997,-29.403764929999966],[-66.83945577999998,-29.40386867999996],[-66.83946719999994,-29.40400392999993],[-66.83939589999994,-29.40473058999993],[-66.84090736999997,-29.404739099999972],[-66.84091513999994,-29.40530739999997],[-66.84232126999996,-29.405284989999984],[-66.84341517999997,-29.40525550999996],[-66.84426878999994,-29.40532227999995],[-66.84429175999998,-29.40473574999993],[-66.84383313999996,-29.404093629999977],[-66.84323570999999,-29.403109579999978],[-66.84287627999998,-29.402624699999933],[-66.84251774999996,-29.40199998999998],[-66.84212570999995,-29.40130782999995],[-66.84163270999994,-29.400489999999934],[-66.84147307999996,-29.40024742999998],[-66.84108581999993,-29.399758219999967],[-66.84093716999996,-29.39959676999996],[-66.84032111999994,-29.39884737999995]]]}},{"type":"Feature","properties":{"radio_id":"460140502","population":697,"population_density":6664.487679091338,"households":201,"dwellings":218,"area_km2":0.10458418314534744,"demographic_residential_component":0.24968314321926488,"density_component":0.8403041825095057,"territorial_context_score":0.5449936628643852,"percentile":57.03422053231939,"relative_level":"medium"},"geometry":{"type":"Polygon","coordinates":[[[-66.84005053999994,-29.398515289999978],[-66.83925650999998,-29.398421059999976],[-66.83761149999998,-29.398196859999928],[-66.83683505999994,-29.39811151999993],[-66.83622961999998,-29.398025109999935],[-66.83611558999996,-29.398945999999967],[-66.83641985999998,-29.398989189999952],[-66.83678390999995,-29.399036529999933],[-66.83662303999995,-29.399899069999947],[-66.83651934999995,-29.40069810999995],[-66.83761251999994,-29.400835579999978],[-66.84005827999994,-29.401086319999933],[-66.84017875999996,-29.400327769999933],[-66.84024621999998,-29.399510919999955],[-66.84032111999994,-29.39884737999995],[-66.84005053999994,-29.398515289999978]]]}},{"type":"Feature","properties":{"radio_id":"460140503","population":580,"population_density":5405.86233717557,"households":184,"dwellings":193,"area_km2":0.10729093044256759,"demographic_residential_component":0.14068441064638781,"density_component":0.6692015209125475,"territorial_context_score":0.40494296577946765,"percentile":31.93916349809886,"relative_level":"low"},"geometry":{"type":"Polygon","coordinates":[[[-66.83386837999996,-29.39776925999996],[-66.83282384999995,-29.397653999999932],[-66.83272579999993,-29.398516149999978],[-66.83253398999994,-29.39937888999998],[-66.83242721999994,-29.40018244999993],[-66.83437415999998,-29.40041384999995],[-66.83651934999995,-29.40069810999995],[-66.83662303999995,-29.399899069999947],[-66.83678390999995,-29.399036529999933],[-66.83641985999998,-29.398989189999952],[-66.83611558999996,-29.398945999999967],[-66.83622961999998,-29.398025109999935],[-66.83560071999995,-29.397965899999974],[-66.83499962999997,-29.397906519999935],[-66.83386837999996,-29.39776925999996]]]}},{"type":"Feature","properties":{"radio_id":"460140504","population":1073,"population_density":8871.000263345815,"households":307,"dwellings":320,"area_km2":0.12095592020592544,"demographic_residential_component":0.7262357414448669,"density_component":0.9695817490494296,"territorial_context_score":0.8479087452471483,"percentile":95.05703422053232,"relative_level":"high"},"geometry":{"type":"Polygon","coordinates":[[[-66.82786193999993,-29.397720999999933],[-66.82790942999998,-29.397860539999954],[-66.82789840999993,-29.398153799999932],[-66.82777908999998,-29.398939389999953],[-66.82762443999997,-29.39994171999996],[-66.82746270999996,-29.400962139999933],[-66.82817749999998,-29.401065949999975],[-66.82889416999996,-29.40114719999997],[-66.82960068999995,-29.40124654999994],[-66.83036083999997,-29.401354579999975],[-66.83112398999998,-29.401449059999948],[-66.83189201999994,-29.40151192999997],[-66.83236170999999,-29.40162626999995],[-66.83261372999993,-29.401832189999936],[-66.83256788999995,-29.401643029999946],[-66.83246623999997,-29.401431659999957],[-66.83206365999996,-29.40133493999997],[-66.83183580999997,-29.401187509999943],[-66.83168256999994,-29.401093739999965],[-66.83155055999998,-29.400950229999978],[-66.83138422999997,-29.400766329999954],[-66.83119979999998,-29.400636669999983],[-66.83107312999994,-29.400515669999947],[-66.83101753999995,-29.40039422999996],[-66.83093191999995,-29.40025492999996],[-66.83092062999998,-29.40013320999998],[-66.83082940999998,-29.399430119999977],[-66.83083174999996,-29.39870388999998],[-66.83072053999996,-29.398330199999975],[-66.83047396999996,-29.39816032999994],[-66.82996805999994,-29.39802364999997],[-66.82926134999997,-29.397897239999963],[-66.82888961999998,-29.39779128999993],[-66.82861596999999,-29.397711799999968],[-66.82829408999999,-29.39765516999995],[-66.82813430999994,-29.39764262999995],[-66.82803651999996,-29.397652259999973],[-66.82791326999995,-29.39769812999998],[-66.82786193999993,-29.397720999999933]]]}},{"type":"Feature","properties":{"radio_id":"460140505","population":1062,"population_density":8539.631393262793,"households":295,"dwellings":294,"area_km2":0.1243613396285287,"demographic_residential_component":0.6730038022813688,"density_component":0.9657794676806084,"territorial_context_score":0.8193916349809887,"percentile":93.5361216730038,"relative_level":"high"},"geometry":{"type":"Polygon","coordinates":[[[-66.82313402999995,-29.396911299999942],[-66.82321125999994,-29.39716341999997],[-66.82321336999996,-29.397425029999965],[-66.82317731999996,-29.39806575999995],[-66.82318258999999,-29.398719779999965],[-66.82317961999996,-29.399373839999953],[-66.82317309999996,-29.400100099999975],[-66.82380911999996,-29.400145789999954],[-66.82455973999998,-29.40022233999997],[-66.82450605999998,-29.400592539999934],[-66.82504950999999,-29.400656839999954],[-66.82526922999995,-29.400691569999935],[-66.82593654999994,-29.400786669999945],[-66.82669964999997,-29.400876659999938],[-66.82746270999996,-29.400962139999933],[-66.82762443999997,-29.39994171999996],[-66.82777908999998,-29.398939389999953],[-66.82789840999993,-29.398153799999932],[-66.82790942999998,-29.397860539999954],[-66.82786193999993,-29.397720999999933],[-66.82755108999999,-29.39788079999994],[-66.82704077999995,-29.398091459999932],[-66.82688882999997,-29.398155549999956],[-66.82671446999996,-29.39825135999996],[-66.82647565999997,-29.39827538999998],[-66.82630582999997,-29.398294489999955],[-66.82610189999997,-29.398300269999936],[-66.82587842999993,-29.398310669999944],[-66.82556098999999,-29.39829459999993],[-66.82526714999995,-29.398264839999968],[-66.82483698999994,-29.398195329999965],[-66.82467705999994,-29.398164749999978],[-66.82449155999996,-29.39815686999998],[-66.82436224999998,-29.398090009999976],[-66.82422501999997,-29.39806379999993],[-66.82408017999995,-29.39798800999995],[-66.82382478999995,-29.39787230999997],[-66.82356778999997,-29.39768444999993],[-66.82352795999998,-29.39747269999998],[-66.82344329999995,-29.39719355999995],[-66.82313402999995,-29.396911299999942]]]}},{"type":"Feature","properties":{"radio_id":"460140506","population":1289,"population_density":2569.9025920452923,"households":375,"dwellings":369,"area_km2":0.5015754309092827,"demographic_residential_component":0.8795944233206591,"density_component":0.26996197718631176,"territorial_context_score":0.5747782002534854,"percentile":62.737642585551335,"relative_level":"medium"},"geometry":{"type":"Polygon","coordinates":[[[-66.82317309999996,-29.400100099999975],[-66.82298618999994,-29.40055682999997],[-66.82281439999997,-29.400972869999976],[-66.82270978999998,-29.401415559999975],[-66.82460024999995,-29.402689419999945],[-66.82483846999997,-29.402845819999982],[-66.82752888999994,-29.404935619999947],[-66.82771567999998,-29.40510134999994],[-66.82862257999994,-29.405515209999976],[-66.82986913999997,-29.40576004999997],[-66.83176309999993,-29.405924159999984],[-66.83206204999993,-29.40594483999996],[-66.83338996999998,-29.40605832999995],[-66.83395699999994,-29.406104399999947],[-66.83432504999996,-29.406133669999974],[-66.83512204999994,-29.406205359999944],[-66.83592105999998,-29.40627251999996],[-66.83651895999998,-29.40631387999997],[-66.83674060999994,-29.406330529999934],[-66.83830384999999,-29.406618409999965],[-66.83827685999995,-29.40621712999996],[-66.83684941999996,-29.405526949999967],[-66.83681347999993,-29.40579329999997],[-66.83660308999998,-29.40564125999998],[-66.83563348999996,-29.405124109999974],[-66.83386224999998,-29.404341329999966],[-66.83386092999996,-29.40417894999996],[-66.83485587999996,-29.403893059999973],[-66.83525147999995,-29.40376428999997],[-66.83550015999998,-29.403686049999976],[-66.83557682999998,-29.40323449999994],[-66.83522740999996,-29.403087839999955],[-66.83422453999998,-29.40227768999995],[-66.83410462999996,-29.40210252999998],[-66.83396459999994,-29.401986129999955],[-66.83386098999995,-29.40191459999994],[-66.83379439999999,-29.401707529999953],[-66.83364200999995,-29.401591209999935],[-66.83351304999997,-29.401569459999962],[-66.83332430999997,-29.401543579999952],[-66.83294272999996,-29.401496339999937],[-66.83279655999996,-29.401510789999975],[-66.83246623999997,-29.401431659999957],[-66.83256788999995,-29.401643029999946],[-66.83261372999993,-29.401832189999936],[-66.83236170999999,-29.40162626999995],[-66.83189201999994,-29.40151192999997],[-66.83112398999998,-29.401449059999948],[-66.83036083999997,-29.401354579999975],[-66.82960068999995,-29.40124654999994],[-66.82889416999996,-29.40114719999997],[-66.82817749999998,-29.401065949999975],[-66.82746270999996,-29.400962139999933],[-66.82669964999997,-29.400876659999938],[-66.82593654999994,-29.400786669999945],[-66.82526922999995,-29.400691569999935],[-66.82504950999999,-29.400656839999954],[-66.82450605999998,-29.400592539999934],[-66.82455973999998,-29.40022233999997],[-66.82380911999996,-29.400145789999954],[-66.82317309999996,-29.400100099999975]]]}},{"type":"Feature","properties":{"radio_id":"460140507","population":1414,"population_density":8462.402541801559,"households":410,"dwellings":415,"area_km2":0.16709202770906875,"demographic_residential_component":0.9556400506970849,"density_component":0.9543726235741445,"territorial_context_score":0.9550063371356148,"percentile":99.23954372623575,"relative_level":"high"},"geometry":{"type":"Polygon","coordinates":[[[-66.83092062999998,-29.40013320999998],[-66.83093191999995,-29.40025492999996],[-66.83101753999995,-29.40039422999996],[-66.83107312999994,-29.400515669999947],[-66.83119979999998,-29.400636669999983],[-66.83138422999997,-29.400766329999954],[-66.83155055999998,-29.400950229999978],[-66.83168256999994,-29.401093739999965],[-66.83183580999997,-29.401187509999943],[-66.83206365999996,-29.40133493999997],[-66.83246623999997,-29.401431659999957],[-66.83279655999996,-29.401510789999975],[-66.83294272999996,-29.401496339999937],[-66.83332430999997,-29.401543579999952],[-66.83351304999997,-29.401569459999962],[-66.83364200999995,-29.401591209999935],[-66.83379439999999,-29.401707529999953],[-66.83386098999995,-29.40191459999994],[-66.83396459999994,-29.401986129999955],[-66.83410462999996,-29.40210252999998],[-66.83422453999998,-29.40227768999995],[-66.83522740999996,-29.403087839999955],[-66.83557682999998,-29.40323449999994],[-66.83550015999998,-29.403686049999976],[-66.83525147999995,-29.40376428999997],[-66.83485587999996,-29.403893059999973],[-66.83386092999996,-29.40417894999996],[-66.83386224999998,-29.404341329999966],[-66.83563348999996,-29.405124109999974],[-66.83660308999998,-29.40564125999998],[-66.83681347999993,-29.40579329999997],[-66.83684941999996,-29.405526949999967],[-66.83827685999995,-29.40621712999996],[-66.83826693999998,-29.40563531999993],[-66.83828236999994,-29.40525632999993],[-66.83835684999997,-29.404664959999934],[-66.83829227999996,-29.403952679999975],[-66.83829775999993,-29.403740649999975],[-66.83832478999994,-29.403519459999984],[-66.83843931999996,-29.40341498999993],[-66.83796328999995,-29.40340895999998],[-66.83754605999997,-29.403411589999962],[-66.83725940999994,-29.403381809999928],[-66.83666953999995,-29.403313349999962],[-66.83614928999998,-29.403316609999933],[-66.83580365999995,-29.403255629999933],[-66.83575482999998,-29.40295371999997],[-66.83579623999998,-29.402349039999933],[-66.83578290999998,-29.401726649999944],[-66.83582991999998,-29.401176049999947],[-66.83644864999997,-29.401248849999945],[-66.83651934999995,-29.40069810999995],[-66.83437415999998,-29.40041384999995],[-66.83242721999994,-29.40018244999993],[-66.83211599999998,-29.400170859999946],[-66.83173688999995,-29.40017322999995],[-66.83138604999994,-29.400103249999972],[-66.83105142999995,-29.400127889999965],[-66.83092062999998,-29.40013320999998]]]}},{"type":"Feature","properties":{"radio_id":"460140508","population":1358,"population_density":9839.816805712024,"households":388,"dwellings":390,"area_km2":0.13801069946868114,"demographic_residential_component":0.9100126742712294,"density_component":0.9771863117870723,"territorial_context_score":0.9435994930291509,"percentile":98.47908745247148,"relative_level":"high"},"geometry":{"type":"Polygon","coordinates":[[[-66.83651934999995,-29.40069810999995],[-66.83644864999997,-29.401248849999945],[-66.83582991999998,-29.401176049999947],[-66.83578290999998,-29.401726649999944],[-66.83579623999998,-29.402349039999933],[-66.83575482999998,-29.40295371999997],[-66.83580365999995,-29.403255629999933],[-66.83614928999998,-29.403316609999933],[-66.83666953999995,-29.403313349999962],[-66.83725940999994,-29.403381809999928],[-66.83754605999997,-29.403411589999962],[-66.83796328999995,-29.40340895999998],[-66.83843931999996,-29.40341498999993],[-66.83832478999994,-29.403519459999984],[-66.83829775999993,-29.403740649999975],[-66.83829227999996,-29.403952679999975],[-66.83835684999997,-29.404664959999934],[-66.83828236999994,-29.40525632999993],[-66.83826693999998,-29.40563531999993],[-66.83827685999995,-29.40621712999996],[-66.83830384999999,-29.406618409999965],[-66.83887621999997,-29.40668697999996],[-66.83907726999996,-29.406703749999963],[-66.83910704999994,-29.406315649999954],[-66.83913680999996,-29.40617562999995],[-66.83920430999996,-29.405863969999928],[-66.83931351999996,-29.405362599999933],[-66.83939589999994,-29.40473058999993],[-66.83946719999994,-29.40400392999993],[-66.83945577999998,-29.40386867999996],[-66.83945698999997,-29.403764929999966],[-66.83961399999998,-29.40218520999997],[-66.83965087999997,-29.401657229999955],[-66.83997563999998,-29.40168675999996],[-66.84005827999994,-29.401086319999933],[-66.83761251999994,-29.400835579999978],[-66.83651934999995,-29.40069810999995]]]}},{"type":"Feature","properties":{"radio_id":"460140509","population":797,"population_density":5267.689367615425,"households":251,"dwellings":265,"area_km2":0.1512997339781988,"demographic_residential_component":0.4702154626108999,"density_component":0.6577946768060836,"territorial_context_score":0.5640050697084917,"percentile":60.836501901140686,"relative_level":"medium"},"geometry":{"type":"Polygon","coordinates":[[[-66.84090736999997,-29.404739099999972],[-66.83939589999994,-29.40473058999993],[-66.83931351999996,-29.405362599999933],[-66.83920430999996,-29.405863969999928],[-66.83913680999996,-29.40617562999995],[-66.83910704999994,-29.406315649999954],[-66.83907726999996,-29.406703749999963],[-66.84101660999994,-29.406745659999956],[-66.84101745999993,-29.406849399999942],[-66.84235231999997,-29.40655227999997],[-66.84237428999995,-29.40734150999998],[-66.84237930999996,-29.407950409999955],[-66.84308256999998,-29.408022649999964],[-66.84385314999997,-29.40801325999996],[-66.84449377999994,-29.40798664999994],[-66.84469260999998,-29.407985389999965],[-66.84607989999995,-29.407922459999952],[-66.84631490999993,-29.407934499999953],[-66.84591326999998,-29.40708453999997],[-66.84573622999994,-29.40685561999993],[-66.84535409999995,-29.40637088999995],[-66.84490730999994,-29.40566554999998],[-66.84463108999995,-29.405279389999976],[-66.84437834999994,-29.404866009999978],[-66.84429175999998,-29.40473574999993],[-66.84426878999994,-29.40532227999995],[-66.84341517999997,-29.40525550999996],[-66.84232126999996,-29.405284989999984],[-66.84091513999994,-29.40530739999997],[-66.84090736999997,-29.404739099999972]]]}},{"type":"Feature","properties":{"radio_id":"460140510","population":665,"population_density":5054.291554298577,"households":204,"dwellings":212,"area_km2":0.13157135730217828,"demographic_residential_component":0.2281368821292776,"density_component":0.623574144486692,"territorial_context_score":0.4258555133079848,"percentile":35.741444866920155,"relative_level":"low"},"geometry":{"type":"Polygon","coordinates":[[[-66.83907726999996,-29.406703749999963],[-66.83887621999997,-29.40668697999996],[-66.83878427999997,-29.40740925999995],[-66.83869632999995,-29.40799168999996],[-66.83866399999994,-29.40819486999993],[-66.83854044999998,-29.409084249999978],[-66.83837724999995,-29.410289619999958],[-66.83926188999993,-29.410365239999976],[-66.84059425999993,-29.410510199999976],[-66.84078513999998,-29.409291119999978],[-66.84130898999996,-29.409346459999938],[-66.84191213999998,-29.409396769999944],[-66.84206681999996,-29.40853876999995],[-66.84312401999995,-29.408676429999957],[-66.84308256999998,-29.408022649999964],[-66.84237930999996,-29.407950409999955],[-66.84237428999995,-29.40734150999998],[-66.84235231999997,-29.40655227999997],[-66.84101745999993,-29.406849399999942],[-66.84101660999994,-29.406745659999956],[-66.83907726999996,-29.406703749999963]]]}},{"type":"Feature","properties":{"radio_id":"460140511","population":590,"population_density":7007.783316060129,"households":212,"dwellings":230,"area_km2":0.08419210089556621,"demographic_residential_component":0.22686945500633715,"density_component":0.8935361216730038,"territorial_context_score":0.5602027883396705,"percentile":60.07604562737643,"relative_level":"medium"},"geometry":{"type":"Polygon","coordinates":[[[-66.84655922999997,-29.40795098999996],[-66.84631490999993,-29.407934499999953],[-66.84607989999995,-29.407922459999952],[-66.84469260999998,-29.407985389999965],[-66.84449377999994,-29.40798664999994],[-66.84385314999997,-29.40801325999996],[-66.84308256999998,-29.408022649999964],[-66.84312401999995,-29.408676429999957],[-66.84206681999996,-29.40853876999995],[-66.84191213999998,-29.409396769999944],[-66.84313108999999,-29.409533409999938],[-66.84436866999994,-29.409678929999984],[-66.84572300999997,-29.40986429999998],[-66.84702181999995,-29.409937239999977],[-66.84721816999996,-29.409760079999955],[-66.84717835999999,-29.409557349999943],[-66.84711974999993,-29.409323169999936],[-66.84705316999998,-29.409120619999953],[-66.84699530999995,-29.408976639999935],[-66.84692668999998,-29.408778609999956],[-66.84655922999997,-29.40795098999996]]]}},{"type":"Feature","properties":{"radio_id":"460140512","population":682,"population_density":5899.633183467207,"households":243,"dwellings":253,"area_km2":0.1156004074814681,"demographic_residential_component":0.38783269961977185,"density_component":0.7414448669201521,"territorial_context_score":0.564638783269962,"percentile":61.21673003802282,"relative_level":"medium"},"geometry":{"type":"Polygon","coordinates":[[[-66.84313108999999,-29.409533409999938],[-66.84291779999995,-29.410779699999978],[-66.84277969999994,-29.411899209999945],[-66.84346554999996,-29.41198056999997],[-66.84385227999996,-29.41202322999993],[-66.84399150999997,-29.41204038999996],[-66.84435766999997,-29.412087689999964],[-66.84444050999997,-29.41213677999997],[-66.84500249999996,-29.41219185999995],[-66.84539967999996,-29.412252489999958],[-66.84636705999998,-29.41236361999995],[-66.84708370999994,-29.412431239999933],[-66.84713224999996,-29.41244445999996],[-66.84721264999996,-29.41244845999995],[-66.84737268999999,-29.411247609999975],[-66.84738570999997,-29.410954339999932],[-66.84739932999997,-29.41073322999995],[-66.84740723999994,-29.410444499999983],[-66.84738487999994,-29.410232639999947],[-66.84734437999998,-29.41007050999997],[-66.84723185999997,-29.40979607999998],[-66.84721816999996,-29.409760079999955],[-66.84702181999995,-29.409937239999977],[-66.84572300999997,-29.40986429999998],[-66.84436866999994,-29.409678929999984],[-66.84313108999999,-29.409533409999938]]]}},{"type":"Feature","properties":{"radio_id":"460140513","population":473,"population_density":5495.556252525742,"households":168,"dwellings":196,"area_km2":0.0860695402367341,"demographic_residential_component":0.08998732572877059,"density_component":0.688212927756654,"territorial_context_score":0.38910012674271227,"percentile":29.277566539923956,"relative_level":"low"},"geometry":{"type":"Polygon","coordinates":[[[-66.84078513999998,-29.409291119999978],[-66.84059425999993,-29.410510199999976],[-66.83926188999993,-29.410365239999976],[-66.83837724999995,-29.410289619999958],[-66.83833156999998,-29.410623689999966],[-66.83826001999995,-29.411070699999982],[-66.83823603999997,-29.41128735999996],[-66.83904900999994,-29.41141755999996],[-66.83941737999999,-29.411482899999953],[-66.84011881999999,-29.411582229999965],[-66.84040030999995,-29.411607509999953],[-66.84047257999998,-29.41162509999998],[-66.84082530999996,-29.411667979999947],[-66.84160718999993,-29.411775809999938],[-66.84277969999994,-29.411899209999945],[-66.84291779999995,-29.410779699999978],[-66.84313108999999,-29.409533409999938],[-66.84191213999998,-29.409396769999944],[-66.84130898999996,-29.409346459999938],[-66.84078513999998,-29.409291119999978]]]}},{"type":"Feature","properties":{"radio_id":"460140601","population":625,"population_density":5005.305893079232,"households":204,"dwellings":214,"area_km2":0.12486749328631022,"demographic_residential_component":0.20532319391634982,"density_component":0.6197718631178707,"territorial_context_score":0.41254752851711024,"percentile":33.07984790874524,"relative_level":"low"},"geometry":{"type":"Polygon","coordinates":[[[-66.84406491999994,-29.40284270999996],[-66.84335318999996,-29.402738959999965],[-66.84287627999998,-29.402624699999933],[-66.84323570999999,-29.403109579999978],[-66.84383313999996,-29.404093629999977],[-66.84429175999998,-29.40473574999993],[-66.84437834999994,-29.404866009999978],[-66.84463108999995,-29.405279389999976],[-66.84490730999994,-29.40566554999998],[-66.84535409999995,-29.40637088999995],[-66.84573622999994,-29.40685561999993],[-66.84591326999998,-29.40708453999997],[-66.84631490999993,-29.407934499999953],[-66.84655922999997,-29.40795098999996],[-66.84734750999996,-29.40796401999995],[-66.84792749999997,-29.407955819999984],[-66.84792072999994,-29.40713943999998],[-66.84791475999998,-29.405799809999962],[-66.84791996999996,-29.40493823999998],[-66.84791350999996,-29.404780409999944],[-66.84793119999995,-29.404676559999928],[-66.84732889999998,-29.40447740999997],[-66.84659572999993,-29.404274579999935],[-66.84527505999995,-29.40403938999998],[-66.84481063999993,-29.403943099999935],[-66.84466450999997,-29.403713979999964],[-66.84406491999994,-29.40284270999996]]]}},{"type":"Feature","properties":{"radio_id":"460140602","population":821,"population_density":5540.270230653969,"households":352,"dwellings":414,"area_km2":0.14818771753360663,"demographic_residential_component":0.7807351077313055,"density_component":0.6996197718631179,"territorial_context_score":0.7401774397972116,"percentile":87.83269961977186,"relative_level":"high"},"geometry":{"type":"Polygon","coordinates":[[[-66.84721816999996,-29.409760079999955],[-66.84723185999997,-29.40979607999998],[-66.84734437999998,-29.41007050999997],[-66.84738487999994,-29.410232639999947],[-66.84740723999994,-29.410444499999983],[-66.84739932999997,-29.41073322999995],[-66.84738570999997,-29.410954339999932],[-66.84737268999999,-29.411247609999975],[-66.84796595999995,-29.411347579999983],[-66.84936848999996,-29.411501029999954],[-66.85002342999996,-29.411582559999943],[-66.85073704999996,-29.411659189999966],[-66.85092548999995,-29.410408539999935],[-66.85111657999994,-29.409230039999954],[-66.85127216999996,-29.407871349999937],[-66.85021933999997,-29.407887089999974],[-66.84982792999995,-29.40789860999996],[-66.84949530999995,-29.40791876999998],[-66.84830059999996,-29.407971489999966],[-66.84792749999997,-29.407955819999984],[-66.84734750999996,-29.40796401999995],[-66.84655922999997,-29.40795098999996],[-66.84692668999998,-29.408778609999956],[-66.84699530999995,-29.408976639999935],[-66.84705316999998,-29.409120619999953],[-66.84711974999993,-29.409323169999936],[-66.84717835999999,-29.409557349999943],[-66.84721816999996,-29.409760079999955]]]}},{"type":"Feature","properties":{"radio_id":"460140603","population":678,"population_density":3686.4241732438436,"households":307,"dwellings":412,"area_km2":0.18391806480679584,"demographic_residential_component":0.6641318124207858,"density_component":0.41825095057034223,"territorial_context_score":0.541191381495564,"percentile":56.27376425855514,"relative_level":"medium"},"geometry":{"type":"Polygon","coordinates":[[[-66.85445555999996,-29.40685862999993],[-66.85316801999994,-29.406650369999966],[-66.85314640999997,-29.40677680999994],[-66.85312663999997,-29.406876169999975],[-66.85297173999999,-29.408067969999934],[-66.85208162999999,-29.407951879999928],[-66.85127216999996,-29.407871349999937],[-66.85111657999994,-29.409230039999954],[-66.85092548999995,-29.410408539999935],[-66.85073704999996,-29.411659189999966],[-66.85125256999999,-29.411701009999945],[-66.85188663999998,-29.41175107999993],[-66.85238463999997,-29.411792999999932],[-66.85231413999998,-29.41235728999993],[-66.85221461999998,-29.413025499999947],[-66.85203398999994,-29.41422196999997],[-66.85348784999996,-29.414347989999953],[-66.85366345999995,-29.41316957999993],[-66.85385616999997,-29.41194145999998],[-66.85402945999994,-29.410731489999932],[-66.85412965999996,-29.409531019999974],[-66.85430774999998,-29.408280429999934],[-66.85445228999998,-29.40708417999997],[-66.85444855999998,-29.40700752999993],[-66.85445555999996,-29.40685862999993]]]}},{"type":"Feature","properties":{"radio_id":"460140604","population":372,"population_density":3631.7463371950626,"households":177,"dwellings":222,"area_km2":0.10243006131516055,"demographic_residential_component":0.10392902408111533,"density_component":0.4068441064638783,"territorial_context_score":0.2553865652724968,"percentile":14.068441064638785,"relative_level":"very_low"},"geometry":{"type":"Polygon","coordinates":[[[-66.85864150999998,-29.40721512999994],[-66.85744766999994,-29.40712357999996],[-66.85733337999994,-29.407255129999953],[-66.85714375999999,-29.408600519999936],[-66.85845830999995,-29.408709329999965],[-66.85824737999997,-29.409969159999946],[-66.85965489999995,-29.410104429999933],[-66.86103383999995,-29.410271439999974],[-66.86155259999998,-29.41033122999994],[-66.86194939999996,-29.410346709999942],[-66.86138614999999,-29.40892047999995],[-66.86111297999997,-29.408904199999938],[-66.86098001999994,-29.408408889999976],[-66.86089123999994,-29.408265119999953],[-66.86081312999994,-29.408166389999963],[-66.86069873999998,-29.408040839999956],[-66.86056366999998,-29.407906389999937],[-66.86048578999998,-29.407834719999983],[-66.86034796999996,-29.407740889999957],[-66.86043207999995,-29.407573449999973],[-66.86004455999995,-29.407436119999943],[-66.85864150999998,-29.40721512999994]]]}},{"type":"Feature","properties":{"radio_id":"460140605","population":426,"population_density":2742.607396102842,"households":233,"dwellings":322,"area_km2":0.15532664303513966,"demographic_residential_component":0.37515842839036756,"density_component":0.2889733840304182,"territorial_context_score":0.3320659062103929,"percentile":20.53231939163498,"relative_level":"very_low"},"geometry":{"type":"Polygon","coordinates":[[[-66.85912947999998,-29.41378397999995],[-66.85898154999995,-29.41493965999996],[-66.85882987999997,-29.41614046999996],[-66.85867781999997,-29.417417959999966],[-66.85849572999996,-29.418677599999967],[-66.85989821999993,-29.41881288999997],[-66.86143652999993,-29.418924739999966],[-66.86146396999999,-29.418757669999934],[-66.86158564999994,-29.417669819999958],[-66.86177429999998,-29.416459749999945],[-66.86190017999996,-29.415259109999965],[-66.86202933999994,-29.414080999999953],[-66.86048247999997,-29.413924099999974],[-66.85912947999998,-29.41378397999995]]]}},{"type":"Feature","properties":{"radio_id":"460140606","population":1710,"population_density":12020.934566140606,"households":623,"dwellings":670,"area_km2":0.14225183496269592,"demographic_residential_component":0.9961977186311787,"density_component":0.9923954372623575,"territorial_context_score":0.9942965779467681,"percentile":100.0,"relative_level":"high"},"geometry":{"type":"Polygon","coordinates":[[[-66.85366345999995,-29.41316957999993],[-66.85348784999996,-29.414347989999953],[-66.85490274999995,-29.41449678999993],[-66.85622087999997,-29.41465521999993],[-66.85763043999998,-29.41478146999998],[-66.85898154999995,-29.41493965999996],[-66.85912947999998,-29.41378397999995],[-66.85928113999995,-29.412583179999956],[-66.85792788999998,-29.412411469999938],[-66.85658718999997,-29.412262219999946],[-66.85518460999998,-29.412104339999928],[-66.85385616999997,-29.41194145999998],[-66.85366345999995,-29.41316957999993]]]}},{"type":"Feature","properties":{"radio_id":"460140607","population":326,"population_density":3346.1702693538155,"households":169,"dwellings":217,"area_km2":0.0974248091872965,"demographic_residential_component":0.08491761723700886,"density_component":0.3612167300380228,"territorial_context_score":0.22306717363751583,"percentile":9.885931558935361,"relative_level":"very_low"},"geometry":{"type":"Polygon","coordinates":[[[-66.85763043999998,-29.41478146999998],[-66.85746326999998,-29.41597785999994],[-66.85604524999997,-29.415829109999947],[-66.85586665999995,-29.417264639999928],[-66.85575359999996,-29.418528339999966],[-66.85712998999998,-29.41862323999993],[-66.85849572999996,-29.418677599999967],[-66.85867781999997,-29.417417959999966],[-66.85882987999997,-29.41614046999996],[-66.85898154999995,-29.41493965999996],[-66.85763043999998,-29.41478146999998]]]}},{"type":"Feature","properties":{"radio_id":"460140608","population":397,"population_density":3310.2577140102626,"households":178,"dwellings":210,"area_km2":0.11993023936467118,"demographic_residential_component":0.09378960709759188,"density_component":0.35361216730038025,"territorial_context_score":0.22370088719898606,"percentile":10.26615969581749,"relative_level":"very_low"},"geometry":{"type":"Polygon","coordinates":[[[-66.84721264999996,-29.41244845999995],[-66.84780786999994,-29.41253488999996],[-66.84760365999995,-29.41362775999994],[-66.84758634999997,-29.41377671999993],[-66.84756980999998,-29.413894099999936],[-66.84748317999998,-29.414629889999958],[-66.84769805999997,-29.415070569999955],[-66.84882703999995,-29.41515809999993],[-66.85028632999996,-29.415315689999943],[-66.85042214999999,-29.414056349999953],[-66.85059032999999,-29.412846429999945],[-66.85069302999995,-29.412187219999964],[-66.85073704999996,-29.411659189999966],[-66.85002342999996,-29.411582559999943],[-66.84936848999996,-29.411501029999954],[-66.84796595999995,-29.411347579999983],[-66.84737268999999,-29.411247609999975],[-66.84721264999996,-29.41244845999995]]]}},{"type":"Feature","properties":{"radio_id":"460140609","population":597,"population_density":3890.955811418636,"households":271,"dwellings":353,"area_km2":0.1534327370791535,"demographic_residential_component":0.5107731305449937,"density_component":0.44106463878326996,"territorial_context_score":0.47591888466413185,"percentile":43.72623574144487,"relative_level":"low"},"geometry":{"type":"Polygon","coordinates":[[[-66.84769805999997,-29.415070569999955],[-66.84866646999996,-29.416665679999937],[-66.84878129999998,-29.416845369999976],[-66.84923332999995,-29.41755065999996],[-66.84961622999998,-29.418121069999984],[-66.85008998999996,-29.418713449999927],[-66.85036061999995,-29.419040999999936],[-66.85108442999996,-29.41959118999995],[-66.85125973999993,-29.419608109999956],[-66.85148253999995,-29.418276049999974],[-66.85292386999998,-29.418375089999984],[-66.85310324999995,-29.417029769999942],[-66.85328916999998,-29.41560321999998],[-66.85187440999994,-29.415472439999974],[-66.85028632999996,-29.415315689999943],[-66.84882703999995,-29.41515809999993],[-66.84769805999997,-29.415070569999955]]]}},{"type":"Feature","properties":{"radio_id":"460140610","population":575,"population_density":6597.659335030324,"households":271,"dwellings":314,"area_km2":0.08715212029015093,"demographic_residential_component":0.4600760456273764,"density_component":0.8288973384030418,"territorial_context_score":0.6444866920152091,"percentile":75.66539923954373,"relative_level":"high"},"geometry":{"type":"Polygon","coordinates":[[[-66.85310324999995,-29.417029769999942],[-66.85292386999998,-29.418375089999984],[-66.85148253999995,-29.418276049999974],[-66.85125973999993,-29.419608109999956],[-66.85108442999996,-29.41959118999995],[-66.85214641999994,-29.42028805999996],[-66.85260440999997,-29.420591849999937],[-66.85342570999995,-29.421091789999934],[-66.85397251999996,-29.421173979999935],[-66.85415140999999,-29.41977002999994],[-66.85420121999994,-29.41931864999998],[-66.85429696999995,-29.41844747999994],[-66.85447723999994,-29.41721040999994],[-66.85310324999995,-29.417029769999942]]]}},{"type":"Feature","properties":{"radio_id":"460140611","population":362,"population_density":4052.9455236346403,"households":157,"dwellings":187,"area_km2":0.0893177561575913,"demographic_residential_component":0.049429657794676805,"density_component":0.4600760456273764,"territorial_context_score":0.25475285171102663,"percentile":13.688212927756654,"relative_level":"very_low"},"geometry":{"type":"Polygon","coordinates":[[[-66.85693660999993,-29.41989196999998],[-66.85665959999994,-29.42150855999995],[-66.85791904999996,-29.42239806999993],[-66.85858923999996,-29.422813239999982],[-66.85929583999996,-29.423146979999956],[-66.85978831999995,-29.423261079999975],[-66.86089717999994,-29.423393749999946],[-66.86102340999997,-29.422477279999953],[-66.86115192999995,-29.42146606999995],[-66.85956354999996,-29.42128687999997],[-66.85879531999996,-29.421219659999963],[-66.85815522999997,-29.421074939999983],[-66.85833159999999,-29.419991249999953],[-66.85693660999993,-29.41989196999998]]]}},{"type":"Feature","properties":{"radio_id":"460140612","population":375,"population_density":3307.77451659639,"households":202,"dwellings":308,"area_km2":0.11336927535975602,"demographic_residential_component":0.2813688212927757,"density_component":0.34980988593155893,"territorial_context_score":0.31558935361216733,"percentile":19.771863117870723,"relative_level":"very_low"},"geometry":{"type":"Polygon","coordinates":[[[-66.85928113999995,-29.412583179999956],[-66.85912947999998,-29.41378397999995],[-66.86048247999997,-29.413924099999974],[-66.86202933999994,-29.414080999999953],[-66.86218935999995,-29.412898179999956],[-66.86232282999998,-29.41162079999998],[-66.86243435999995,-29.411651649999953],[-66.86255310999996,-29.411682459999952],[-66.86266659999995,-29.411699769999927],[-66.86194939999996,-29.410346709999942],[-66.86155259999998,-29.41033122999994],[-66.86103383999995,-29.410271439999974],[-66.85965489999995,-29.410104429999933],[-66.85949724999995,-29.41132781999994],[-66.85928113999995,-29.412583179999956]]]}},{"type":"Feature","properties":{"radio_id":"460140613","population":445,"population_density":5379.316068219,"households":220,"dwellings":292,"area_km2":0.08272427095873025,"demographic_residential_component":0.30671736375158426,"density_component":0.6615969581749049,"territorial_context_score":0.48415716096324457,"percentile":46.38783269961977,"relative_level":"low"},"geometry":{"type":"Polygon","coordinates":[[[-66.85447723999994,-29.41721040999994],[-66.85429696999995,-29.41844747999994],[-66.85420121999994,-29.41931864999998],[-66.85415140999999,-29.41977002999994],[-66.85397251999996,-29.421173979999935],[-66.85538653999998,-29.421205509999936],[-66.85665959999994,-29.42150855999995],[-66.85693660999993,-29.41989196999998],[-66.85556547999994,-29.41981056999998],[-66.85575359999996,-29.418528339999966],[-66.85586665999995,-29.417264639999928],[-66.85447723999994,-29.41721040999994]]]}},{"type":"Feature","properties":{"radio_id":"460140614","population":359,"population_density":2460.495375330616,"households":179,"dwellings":276,"area_km2":0.14590557803904075,"demographic_residential_component":0.20278833967046897,"density_component":0.25475285171102663,"territorial_context_score":0.2287705956907478,"percentile":10.646387832699618,"relative_level":"very_low"},"geometry":{"type":"Polygon","coordinates":[[[-66.85385616999997,-29.41194145999998],[-66.85518460999998,-29.412104339999928],[-66.85658718999997,-29.412262219999946],[-66.85792788999998,-29.412411469999938],[-66.85928113999995,-29.412583179999956],[-66.85949724999995,-29.41132781999994],[-66.85965489999995,-29.410104429999933],[-66.85824737999997,-29.409969159999946],[-66.85692731999995,-29.409819779999964],[-66.85551965999997,-29.409666439999967],[-66.85412965999996,-29.409531019999974],[-66.85402945999994,-29.410731489999932],[-66.85385616999997,-29.41194145999998]]]}},{"type":"Feature","properties":{"radio_id":"460140615","population":475,"population_density":4006.069075464784,"households":220,"dwellings":278,"area_km2":0.11857009728293078,"demographic_residential_component":0.2965779467680609,"density_component":0.45627376425855515,"territorial_context_score":0.376425855513308,"percentile":26.996197718631176,"relative_level":"low"},"geometry":{"type":"Polygon","coordinates":[[[-66.85575359999996,-29.418528339999966],[-66.85556547999994,-29.41981056999998],[-66.85693660999993,-29.41989196999998],[-66.85833159999999,-29.419991249999953],[-66.85815522999997,-29.421074939999983],[-66.85879531999996,-29.421219659999963],[-66.85956354999996,-29.42128687999997],[-66.86115192999995,-29.42146606999995],[-66.86126750999995,-29.420509059999972],[-66.86129269999998,-29.420197669999936],[-66.86137861999998,-29.41938970999996],[-66.86143652999993,-29.418924739999966],[-66.85989821999993,-29.41881288999997],[-66.85849572999996,-29.418677599999967],[-66.85712998999998,-29.41862323999993],[-66.85575359999996,-29.418528339999966]]]}},{"type":"Feature","properties":{"radio_id":"460140616","population":655,"population_density":4666.477997260345,"households":266,"dwellings":317,"area_km2":0.14036281760774308,"demographic_residential_component":0.48795944233206595,"density_component":0.55893536121673,"territorial_context_score":0.523447401774398,"percentile":52.851711026615966,"relative_level":"medium"},"geometry":{"type":"Polygon","coordinates":[[[-66.84877776999997,-29.404887679999945],[-66.84838232999994,-29.40478644999996],[-66.84793119999995,-29.404676559999928],[-66.84791350999996,-29.404780409999944],[-66.84791996999996,-29.40493823999998],[-66.84791475999998,-29.405799809999962],[-66.84792072999994,-29.40713943999998],[-66.84792749999997,-29.407955819999984],[-66.84830059999996,-29.407971489999966],[-66.84949530999995,-29.40791876999998],[-66.84982792999995,-29.40789860999996],[-66.85021933999997,-29.407887089999974],[-66.85127216999996,-29.407871349999937],[-66.85208162999999,-29.407951879999928],[-66.85297173999999,-29.408067969999934],[-66.85312663999997,-29.406876169999975],[-66.85314640999997,-29.40677680999994],[-66.85316801999994,-29.406650369999966],[-66.85296686999993,-29.406620079999982],[-66.85222340999997,-29.40605198999998],[-66.85153913999994,-29.405537639999977],[-66.85104339999998,-29.405391949999967],[-66.85056546999994,-29.405282239999963],[-66.84983270999999,-29.405129039999963],[-66.84877776999997,-29.404887679999945]]]}},{"type":"Feature","properties":{"radio_id":"460140617","population":310,"population_density":4797.441069778228,"households":178,"dwellings":259,"area_km2":0.06461778174887106,"demographic_residential_component":0.16983523447401774,"density_component":0.5779467680608364,"territorial_context_score":0.3738910012674271,"percentile":26.23574144486692,"relative_level":"low"},"geometry":{"type":"Polygon","coordinates":[[[-66.85059032999999,-29.412846429999945],[-66.85042214999999,-29.414056349999953],[-66.85028632999996,-29.415315689999943],[-66.85187440999994,-29.415472439999974],[-66.85203398999994,-29.41422196999997],[-66.85221461999998,-29.413025499999947],[-66.85231413999998,-29.41235728999993],[-66.85238463999997,-29.411792999999932],[-66.85188663999998,-29.41175107999993],[-66.85125256999999,-29.411701009999945],[-66.85073704999996,-29.411659189999966],[-66.85069302999995,-29.412187219999964],[-66.85059032999999,-29.412846429999945]]]}},{"type":"Feature","properties":{"radio_id":"460140618","population":376,"population_density":3753.596210281279,"households":177,"dwellings":207,"area_km2":0.1001706041182901,"demographic_residential_component":0.08745247148288975,"density_component":0.42585551330798477,"territorial_context_score":0.25665399239543724,"percentile":14.44866920152091,"relative_level":"very_low"},"geometry":{"type":"Polygon","coordinates":[[[-66.85591186999994,-29.40704323999995],[-66.85445555999996,-29.40685862999993],[-66.85444855999998,-29.40700752999993],[-66.85445228999998,-29.40708417999997],[-66.85430774999998,-29.408280429999934],[-66.85412965999996,-29.409531019999974],[-66.85551965999997,-29.409666439999967],[-66.85692731999995,-29.409819779999964],[-66.85824737999997,-29.409969159999946],[-66.85845830999995,-29.408709329999965],[-66.85714375999999,-29.408600519999936],[-66.85733337999994,-29.407255129999953],[-66.85744766999994,-29.40712357999996],[-66.85714160999999,-29.40711652999994],[-66.85591186999994,-29.40704323999995]]]}},{"type":"Feature","properties":{"radio_id":"460140619","population":368,"population_density":3110.365619655505,"households":160,"dwellings":182,"area_km2":0.11831406496859319,"demographic_residential_component":0.051964512040557666,"density_component":0.3155893536121673,"territorial_context_score":0.18377693282636248,"percentile":5.323193916349809,"relative_level":"very_low"},"geometry":{"type":"Polygon","coordinates":[[[-66.85203398999994,-29.41422196999997],[-66.85187440999994,-29.415472439999974],[-66.85328916999998,-29.41560321999998],[-66.85310324999995,-29.417029769999942],[-66.85447723999994,-29.41721040999994],[-66.85586665999995,-29.417264639999928],[-66.85604524999997,-29.415829109999947],[-66.85746326999998,-29.41597785999994],[-66.85763043999998,-29.41478146999998],[-66.85622087999997,-29.41465521999993],[-66.85490274999995,-29.41449678999993],[-66.85348784999996,-29.414347989999953],[-66.85203398999994,-29.41422196999997]]]}},{"type":"Feature","properties":{"radio_id":"460140701","population":694,"population_density":594.8633771957228,"households":209,"dwellings":220,"area_km2":1.1666544396658312,"demographic_residential_component":0.2598225602027883,"density_component":0.08365019011406843,"territorial_context_score":0.17173637515842838,"percentile":4.562737642585551,"relative_level":"very_low"},"geometry":{"type":"Polygon","coordinates":[[[-66.87224355999996,-29.401204329999928],[-66.87190906999996,-29.401242599999932],[-66.87122739999995,-29.401283139999975],[-66.87081247999998,-29.401312919999953],[-66.87027445999996,-29.401284859999976],[-66.86981720999995,-29.401184099999966],[-66.86952795999997,-29.40109125999993],[-66.86920833999994,-29.401061769999956],[-66.86894064999996,-29.401081559999966],[-66.86868676999995,-29.401150879999932],[-66.86847642999999,-29.401251479999928],[-66.86827321999994,-29.401343019999956],[-66.86808122999997,-29.40142094999993],[-66.86790869999999,-29.401485219999984],[-66.86779373999997,-29.40153558999998],[-66.86765710999998,-29.40158157999997],[-66.86749281999994,-29.401645799999983],[-66.86730566999995,-29.40168761999996],[-66.86717678999997,-29.401674919999948],[-66.86691057999997,-29.401627039999937],[-66.86681157999993,-29.40210129999997],[-66.86712124999997,-29.40217144999997],[-66.86843192999999,-29.402077219999967],[-66.86881504999997,-29.402061189999984],[-66.86916904999998,-29.402135559999977],[-66.86974529999998,-29.402055119999943],[-66.87066886999997,-29.40199044999997],[-66.87085818999998,-29.402688359999956],[-66.87111245999995,-29.402664149999964],[-66.87147587999993,-29.402634709999973],[-66.87161166999994,-29.402611269999966],[-66.87232710999996,-29.40254343999993],[-66.87236082999993,-29.402872489999936],[-66.87241560999996,-29.403255539999975],[-66.87266170999999,-29.405170949999956],[-66.87270798999998,-29.405522469999937],[-66.87289809999999,-29.40667143999997],[-66.87310505999994,-29.407982679999975],[-66.87322370999993,-29.408604369999978],[-66.87328044999998,-29.40861301999996],[-66.87331970999998,-29.408626289999972],[-66.87334038999995,-29.408635179999976],[-66.87335591999994,-29.408644099999947],[-66.87337358999997,-29.40866201999995],[-66.87338915999999,-29.408675449999976],[-66.87342353999998,-29.408720329999937],[-66.87367220999994,-29.408642019999945],[-66.87392399999999,-29.408568199999934],[-66.87435092999993,-29.408493229999976],[-66.87470925999997,-29.40846832999995],[-66.87521090999996,-29.408456009999952],[-66.87682400999995,-29.408535619999952],[-66.87774088999998,-29.40852506999994],[-66.87933120999998,-29.40859126999993],[-66.88124467999995,-29.408614709999938],[-66.88173945999995,-29.408643009999935],[-66.88317001999997,-29.40870119999994],[-66.88383456999998,-29.40870129999996],[-66.88385555999997,-29.408746269999938],[-66.88393340999994,-29.408813409999937],[-66.88403690999996,-29.40886684999998],[-66.88412665999994,-29.408879789999958],[-66.88419674999994,-29.40888383999993],[-66.88430678999998,-29.40886054999993],[-66.88440209999999,-29.408801279999977],[-66.88446831999994,-29.40871513999997],[-66.88513305999999,-29.408737789999975],[-66.88643701999996,-29.40881030999998],[-66.88771142999997,-29.40880182999996],[-66.88838381999994,-29.408756749999952],[-66.88895453999999,-29.40863115999997],[-66.88993059999996,-29.408317919999945],[-66.89025421999997,-29.40821201999995],[-66.89027235999998,-29.40828405999997],[-66.89035021999996,-29.40835119999997],[-66.89045870999996,-29.40838655999994],[-66.89062666999996,-29.408389949999957],[-66.89076531999996,-29.40833940999994],[-66.89085737999994,-29.408262109999953],[-66.89087413999994,-29.40817629999998],[-66.89319389999997,-29.40835923999998],[-66.89344451999995,-29.408389129999932],[-66.89372291999996,-29.40841432999997],[-66.89375728999994,-29.40822013999997],[-66.89382450999994,-29.407660369999974],[-66.89385903999994,-29.40724967999995],[-66.89388304999994,-29.40705104999995],[-66.89395324999998,-29.40647772999995],[-66.89280059999999,-29.406386219999945],[-66.89091654999999,-29.406186829999967],[-66.89097367999995,-29.40564968999996],[-66.89108058999994,-29.404913739999984],[-66.89102020999997,-29.40484196999995],[-66.89091168999994,-29.404802099999984],[-66.89072914999997,-29.404780769999945],[-66.89046148999995,-29.404805109999984],[-66.89003613999995,-29.40482148999996],[-66.88964719999996,-29.404760929999952],[-66.88945194999997,-29.404581809999968],[-66.88888308999998,-29.40456305999993],[-66.88855892999999,-29.404605809999964],[-66.88815132999997,-29.404531849999955],[-66.88774420999994,-29.404512009999962],[-66.88705346999996,-29.404457969999953],[-66.88614001999997,-29.404265579999958],[-66.88586907999996,-29.404267379999965],[-66.88526079999997,-29.40421729999997],[-66.88496648999995,-29.40413805999998],[-66.88459870999998,-29.404140499999983],[-66.88421900999998,-29.40407535999998],[-66.88355917999996,-29.404021099999966],[-66.88316439999994,-29.403879379999978],[-66.88281584999999,-29.403841089999958],[-66.88244763999995,-29.403793909999933],[-66.88201217999995,-29.40383287999998],[-66.88168212999994,-29.403789959999983],[-66.88133143999994,-29.403742659999978],[-66.88089645999997,-29.403718469999944],[-66.88062926999999,-29.403557859999978],[-66.88036590999997,-29.40348291999993],[-66.87992702999998,-29.403364029999977],[-66.87916665999995,-29.40323823999995],[-66.87818174999995,-29.402879369999937],[-66.87759054999998,-29.40265772999993],[-66.87741337999995,-29.402180769999973],[-66.87719272999993,-29.401920609999934],[-66.87684161999994,-29.40182367999995],[-66.87652324999993,-29.401699479999934],[-66.87558651999996,-29.40143048999994],[-66.87485262999996,-29.40114662999997],[-66.87449304999996,-29.401022689999934],[-66.87420398999996,-29.400952419999953],[-66.87388230999994,-29.400922949999938],[-66.87336687999994,-29.40088573999998],[-66.87270206999995,-29.400849489999928],[-66.87244960999993,-29.400842129999944],[-66.87224570999996,-29.40085247999997],[-66.87224355999996,-29.401204329999928]]]}},{"type":"Feature","properties":{"radio_id":"460140702","population":897,"population_density":1797.0819963515694,"households":260,"dwellings":269,"area_km2":0.4991424997974977,"demographic_residential_component":0.5310519645120406,"density_component":0.19011406844106463,"territorial_context_score":0.3605830164765526,"percentile":24.714828897338403,"relative_level":"very_low"},"geometry":{"type":"Polygon","coordinates":[[[-66.88412665999994,-29.408879789999958],[-66.88403690999996,-29.40886684999998],[-66.88393340999994,-29.408813409999937],[-66.88385555999997,-29.408746269999938],[-66.88383456999998,-29.40870129999996],[-66.88317001999997,-29.40870119999994],[-66.88173945999995,-29.408643009999935],[-66.88124467999995,-29.408614709999938],[-66.87933120999998,-29.40859126999993],[-66.87774088999998,-29.40852506999994],[-66.87682400999995,-29.408535619999952],[-66.87521090999996,-29.408456009999952],[-66.87470925999997,-29.40846832999995],[-66.87435092999993,-29.408493229999976],[-66.87392399999999,-29.408568199999934],[-66.87367220999994,-29.408642019999945],[-66.87342353999998,-29.408720329999937],[-66.87343945999999,-29.40877435999994],[-66.87344503999998,-29.408823939999934],[-66.87344549999995,-29.40887805999995],[-66.87342523999996,-29.408918789999973],[-66.87341711999994,-29.408932379999953],[-66.87340692999999,-29.408945969999934],[-66.87339158999998,-29.408959609999954],[-66.87337933999999,-29.40897321999995],[-66.87336911999995,-29.408982309999942],[-66.87335579999996,-29.40899141999995],[-66.87334042999998,-29.409000539999965],[-66.87332504999995,-29.40900965999998],[-66.87330962999994,-29.409014269999943],[-66.87329219999998,-29.409023409999975],[-66.87327368999996,-29.409028039999953],[-66.87324281999997,-29.409032749999938],[-66.87340913999998,-29.409807489999935],[-66.87343410999995,-29.409956179999938],[-66.87352329999999,-29.410505889999968],[-66.87357970999994,-29.410717519999935],[-66.87360384999994,-29.410888759999978],[-66.87361869999995,-29.411060069999962],[-66.87367821999999,-29.41139346999995],[-66.87373035999997,-29.411465299999975],[-66.87379770999996,-29.411509959999933],[-66.87391332999994,-29.411536269999942],[-66.87417127999998,-29.41157967999993],[-66.87425194999997,-29.411615239999946],[-66.87433182999996,-29.41167785999994],[-66.87435292999999,-29.411736359999963],[-66.87434641999994,-29.41181758999994],[-66.87430288999997,-29.41190808999994],[-66.87413419999996,-29.41206255999998],[-66.87403038999997,-29.41221208999997],[-66.87392100999995,-29.41243382999994],[-66.87385944999994,-29.41270486999997],[-66.87489418999996,-29.41261688999998],[-66.87518277999993,-29.41262852999995],[-66.87537380999999,-29.412676889999943],[-66.87554000999995,-29.41283366999994],[-66.87573425999994,-29.413017329999946],[-66.87596985999994,-29.41309696999997],[-66.87621922999995,-29.413099839999973],[-66.87663114999998,-29.413074579999943],[-66.87706870999995,-29.41303560999995],[-66.87782069999997,-29.413017129999957],[-66.87876126999998,-29.413001909999934],[-66.87899850999997,-29.41303191999998],[-66.88060971999994,-29.41324229999998],[-66.88090334999998,-29.413240359999975],[-66.88106590999996,-29.413212219999934],[-66.88120432999995,-29.413134619999937],[-66.88130895999996,-29.413079799999934],[-66.88131157999999,-29.41302565999996],[-66.88129724999999,-29.412917499999935],[-66.88178682999995,-29.412936809999962],[-66.88216272999995,-29.412916279999934],[-66.88234809999994,-29.41290602999993],[-66.88302614999998,-29.41291506999994],[-66.88344534999999,-29.412898759999962],[-66.88407187999996,-29.412908139999956],[-66.88463536999996,-29.412895379999952],[-66.88457081999996,-29.412580059999982],[-66.88444221999998,-29.412008069999956],[-66.88436225999993,-29.411697369999956],[-66.88433322999998,-29.41155772999997],[-66.88427151999997,-29.41133260999993],[-66.88423916999994,-29.41116592999998],[-66.88411077999996,-29.41061648999994],[-66.88410258999994,-29.409312969999974],[-66.88412665999994,-29.408879789999958]]]}},{"type":"Feature","properties":{"radio_id":"460140703","population":961,"population_density":3229.287864742546,"households":297,"dwellings":334,"area_km2":0.29758883080453263,"demographic_residential_component":0.7021546261089987,"density_component":0.34220532319391633,"territorial_context_score":0.5221799746514575,"percentile":52.47148288973384,"relative_level":"medium"},"geometry":{"type":"Polygon","coordinates":[[[-66.89319389999997,-29.40835923999998],[-66.89087413999994,-29.40817629999998],[-66.89085737999994,-29.408262109999953],[-66.89076531999996,-29.40833940999994],[-66.89062666999996,-29.408389949999957],[-66.89045870999996,-29.40838655999994],[-66.89035021999996,-29.40835119999997],[-66.89027235999998,-29.40828405999997],[-66.89025421999997,-29.40821201999995],[-66.88993059999996,-29.408317919999945],[-66.88895453999999,-29.40863115999997],[-66.88838381999994,-29.408756749999952],[-66.88771142999997,-29.40880182999996],[-66.88643701999996,-29.40881030999998],[-66.88513305999999,-29.408737789999975],[-66.88446831999994,-29.40871513999997],[-66.88440209999999,-29.408801279999977],[-66.88430678999998,-29.40886054999993],[-66.88419674999994,-29.40888383999993],[-66.88412665999994,-29.408879789999958],[-66.88410258999994,-29.409312969999974],[-66.88411077999996,-29.41061648999994],[-66.88423916999994,-29.41116592999998],[-66.88427151999997,-29.41133260999993],[-66.88433322999998,-29.41155772999997],[-66.88436225999993,-29.411697369999956],[-66.88444221999998,-29.412008069999956],[-66.88457081999996,-29.412580059999982],[-66.88509625999995,-29.412576569999942],[-66.88643604999999,-29.41261727999995],[-66.88635893999998,-29.412279499999954],[-66.88752297999997,-29.412014649999946],[-66.88746965999997,-29.41180750999996],[-66.88887619999997,-29.411468859999957],[-66.88903042999993,-29.411431749999963],[-66.88971112999997,-29.41127383999998],[-66.89079577999996,-29.411004979999973],[-66.89146905999996,-29.41082455999998],[-66.89217638999997,-29.41064842999998],[-66.89298304999994,-29.41040395999994],[-66.89369448999997,-29.410227789999965],[-66.89359654999998,-29.409867589999976],[-66.89338818999994,-29.409016479999934],[-66.89319389999997,-29.40835923999998]]]}},{"type":"Feature","properties":{"radio_id":"460140704","population":1068,"population_density":7644.290926877979,"households":345,"dwellings":407,"area_km2":0.13971210805763828,"demographic_residential_component":0.864385297845374,"density_component":0.908745247148289,"territorial_context_score":0.8865652724968315,"percentile":96.1977186311787,"relative_level":"high"},"geometry":{"type":"Polygon","coordinates":[[[-66.88903042999993,-29.411431749999963],[-66.88887619999997,-29.411468859999957],[-66.88746965999997,-29.41180750999996],[-66.88752297999997,-29.412014649999946],[-66.88635893999998,-29.412279499999954],[-66.88643604999999,-29.41261727999995],[-66.88509625999995,-29.412576569999942],[-66.88457081999996,-29.412580059999982],[-66.88463536999996,-29.412895379999952],[-66.88470502999996,-29.41320614999995],[-66.88474331999998,-29.41346299999998],[-66.88476532999994,-29.41362523999993],[-66.88477946999996,-29.413710839999965],[-66.88480096999996,-29.413814439999953],[-66.88482468999996,-29.413936069999977],[-66.88532719999995,-29.413901159999966],[-66.88701364999997,-29.414467299999956],[-66.88678711999995,-29.415077749999966],[-66.88787504999993,-29.41541781999996],[-66.88854876999994,-29.41528251999995],[-66.89006559999996,-29.414943119999975],[-66.88989785999996,-29.414375899999982],[-66.88982092999998,-29.41406066999997],[-66.88972766999996,-29.413763589999974],[-66.88956781999997,-29.41315572999997],[-66.88937551999999,-29.41260671999993],[-66.88919197999996,-29.41199900999993],[-66.88903042999993,-29.411431749999963]]]}},{"type":"Feature","properties":{"radio_id":"460140705","population":1216,"population_density":7685.455408453715,"households":357,"dwellings":381,"area_km2":0.15822094272545584,"demographic_residential_component":0.8770595690747781,"density_component":0.9125475285171103,"territorial_context_score":0.8948035487959443,"percentile":97.33840304182509,"relative_level":"high"},"geometry":{"type":"Polygon","coordinates":[[[-66.88463536999996,-29.412895379999952],[-66.88407187999996,-29.412908139999956],[-66.88344534999999,-29.412898759999962],[-66.88302614999998,-29.41291506999994],[-66.88234809999994,-29.41290602999993],[-66.88216272999995,-29.412916279999934],[-66.88178682999995,-29.412936809999962],[-66.88129724999999,-29.412917499999935],[-66.88131157999999,-29.41302565999996],[-66.88130895999996,-29.413079799999934],[-66.88120432999995,-29.413134619999937],[-66.88106590999996,-29.413212219999934],[-66.88090334999998,-29.413240359999975],[-66.88060971999994,-29.41324229999998],[-66.87899850999997,-29.41303191999998],[-66.87876126999998,-29.413001909999934],[-66.87782069999997,-29.413017129999957],[-66.87706870999995,-29.41303560999995],[-66.87663114999998,-29.413074579999943],[-66.87621922999995,-29.413099839999973],[-66.87621979999994,-29.41340655999994],[-66.87613275999996,-29.41407018999996],[-66.87610056999995,-29.414521469999954],[-66.87606290999997,-29.414936689999934],[-66.87704263999996,-29.414799439999967],[-66.87721771999998,-29.41478926999997],[-66.87781482999998,-29.414731209999957],[-66.87906574999994,-29.414858279999976],[-66.87907474999997,-29.415065709999965],[-66.87974920999994,-29.41525520999994],[-66.88014168999996,-29.41536537999997],[-66.88172524999999,-29.414754999999957],[-66.88202828999994,-29.414649249999968],[-66.88267062999995,-29.414460059999954],[-66.88296688999998,-29.414403969999967],[-66.88381695999993,-29.414168289999964],[-66.88480096999996,-29.413814439999953],[-66.88477946999996,-29.413710839999965],[-66.88476532999994,-29.41362523999993],[-66.88474331999998,-29.41346299999998],[-66.88470502999996,-29.41320614999995],[-66.88463536999996,-29.412895379999952]]]}},{"type":"Feature","properties":{"radio_id":"460140706","population":811,"population_density":8421.093253395262,"households":223,"dwellings":234,"area_km2":0.09630578543623379,"demographic_residential_component":0.3713561470215463,"density_component":0.9429657794676806,"territorial_context_score":0.6571609632446134,"percentile":78.32699619771863,"relative_level":"high"},"geometry":{"type":"Polygon","coordinates":[[[-66.87621922999995,-29.413099839999973],[-66.87596985999994,-29.41309696999997],[-66.87573425999994,-29.413017329999946],[-66.87554000999995,-29.41283366999994],[-66.87537380999999,-29.412676889999943],[-66.87518277999993,-29.41262852999995],[-66.87489418999996,-29.41261688999998],[-66.87385944999994,-29.41270486999997],[-66.87392158999995,-29.41334496999997],[-66.87394547999997,-29.41372821999994],[-66.87394973999994,-29.41398529999998],[-66.87396607999995,-29.414088929999934],[-66.87399376999997,-29.414314279999928],[-66.87401026999999,-29.414435959999935],[-66.87403577999999,-29.414647799999955],[-66.87406617999994,-29.41494980999994],[-66.87407515999996,-29.415035449999948],[-66.87412529999995,-29.415477159999966],[-66.87415875999994,-29.41577463999994],[-66.87416704999998,-29.415900889999932],[-66.87419740999997,-29.41607659999994],[-66.87580477999995,-29.41643591999997],[-66.87585931999996,-29.416187469999954],[-66.87673539999997,-29.41621779999997],[-66.87729571999995,-29.41631333999993],[-66.87727189999998,-29.415939119999962],[-66.87728135999998,-29.41560075999996],[-66.87723261999997,-29.414965079999945],[-66.87721771999998,-29.41478926999997],[-66.87704263999996,-29.414799439999967],[-66.87606290999997,-29.414936689999934],[-66.87610056999995,-29.414521469999954],[-66.87613275999996,-29.41407018999996],[-66.87621979999994,-29.41340655999994],[-66.87621922999995,-29.413099839999973]]]}},{"type":"Feature","properties":{"radio_id":"460140707","population":510,"population_density":6012.005888036683,"households":184,"dwellings":198,"area_km2":0.08483025624024275,"demographic_residential_component":0.12420785804816221,"density_component":0.7566539923954373,"territorial_context_score":0.4404309252217998,"percentile":38.78326996197718,"relative_level":"low"},"geometry":{"type":"Polygon","coordinates":[[[-66.87906574999994,-29.414858279999976],[-66.87781482999998,-29.414731209999957],[-66.87721771999998,-29.41478926999997],[-66.87723261999997,-29.414965079999945],[-66.87728135999998,-29.41560075999996],[-66.87727189999998,-29.415939119999962],[-66.87729571999995,-29.41631333999993],[-66.87780692999996,-29.41644980999996],[-66.87800509999994,-29.41648908999997],[-66.87852462999996,-29.416634519999945],[-66.87910490999997,-29.41677502999994],[-66.87941458999995,-29.416840649999983],[-66.88008216999998,-29.41682721999996],[-66.88068130999994,-29.41676461999998],[-66.88214043999994,-29.41653845999997],[-66.88198834999997,-29.415989169999932],[-66.88194300999999,-29.41575040999993],[-66.88191318999998,-29.41563783999993],[-66.88188106999996,-29.41549821999996],[-66.88172524999999,-29.414754999999957],[-66.88014168999996,-29.41536537999997],[-66.87974920999994,-29.41525520999994],[-66.87907474999997,-29.415065709999965],[-66.87906574999994,-29.414858279999976]]]}},{"type":"Feature","properties":{"radio_id":"460140708","population":1050,"population_density":4893.889511154718,"households":308,"dwellings":303,"area_km2":0.21455327048285802,"demographic_residential_component":0.699619771863118,"density_component":0.6045627376425855,"territorial_context_score":0.6520912547528517,"percentile":77.56653992395437,"relative_level":"high"},"geometry":{"type":"Polygon","coordinates":[[[-66.88480096999996,-29.413814439999953],[-66.88381695999993,-29.414168289999964],[-66.88296688999998,-29.414403969999967],[-66.88267062999995,-29.414460059999954],[-66.88202828999994,-29.414649249999968],[-66.88172524999999,-29.414754999999957],[-66.88188106999996,-29.41549821999996],[-66.88191318999998,-29.41563783999993],[-66.88194300999999,-29.41575040999993],[-66.88198834999997,-29.415989169999932],[-66.88214043999994,-29.41653845999997],[-66.88068130999994,-29.41676461999998],[-66.88008216999998,-29.41682721999996],[-66.87941458999995,-29.416840649999983],[-66.87910490999997,-29.41677502999994],[-66.87852462999996,-29.416634519999945],[-66.87800509999994,-29.41648908999997],[-66.87780692999996,-29.41644980999996],[-66.87729571999995,-29.41631333999993],[-66.87724230999999,-29.41669258999997],[-66.87716913999998,-29.417171189999976],[-66.87785702999997,-29.41724333999997],[-66.87844489999998,-29.417307129999983],[-66.87929588999998,-29.417414279999946],[-66.87922946999998,-29.41831683999993],[-66.87990713999994,-29.418398069999967],[-66.88073725999993,-29.418473779999943],[-66.88143792999995,-29.418473649999953],[-66.88183867999999,-29.418344699999977],[-66.88215566999997,-29.418302009999934],[-66.88294343999996,-29.41800810999996],[-66.88309283999996,-29.41860251999998],[-66.88340607999999,-29.418483169999945],[-66.88366264999996,-29.41860325999994],[-66.88495115999996,-29.418066959999976],[-66.88596742999994,-29.417627189999962],[-66.88582001999998,-29.417262809999954],[-66.88538291999998,-29.415930569999944],[-66.88512182999995,-29.41517000999994],[-66.88505468999995,-29.41491334999995],[-66.88490508999996,-29.414296389999947],[-66.88482468999996,-29.413936069999977],[-66.88480096999996,-29.413814439999953]]]}},{"type":"Feature","properties":{"radio_id":"460140709","population":960,"population_density":4852.003923229734,"households":307,"dwellings":317,"area_km2":0.1978563940156455,"demographic_residential_component":0.697084917617237,"density_component":0.5931558935361216,"territorial_context_score":0.6451204055766793,"percentile":76.04562737642586,"relative_level":"high"},"geometry":{"type":"Polygon","coordinates":[[[-66.88701364999997,-29.414467299999956],[-66.88532719999995,-29.413901159999966],[-66.88482468999996,-29.413936069999977],[-66.88490508999996,-29.414296389999947],[-66.88505468999995,-29.41491334999995],[-66.88512182999995,-29.41517000999994],[-66.88538291999998,-29.415930569999944],[-66.88582001999998,-29.417262809999954],[-66.88596742999994,-29.417627189999962],[-66.88607807999995,-29.41791061999993],[-66.88624391999997,-29.41837861999994],[-66.88633689999995,-29.41864412999996],[-66.88653504999996,-29.419274299999984],[-66.88952327999993,-29.418334209999955],[-66.89005232999995,-29.41815024999994],[-66.89018591999996,-29.418108769999947],[-66.89025170999997,-29.41797300999997],[-66.89028904999998,-29.417882549999945],[-66.89031389999997,-29.417778639999938],[-66.89033177999994,-29.41770183999995],[-66.89033621999994,-29.41762061999998],[-66.89034292999997,-29.417561929999977],[-66.89033733999997,-29.41751234999998],[-66.89034677999996,-29.417413059999944],[-66.89079394999999,-29.417292789999976],[-66.89059825999993,-29.416712229999973],[-66.89042825999996,-29.416122479999956],[-66.89023043999998,-29.415532909999968],[-66.89006559999996,-29.414943119999975],[-66.88854876999994,-29.41528251999995],[-66.88787504999993,-29.41541781999996],[-66.88678711999995,-29.415077749999966],[-66.88701364999997,-29.414467299999956]]]}},{"type":"Feature","properties":{"radio_id":"460140710","population":899,"population_density":3440.427933297969,"households":275,"dwellings":332,"area_km2":0.26130470320249527,"demographic_residential_component":0.6425855513307984,"density_component":0.376425855513308,"territorial_context_score":0.5095057034220531,"percentile":49.80988593155893,"relative_level":"low"},"geometry":{"type":"Polygon","coordinates":[[[-66.87922946999998,-29.41831683999993],[-66.87919981999994,-29.418822229999932],[-66.87912859999994,-29.419526359999963],[-66.87908944999998,-29.420604649999973],[-66.87904352999993,-29.42125447999996],[-66.87910234999998,-29.422102089999953],[-66.87922552999999,-29.42204714999997],[-66.87940282999995,-29.422054999999943],[-66.87955539999996,-29.42206301999994],[-66.87980509999994,-29.422101959999964],[-66.88003487999998,-29.42210044999996],[-66.88016897999995,-29.42211759999998],[-66.88035662999994,-29.42212988999995],[-66.88052628999998,-29.422088179999946],[-66.88079703999995,-29.42205931999996],[-66.88101543999994,-29.422053369999958],[-66.88112362999993,-29.422052649999955],[-66.88126055999999,-29.422038209999982],[-66.88147704999994,-29.422050309999975],[-66.88164190999998,-29.422049219999963],[-66.88182737999995,-29.42204799999996],[-66.88210026999997,-29.42202814999996],[-66.88222574999998,-29.42200024999994],[-66.88239024999996,-29.42195856999996],[-66.88253224999994,-29.42193506999996],[-66.88266298999997,-29.42192067999997],[-66.88286305999998,-29.42182011999995],[-66.88302736999998,-29.421755879999978],[-66.88315839999996,-29.42165577999998],[-66.88325837999997,-29.421659619999957],[-66.88345340999996,-29.421572629999957],[-66.88368786999996,-29.421516949999955],[-66.88381333999996,-29.421489049999934],[-66.88397312999996,-29.42149700999994],[-66.88412229999994,-29.42146895999997],[-66.88430561999996,-29.421458719999976],[-66.88445010999993,-29.421484819999932],[-66.88476190999995,-29.421198579999952],[-66.88513076999993,-29.42095706999993],[-66.88498111999996,-29.420691939999983],[-66.88599289999996,-29.420324369999946],[-66.88688649999995,-29.420232719999944],[-66.88672524999998,-29.41981880999998],[-66.88653504999996,-29.419274299999984],[-66.88633689999995,-29.41864412999996],[-66.88624391999997,-29.41837861999994],[-66.88607807999995,-29.41791061999993],[-66.88596742999994,-29.417627189999962],[-66.88495115999996,-29.418066959999976],[-66.88366264999996,-29.41860325999994],[-66.88340607999999,-29.418483169999945],[-66.88309283999996,-29.41860251999998],[-66.88294343999996,-29.41800810999996],[-66.88215566999997,-29.418302009999934],[-66.88183867999999,-29.418344699999977],[-66.88143792999995,-29.418473649999953],[-66.88073725999993,-29.418473779999943],[-66.87990713999994,-29.418398069999967],[-66.87922946999998,-29.41831683999993]]]}},{"type":"Feature","properties":{"radio_id":"460140711","population":617,"population_density":1408.9041674124342,"households":205,"dwellings":221,"area_km2":0.4379290048755907,"demographic_residential_component":0.21546261089987326,"density_component":0.155893536121673,"territorial_context_score":0.18567807351077315,"percentile":5.7034220532319395,"relative_level":"very_low"},"geometry":{"type":"Polygon","coordinates":[[[-66.88952327999993,-29.418334209999955],[-66.88653504999996,-29.419274299999984],[-66.88672524999998,-29.41981880999998],[-66.88688649999995,-29.420232719999944],[-66.88599289999996,-29.420324369999946],[-66.88498111999996,-29.420691939999983],[-66.88513076999993,-29.42095706999993],[-66.88476190999995,-29.421198579999952],[-66.88445010999993,-29.421484819999932],[-66.88430561999996,-29.421458719999976],[-66.88412229999994,-29.42146895999997],[-66.88397312999996,-29.42149700999994],[-66.88381333999996,-29.421489049999934],[-66.88368786999996,-29.421516949999955],[-66.88345340999996,-29.421572629999957],[-66.88325837999997,-29.421659619999957],[-66.88315839999996,-29.42165577999998],[-66.88302736999998,-29.421755879999978],[-66.88286305999998,-29.42182011999995],[-66.88266298999997,-29.42192067999997],[-66.88253224999994,-29.42193506999996],[-66.88239024999996,-29.42195856999996],[-66.88222574999998,-29.42200024999994],[-66.88210026999997,-29.42202814999996],[-66.88182737999995,-29.42204799999996],[-66.88164190999998,-29.422049219999963],[-66.88147704999994,-29.422050309999975],[-66.88126055999999,-29.422038209999982],[-66.88112362999993,-29.422052649999955],[-66.88101543999994,-29.422053369999958],[-66.88113096999996,-29.42254425999994],[-66.88115663999997,-29.423130469999933],[-66.88100488999999,-29.424412489999952],[-66.88093491999996,-29.425260949999938],[-66.88079581999995,-29.42526186999993],[-66.88091476999995,-29.426149669999973],[-66.88262556999996,-29.425935369999934],[-66.88379883999994,-29.425765209999952],[-66.88414854999996,-29.425690719999977],[-66.88423642999999,-29.42774696999993],[-66.88492654999993,-29.42771081999996],[-66.88660262999997,-29.427650049999954],[-66.88631185999998,-29.426799479999943],[-66.88571393999996,-29.42499018999996],[-66.88555855999994,-29.424540169999943],[-66.88655747999996,-29.424231309999982],[-66.88697400999996,-29.42413832999995],[-66.88796106999996,-29.42388817999995],[-66.88760167999993,-29.422848619999968],[-66.88750916999999,-29.42251995999993],[-66.88747312999993,-29.422285649999935],[-66.88741177999998,-29.421983849999947],[-66.88736554999997,-29.42176313999994],[-66.88731132999999,-29.421452269999975],[-66.88778291999995,-29.421413039999948],[-66.88784950999997,-29.421723829999962],[-66.88786566999994,-29.421804909999935],[-66.88794646999997,-29.42185398999993],[-66.88811826999995,-29.421821269999953],[-66.88910729999998,-29.42144479999996],[-66.88975348999998,-29.42145852999994],[-66.89080890999998,-29.421370279999962],[-66.89062902999996,-29.420830209999963],[-66.89030339999994,-29.420119709999938],[-66.88997960999995,-29.41926485999994],[-66.88952327999993,-29.418334209999955]]]}},{"type":"Feature","properties":{"radio_id":"460140712","population":660,"population_density":1132.1109133988218,"households":231,"dwellings":264,"area_km2":0.582981748686221,"demographic_residential_component":0.3726235741444867,"density_component":0.12927756653992395,"territorial_context_score":0.25095057034220536,"percentile":13.307984790874524,"relative_level":"very_low"},"geometry":{"type":"Polygon","coordinates":[[[-66.90347566999998,-29.41377030999996],[-66.90156696999998,-29.414414729999976],[-66.90074519999996,-29.414699939999934],[-66.89967425999998,-29.41500487999997],[-66.89890636999996,-29.41532579999995],[-66.89735036999997,-29.41589560999995],[-66.89638880999996,-29.416339609999966],[-66.89546972999995,-29.416693109999983],[-66.89522311999997,-29.416771449999942],[-66.89494279999997,-29.416881579999938],[-66.89446313999997,-29.41705620999994],[-66.89384869999998,-29.41725428999996],[-66.89327832999999,-29.41742500999993],[-66.89133237999994,-29.417830459999948],[-66.89103912999997,-29.41787752999994],[-66.89018591999996,-29.418108769999947],[-66.89005232999995,-29.41815024999994],[-66.88952327999993,-29.418334209999955],[-66.88997960999995,-29.41926485999994],[-66.89030339999994,-29.420119709999938],[-66.89062902999996,-29.420830209999963],[-66.89080890999998,-29.421370279999962],[-66.89110822999999,-29.42142691999993],[-66.89124441999996,-29.421683109999947],[-66.89133380999994,-29.421889999999962],[-66.89275042999998,-29.42151064999996],[-66.89455972999997,-29.421024899999964],[-66.89613633999994,-29.420797789999938],[-66.89709338999995,-29.420656029999975],[-66.89778779999995,-29.42017773999993],[-66.89864734999998,-29.419847179999977],[-66.89915363999995,-29.41965431999995],[-66.89975516999993,-29.419510429999946],[-66.90017874999995,-29.419403819999957],[-66.90009153999995,-29.41851130999993],[-66.90042555999997,-29.418179779999946],[-66.90116809999995,-29.417904119999946],[-66.90146755999996,-29.417744229999983],[-66.90213214999994,-29.417392409999934],[-66.90282066999998,-29.41718476999995],[-66.90298114999996,-29.417039339999974],[-66.90309348999995,-29.41692581999996],[-66.90370770999994,-29.416705139999976],[-66.90480037999998,-29.416526319999946],[-66.90478242999995,-29.416476829999965],[-66.90378083999997,-29.414489939999953],[-66.90347566999998,-29.41377030999996]]]}},{"type":"Feature","properties":{"radio_id":"460140713","population":501,"population_density":355.81871291015153,"households":178,"dwellings":252,"area_km2":1.408020381790624,"demographic_residential_component":0.19264892268694553,"density_component":0.06463878326996197,"territorial_context_score":0.12864385297845377,"percentile":3.041825095057034,"relative_level":"very_low"},"geometry":{"type":"Polygon","coordinates":[[[-66.90480037999998,-29.416526319999946],[-66.90370770999994,-29.416705139999976],[-66.90309348999995,-29.41692581999996],[-66.90298114999996,-29.417039339999974],[-66.90282066999998,-29.41718476999995],[-66.90213214999994,-29.417392409999934],[-66.90146755999996,-29.417744229999983],[-66.90116809999995,-29.417904119999946],[-66.90042555999997,-29.418179779999946],[-66.90009153999995,-29.41851130999993],[-66.90017874999995,-29.419403819999957],[-66.89975516999993,-29.419510429999946],[-66.89915363999995,-29.41965431999995],[-66.89864734999998,-29.419847179999977],[-66.89778779999995,-29.42017773999993],[-66.89709338999995,-29.420656029999975],[-66.89613633999994,-29.420797789999938],[-66.89455972999997,-29.421024899999964],[-66.89275042999998,-29.42151064999996],[-66.89133380999994,-29.421889999999962],[-66.89124441999996,-29.421683109999947],[-66.89110822999999,-29.42142691999993],[-66.89080890999998,-29.421370279999962],[-66.88975348999998,-29.42145852999994],[-66.88910729999998,-29.42144479999996],[-66.88811826999995,-29.421821269999953],[-66.88794646999997,-29.42185398999993],[-66.88786566999994,-29.421804909999935],[-66.88784950999997,-29.421723829999962],[-66.88778291999995,-29.421413039999948],[-66.88731132999999,-29.421452269999975],[-66.88736554999997,-29.42176313999994],[-66.88741177999998,-29.421983849999947],[-66.88747312999993,-29.422285649999935],[-66.88750916999999,-29.42251995999993],[-66.88760167999993,-29.422848619999968],[-66.88796106999996,-29.42388817999995],[-66.88697400999996,-29.42413832999995],[-66.88655747999996,-29.424231309999982],[-66.88555855999994,-29.424540169999943],[-66.88571393999996,-29.42499018999996],[-66.88631185999998,-29.426799479999943],[-66.88660262999997,-29.427650049999954],[-66.88798773999997,-29.427546099999972],[-66.88876261999997,-29.428961779999952],[-66.88915367999994,-29.429491419999977],[-66.88949975999998,-29.429827399999965],[-66.88980800999997,-29.430077939999933],[-66.88986316999996,-29.43014071999994],[-66.88996430999998,-29.43027535999994],[-66.89001157999996,-29.430378789999963],[-66.89008302999997,-29.430536179999933],[-66.89017409999997,-29.430697959999975],[-66.89025702999999,-29.430990589999965],[-66.89033849999998,-29.431233619999944],[-66.89038477999998,-29.431458839999948],[-66.89053135999995,-29.431723989999966],[-66.89073442999995,-29.431966199999977],[-66.89092427999998,-29.43187471999994],[-66.89140593999997,-29.43133021999995],[-66.89158730999998,-29.43109445999994],[-66.89179824999997,-29.430822409999962],[-66.89194367999994,-29.430600419999962],[-66.89206761999998,-29.430396609999946],[-66.89237613999995,-29.429970539999943],[-66.89258612999998,-29.429590249999933],[-66.89299328999994,-29.429249219999974],[-66.89347523999999,-29.428740799999957],[-66.89367674999994,-29.428216219999968],[-66.89407973999994,-29.42775342999994],[-66.89461318999997,-29.427479219999952],[-66.89533857999999,-29.42676617999996],[-66.89555136999996,-29.426588829999957],[-66.89577155999996,-29.426433989999964],[-66.89600391999994,-29.42625651999998],[-66.89641331999997,-29.425938019999933],[-66.89686669999998,-29.425583139999958],[-66.89734792999997,-29.425232579999943],[-66.89755880999996,-29.424956019999968],[-66.89766521999996,-29.424752319999982],[-66.89810788999995,-29.424938779999934],[-66.89872545999998,-29.425209759999973],[-66.89950787999999,-29.425944219999963],[-66.89991948999995,-29.426230119999957],[-66.90027065999993,-29.425970639999946],[-66.90048053999993,-29.425815859999943],[-66.90102916999996,-29.425279899999964],[-66.90128303999995,-29.42508873999998],[-66.90162245999994,-29.424784229999943],[-66.90207637999998,-29.42449247999997],[-66.90298003999999,-29.423904489999984],[-66.90356126999995,-29.423444979999942],[-66.90406894999995,-29.423175409999942],[-66.90466287999993,-29.423103719999972],[-66.90568282999993,-29.42250138999998],[-66.90571832999996,-29.421508809999978],[-66.90585109999995,-29.421142549999956],[-66.90605030999996,-29.42059992999998],[-66.90612296999996,-29.420428029999982],[-66.90623703999995,-29.42016112999994],[-66.90653091999997,-29.419604319999962],[-66.90645279999995,-29.419510129999935],[-66.90639540999996,-29.419429329999957],[-66.90631383999994,-29.419294569999977],[-66.90599622999997,-29.41891783999995],[-66.90580098999993,-29.41863048999994],[-66.90563221999997,-29.41818959999995],[-66.90532930999996,-29.417727059999947],[-66.90517357999994,-29.417362759999946],[-66.90497421999999,-29.41695815999998],[-66.90480037999998,-29.416526319999946]]]}},{"type":"Feature","properties":{"radio_id":"460140714","population":778,"population_density":222.29204787292446,"households":244,"dwellings":322,"area_km2":3.4999002773358394,"demographic_residential_component":0.5285171102661597,"density_component":0.04182509505703422,"territorial_context_score":0.28517110266159695,"percentile":17.870722433460077,"relative_level":"very_low"},"geometry":{"type":"Polygon","coordinates":[[[-66.90571832999996,-29.421508809999978],[-66.90568282999993,-29.42250138999998],[-66.90466287999993,-29.423103719999972],[-66.90406894999995,-29.423175409999942],[-66.90356126999995,-29.423444979999942],[-66.90298003999999,-29.423904489999984],[-66.90207637999998,-29.42449247999997],[-66.90162245999994,-29.424784229999943],[-66.90128303999995,-29.42508873999998],[-66.90102916999996,-29.425279899999964],[-66.90048053999993,-29.425815859999943],[-66.90027065999993,-29.425970639999946],[-66.89991948999995,-29.426230119999957],[-66.89950787999999,-29.425944219999963],[-66.89872545999998,-29.425209759999973],[-66.89810788999995,-29.424938779999934],[-66.89766521999996,-29.424752319999982],[-66.89755880999996,-29.424956019999968],[-66.89734792999997,-29.425232579999943],[-66.89686669999998,-29.425583139999958],[-66.89641331999997,-29.425938019999933],[-66.89600391999994,-29.42625651999998],[-66.89577155999996,-29.426433989999964],[-66.89555136999996,-29.426588829999957],[-66.89533857999999,-29.42676617999996],[-66.89461318999997,-29.427479219999952],[-66.89407973999994,-29.42775342999994],[-66.89367674999994,-29.428216219999968],[-66.89347523999999,-29.428740799999957],[-66.89299328999994,-29.429249219999974],[-66.89258612999998,-29.429590249999933],[-66.89237613999995,-29.429970539999943],[-66.89206761999998,-29.430396609999946],[-66.89194367999994,-29.430600419999962],[-66.89179824999997,-29.430822409999962],[-66.89158730999998,-29.43109445999994],[-66.89140593999997,-29.43133021999995],[-66.89092427999998,-29.43187471999994],[-66.89073442999995,-29.431966199999977],[-66.89028001999998,-29.432208299999957],[-66.88941116999996,-29.432669679999947],[-66.88933637999997,-29.432719789999965],[-66.88892463999997,-29.43301121999997],[-66.88791254999995,-29.433947159999946],[-66.88738730999995,-29.433986739999966],[-66.88682235999994,-29.433963439999957],[-66.88626330999995,-29.43331311999998],[-66.88617812999996,-29.433354289999954],[-66.88311877999996,-29.43530063999998],[-66.88339511999993,-29.435912249999944],[-66.88400503999998,-29.43672461999995],[-66.88475233999998,-29.43768943999993],[-66.88550651999998,-29.438496329999964],[-66.88530420999996,-29.438935209999954],[-66.88264901999997,-29.43996771999997],[-66.87989362999997,-29.44193452999997],[-66.88037802999997,-29.442531239999937],[-66.88112541999993,-29.44338781999994],[-66.88144837999994,-29.443787129999976],[-66.89225917999994,-29.444644309999944],[-66.89242419999994,-29.444656729999963],[-66.89253549999995,-29.444655989999944],[-66.89329346999995,-29.444705029999966],[-66.89357695999996,-29.44471214999993],[-66.89392204999996,-29.44469178999998],[-66.89435403999994,-29.444589659999963],[-66.89482129999993,-29.44439706999998],[-66.89525172999998,-29.444119039999975],[-66.89563059999995,-29.443836829999952],[-66.89623535999993,-29.443223829999965],[-66.89787967999996,-29.441516769999964],[-66.89980411999994,-29.439676989999953],[-66.90058453999995,-29.439121419999935],[-66.90178028999998,-29.43821571999996],[-66.90199699999994,-29.43801578999995],[-66.90347637999997,-29.43690517999994],[-66.90431513999994,-29.435843999999975],[-66.90538837999998,-29.434032479999928],[-66.90702191999998,-29.431378149999944],[-66.90732084999996,-29.430807779999952],[-66.90784415999997,-29.429974269999946],[-66.90933584999993,-29.42772231999993],[-66.90901126999995,-29.427377219999983],[-66.90850045999997,-29.426717649999944],[-66.90823047999999,-29.426254899999947],[-66.90784122999997,-29.425589989999935],[-66.90728741999993,-29.424727729999972],[-66.90774409999995,-29.42451712999997],[-66.90730947999998,-29.42373072999993],[-66.90699840999997,-29.423281789999976],[-66.90680039999995,-29.423030549999964],[-66.90660205999995,-29.422743219999973],[-66.90647033999994,-29.42241483999993],[-66.90674938999996,-29.422160349999956],[-66.90679326999998,-29.421880389999956],[-66.90654977999998,-29.421728689999952],[-66.90627255999993,-29.421608789999937],[-66.90571832999996,-29.421508809999978]]]}},{"type":"Feature","properties":{"radio_id":"460140801","population":533,"population_density":3614.808085922863,"households":192,"dwellings":194,"area_km2":0.14744904496469963,"demographic_residential_component":0.13941698352344742,"density_component":0.39923954372623577,"territorial_context_score":0.2693282636248416,"percentile":15.5893536121673,"relative_level":"very_low"},"geometry":{"type":"Polygon","coordinates":[[[-66.84721264999996,-29.41244845999995],[-66.84713224999996,-29.41244445999996],[-66.84708370999994,-29.412431239999933],[-66.84636705999998,-29.41236361999995],[-66.84629781999996,-29.412711379999962],[-66.84622577999994,-29.41309523999996],[-66.84617004999996,-29.413456449999956],[-66.84612121999999,-29.41378151999993],[-66.84607493999994,-29.414165219999973],[-66.84602435999994,-29.414526399999943],[-66.84597052999999,-29.414869549999935],[-66.84592688999999,-29.41519909999994],[-66.84587824999994,-29.41554672999996],[-66.84585641999996,-29.41577239999998],[-66.84584730999995,-29.415916799999934],[-66.84581695999998,-29.41623273999994],[-66.84628811999994,-29.41626582999993],[-66.84647890999997,-29.416287169999976],[-66.84660063999996,-29.416304439999976],[-66.84651497999994,-29.41690940999996],[-66.84641220999998,-29.41781218999995],[-66.84638474999997,-29.41797925999998],[-66.84631448999994,-29.41845331999997],[-66.84626293999997,-29.418823519999933],[-66.84617028999998,-29.419455599999935],[-66.84701372999996,-29.41927432999995],[-66.84760306999993,-29.419144279999955],[-66.84878497999995,-29.418775899999957],[-66.84836860999997,-29.418268849999947],[-66.84961622999998,-29.418121069999984],[-66.84923332999995,-29.41755065999996],[-66.84878129999998,-29.416845369999976],[-66.84866646999996,-29.416665679999937],[-66.84769805999997,-29.415070569999955],[-66.84748317999998,-29.414629889999958],[-66.84756980999998,-29.413894099999936],[-66.84758634999997,-29.41377671999993],[-66.84760365999995,-29.41362775999994],[-66.84780786999994,-29.41253488999996],[-66.84721264999996,-29.41244845999995]]]}},{"type":"Feature","properties":{"radio_id":"460140802","population":468,"population_density":4818.6819024412525,"households":181,"dwellings":220,"area_km2":0.0971219950756452,"demographic_residential_component":0.12801013941698353,"density_component":0.5893536121673004,"territorial_context_score":0.35868187579214195,"percentile":24.334600760456272,"relative_level":"very_low"},"geometry":{"type":"Polygon","coordinates":[[[-66.84961622999998,-29.418121069999984],[-66.84836860999997,-29.418268849999947],[-66.84878497999995,-29.418775899999957],[-66.84760306999993,-29.419144279999955],[-66.84701372999996,-29.41927432999995],[-66.84617028999998,-29.419455599999935],[-66.84602633999998,-29.420363149999957],[-66.84601353999994,-29.420435399999974],[-66.84599987999997,-29.42065199999996],[-66.84745165999993,-29.420764559999952],[-66.84849165999998,-29.42042866999998],[-66.84995418999995,-29.41997729999997],[-66.85043581999997,-29.42064630999994],[-66.85147386999995,-29.42118997999995],[-66.85214641999994,-29.42028805999996],[-66.85108442999996,-29.41959118999995],[-66.85036061999995,-29.419040999999936],[-66.85008998999996,-29.418713449999927],[-66.84961622999998,-29.418121069999984]]]}},{"type":"Feature","properties":{"radio_id":"460140803","population":972,"population_density":5527.284352683398,"households":361,"dwellings":396,"area_km2":0.1758548932855447,"demographic_residential_component":0.8453738910012674,"density_component":0.6958174904942965,"territorial_context_score":0.770595690747782,"percentile":89.73384030418251,"relative_level":"high"},"geometry":{"type":"Polygon","coordinates":[[[-66.84995418999995,-29.41997729999997],[-66.84849165999998,-29.42042866999998],[-66.84745165999993,-29.420764559999952],[-66.84599987999997,-29.42065199999996],[-66.84587608999993,-29.42150529999998],[-66.84569798999996,-29.422769409999944],[-66.84560005999998,-29.42363606999993],[-66.84641982999995,-29.423703039999964],[-66.84712598999994,-29.423739139999952],[-66.84784973999996,-29.42378415999997],[-66.84847644999996,-29.423807229999966],[-66.84924891999998,-29.42376170999995],[-66.84949793999994,-29.42371952999997],[-66.85040908999997,-29.423623499999962],[-66.85056741999995,-29.42308571999996],[-66.85066394999996,-29.42267463999997],[-66.85082053999997,-29.42229925999993],[-66.85095938999996,-29.421896919999938],[-66.85147386999995,-29.42118997999995],[-66.85043581999997,-29.42064630999994],[-66.84995418999995,-29.41997729999997]]]}},{"type":"Feature","properties":{"radio_id":"460140804","population":647,"population_density":6624.487146806427,"households":230,"dwellings":270,"area_km2":0.097667938009648,"demographic_residential_component":0.3675538656527249,"density_component":0.8326996197718631,"territorial_context_score":0.600126742712294,"percentile":69.96197718631178,"relative_level":"medium"},"geometry":{"type":"Polygon","coordinates":[[[-66.85214641999994,-29.42028805999996],[-66.85147386999995,-29.42118997999995],[-66.85095938999996,-29.421896919999938],[-66.85082053999997,-29.42229925999993],[-66.85066394999996,-29.42267463999997],[-66.85056741999995,-29.42308571999996],[-66.85162653999998,-29.42318720999998],[-66.85231529999999,-29.42323693999998],[-66.85374035999996,-29.423354109999934],[-66.85384499999998,-29.422559569999976],[-66.85526802999993,-29.422681249999982],[-66.85535215999994,-29.422022149999975],[-66.85538653999998,-29.421205509999936],[-66.85397251999996,-29.421173979999935],[-66.85342570999995,-29.421091789999934],[-66.85260440999997,-29.420591849999937],[-66.85214641999994,-29.42028805999996]]]}},{"type":"Feature","properties":{"radio_id":"460140805","population":453,"population_density":5709.532672684255,"households":181,"dwellings":197,"area_km2":0.07934099443326743,"demographic_residential_component":0.10012674271229405,"density_component":0.7072243346007605,"territorial_context_score":0.4036755386565273,"percentile":31.1787072243346,"relative_level":"low"},"geometry":{"type":"Polygon","coordinates":[[[-66.85056741999995,-29.42308571999996],[-66.85040908999997,-29.423623499999962],[-66.85028777999997,-29.42415201999995],[-66.85012970999998,-29.424969449999935],[-66.85007614999995,-29.425344179999968],[-66.85129462999998,-29.425399549999952],[-66.85204220999998,-29.425457909999977],[-66.85341139999997,-29.425543869999956],[-66.85352110999997,-29.424862059999953],[-66.85363583999998,-29.42404038999996],[-66.85368486999994,-29.423742379999965],[-66.85374035999996,-29.423354109999934],[-66.85231529999999,-29.42323693999998],[-66.85162653999998,-29.42318720999998],[-66.85056741999995,-29.42308571999996]]]}},{"type":"Feature","properties":{"radio_id":"460140806","population":659,"population_density":4418.799321215501,"households":258,"dwellings":290,"area_km2":0.14913553481282008,"demographic_residential_component":0.4499366286438529,"density_component":0.5171102661596958,"territorial_context_score":0.48352344740177433,"percentile":45.627376425855516,"relative_level":"low"},"geometry":{"type":"Polygon","coordinates":[[[-66.85538653999998,-29.421205509999936],[-66.85535215999994,-29.422022149999975],[-66.85526802999993,-29.422681249999982],[-66.85384499999998,-29.422559569999976],[-66.85374035999996,-29.423354109999934],[-66.85368486999994,-29.423742379999965],[-66.85363583999998,-29.42404038999996],[-66.85352110999997,-29.424862059999953],[-66.85341139999997,-29.425543869999956],[-66.85415099999994,-29.425633859999948],[-66.85494979999999,-29.42565578999995],[-66.85507867999996,-29.425663989999975],[-66.85530537999995,-29.425662529999954],[-66.85550611999997,-29.42563868999997],[-66.85567384999996,-29.42561054999993],[-66.85591557999999,-29.42555937999998],[-66.85611800999993,-29.42549041999996],[-66.85644450999996,-29.425348489999976],[-66.85670593999998,-29.42518893999994],[-66.85686157999999,-29.42507065999996],[-66.85693641999995,-29.425025069999947],[-66.85707140999995,-29.424902419999967],[-66.85717674999995,-29.424807019999946],[-66.85728093999995,-29.424698089999936],[-66.85740642999997,-29.42454842999996],[-66.85750008999997,-29.424412509999968],[-66.85755096999998,-29.424335499999984],[-66.85758645999994,-29.42426760999996],[-66.85770115999998,-29.424059389999968],[-66.85786771999994,-29.423647849999952],[-66.85783718999994,-29.42307969999996],[-66.85784246999998,-29.422849629999973],[-66.85791904999996,-29.42239806999993],[-66.85665959999994,-29.42150855999995],[-66.85538653999998,-29.421205509999936]]]}},{"type":"Feature","properties":{"radio_id":"460140807","population":632,"population_density":5113.383770594076,"households":320,"dwellings":404,"area_km2":0.12359721631583578,"demographic_residential_component":0.6349809885931559,"density_component":0.6311787072243346,"territorial_context_score":0.6330798479087452,"percentile":74.52471482889734,"relative_level":"medium"},"geometry":{"type":"Polygon","coordinates":[[[-66.85791904999996,-29.42239806999993],[-66.85784246999998,-29.422849629999973],[-66.85783718999994,-29.42307969999996],[-66.85786771999994,-29.423647849999952],[-66.85816331999996,-29.426695129999928],[-66.85816881999995,-29.427349129999982],[-66.85882302999994,-29.42733138999995],[-66.85909620999996,-29.427343159999964],[-66.86042401999998,-29.42740675999994],[-66.86089717999994,-29.423393749999946],[-66.85978831999995,-29.423261079999975],[-66.85929583999996,-29.423146979999956],[-66.85858923999996,-29.422813239999982],[-66.85791904999996,-29.42239806999993]]]}},{"type":"Feature","properties":{"radio_id":"460140808","population":465,"population_density":6686.823177444002,"households":180,"dwellings":215,"area_km2":0.06953974819740089,"demographic_residential_component":0.1191381495564005,"density_component":0.8479087452471483,"territorial_context_score":0.4835234474017744,"percentile":46.00760456273764,"relative_level":"low"},"geometry":{"type":"Polygon","coordinates":[[[-66.85786771999994,-29.423647849999952],[-66.85770115999998,-29.424059389999968],[-66.85758645999994,-29.42426760999996],[-66.85755096999998,-29.424335499999984],[-66.85750008999997,-29.424412509999968],[-66.85740642999997,-29.42454842999996],[-66.85728093999995,-29.424698089999936],[-66.85717674999995,-29.424807019999946],[-66.85707140999995,-29.424902419999967],[-66.85693641999995,-29.425025069999947],[-66.85686157999999,-29.42507065999996],[-66.85670593999998,-29.42518893999994],[-66.85644450999996,-29.425348489999976],[-66.85611800999993,-29.42549041999996],[-66.85591557999999,-29.42555937999998],[-66.85567384999996,-29.42561054999993],[-66.85550611999997,-29.42563868999997],[-66.85530537999995,-29.425662529999954],[-66.85507867999996,-29.425663989999975],[-66.85494979999999,-29.42565578999995],[-66.85488724999993,-29.42618393999993],[-66.85484876999993,-29.426757039999984],[-66.85606665999995,-29.426740189999975],[-66.85609576999997,-29.427385029999982],[-66.85711070999997,-29.427373989999978],[-66.85816881999995,-29.427349129999982],[-66.85816331999996,-29.426695129999928],[-66.85786771999994,-29.423647849999952]]]}},{"type":"Feature","properties":{"radio_id":"460140809","population":218,"population_density":2903.5887487718974,"households":101,"dwellings":102,"area_km2":0.07507950294001013,"demographic_residential_component":0.017743979721166033,"density_component":0.29277566539923955,"territorial_context_score":0.1552598225602028,"percentile":3.802281368821293,"relative_level":"very_low"},"geometry":{"type":"Polygon","coordinates":[[[-66.85494979999999,-29.42565578999995],[-66.85415099999994,-29.425633859999948],[-66.85341139999997,-29.425543869999956],[-66.85334680999995,-29.42681627999997],[-66.85329571999995,-29.427484189999973],[-66.85323391999998,-29.428350619999947],[-66.85320255999994,-29.428914649999967],[-66.85319282999995,-29.429352249999965],[-66.85320940999998,-29.42948745999996],[-66.85494061999998,-29.429480869999963],[-66.85490299999998,-29.428926299999944],[-66.85489567999997,-29.42842115999997],[-66.85484629999996,-29.427447179999945],[-66.85609576999997,-29.427385029999982],[-66.85606665999995,-29.426740189999975],[-66.85484876999993,-29.426757039999984],[-66.85488724999993,-29.42618393999993],[-66.85494979999999,-29.42565578999995]]]}},{"type":"Feature","properties":{"radio_id":"460140810","population":339,"population_density":3588.5139761363325,"households":123,"dwellings":120,"area_km2":0.09446807292777865,"demographic_residential_component":0.027883396704689478,"density_component":0.3916349809885932,"territorial_context_score":0.20975918884664133,"percentile":7.984790874524715,"relative_level":"very_low"},"geometry":{"type":"Polygon","coordinates":[[[-66.85341139999997,-29.425543869999956],[-66.85204220999998,-29.425457909999977],[-66.85129462999998,-29.425399549999952],[-66.85007614999995,-29.425344179999968],[-66.84994955999997,-29.42598098999997],[-66.84987355999993,-29.42638291999998],[-66.84983093999995,-29.42658616999995],[-66.84976699999999,-29.42695193999998],[-66.84970727999996,-29.427204909999944],[-66.84997537999993,-29.427225759999942],[-66.84999082999997,-29.427225659999976],[-66.85084993999993,-29.427310379999938],[-66.85074835999995,-29.428104899999937],[-66.85168394999994,-29.42821619999995],[-66.85323391999998,-29.428350619999947],[-66.85329571999995,-29.427484189999973],[-66.85334680999995,-29.42681627999997],[-66.85341139999997,-29.425543869999956]]]}},{"type":"Feature","properties":{"radio_id":"460140811","population":578,"population_density":4409.076799531488,"households":183,"dwellings":179,"area_km2":0.13109320301733432,"demographic_residential_component":0.12674271229404308,"density_component":0.5133079847908745,"territorial_context_score":0.3200253485424588,"percentile":20.15209125475285,"relative_level":"very_low"},"geometry":{"type":"Polygon","coordinates":[[[-66.85040908999997,-29.423623499999962],[-66.84949793999994,-29.42371952999997],[-66.84924891999998,-29.42376170999995],[-66.84847644999996,-29.423807229999966],[-66.84784973999996,-29.42378415999997],[-66.84712598999994,-29.423739139999952],[-66.84641982999995,-29.423703039999964],[-66.84560005999998,-29.42363606999993],[-66.84544725999996,-29.424471509999933],[-66.84539559999996,-29.424828179999963],[-66.84530546999997,-29.425392579999937],[-66.84528108999996,-29.425559629999952],[-66.84524236999994,-29.425862089999953],[-66.84517073999996,-29.42629555999997],[-66.84516396999999,-29.42634972999997],[-66.84583374999994,-29.426345479999952],[-66.84625622999994,-29.42634279999993],[-66.84670622999994,-29.426303849999954],[-66.84728601999996,-29.426259569999957],[-66.84772405999996,-29.426270319999958],[-66.84818462999993,-29.42626286999996],[-66.84863778999994,-29.42623291999996],[-66.84939003999995,-29.426232639999967],[-66.84987355999993,-29.42638291999998],[-66.84994955999997,-29.42598098999997],[-66.85007614999995,-29.425344179999968],[-66.85012970999998,-29.424969449999935],[-66.85028777999997,-29.42415201999995],[-66.85040908999997,-29.423623499999962]]]}},{"type":"Feature","properties":{"radio_id":"460140812","population":471,"population_density":3138.043513598703,"households":160,"dwellings":159,"area_km2":0.1500935209976926,"demographic_residential_component":0.06717363751584285,"density_component":0.3231939163498099,"territorial_context_score":0.19518377693282635,"percentile":6.4638783269961975,"relative_level":"very_low"},"geometry":{"type":"Polygon","coordinates":[[[-66.84987355999993,-29.42638291999998],[-66.84939003999995,-29.426232639999967],[-66.84863778999994,-29.42623291999996],[-66.84818462999993,-29.42626286999996],[-66.84772405999996,-29.426270319999958],[-66.84728601999996,-29.426259569999957],[-66.84670622999994,-29.426303849999954],[-66.84625622999994,-29.42634279999993],[-66.84583374999994,-29.426345479999952],[-66.84516396999999,-29.42634972999997],[-66.84510568999997,-29.42677860999993],[-66.84507660999998,-29.426999819999935],[-66.84506264999999,-29.427180329999942],[-66.84493798999995,-29.42805618999995],[-66.84491255999995,-29.428345029999946],[-66.84485834999998,-29.42926553999996],[-66.84628262999996,-29.429279049999934],[-66.84781639999994,-29.429323429999954],[-66.84842963999995,-29.42933304999997],[-66.84934372999999,-29.42933624999995],[-66.84940893999993,-29.42912382999998],[-66.84951617999997,-29.428387919999977],[-66.84970727999996,-29.427204909999944],[-66.84976699999999,-29.42695193999998],[-66.84983093999995,-29.42658616999995],[-66.84987355999993,-29.42638291999998]]]}},{"type":"Feature","properties":{"radio_id":"460140813","population":325,"population_density":3432.221657978386,"households":125,"dwellings":124,"area_km2":0.09469085402585227,"demographic_residential_component":0.027883396704689478,"density_component":0.3726235741444867,"territorial_context_score":0.2002534854245881,"percentile":7.604562737642586,"relative_level":"very_low"},"geometry":{"type":"Polygon","coordinates":[[[-66.85084993999993,-29.427310379999938],[-66.84999082999997,-29.427225659999976],[-66.84997537999993,-29.427225759999942],[-66.84970727999996,-29.427204909999944],[-66.84951617999997,-29.428387919999977],[-66.84940893999993,-29.42912382999998],[-66.84934372999999,-29.42933624999995],[-66.84919026999995,-29.43009049999995],[-66.84991502999998,-29.430126479999956],[-66.85051509999994,-29.430163239999956],[-66.85149799999994,-29.43026070999997],[-66.85324027999997,-29.43034427999993],[-66.85322954999998,-29.429676779999966],[-66.85320940999998,-29.42948745999996],[-66.85319282999995,-29.429352249999965],[-66.85320255999994,-29.428914649999967],[-66.85323391999998,-29.428350619999947],[-66.85168394999994,-29.42821619999995],[-66.85074835999995,-29.428104899999937],[-66.85084993999993,-29.427310379999938]]]}},{"type":"Feature","properties":{"radio_id":"460140901","population":1149,"population_density":3093.0826353894727,"households":357,"dwellings":371,"area_km2":0.37147407148251665,"demographic_residential_component":0.8542458808618504,"density_component":0.311787072243346,"territorial_context_score":0.5830164765525983,"percentile":65.0190114068441,"relative_level":"medium"},"geometry":{"type":"Polygon","coordinates":[[[-66.87874628999998,-29.434007949999966],[-66.87813801999994,-29.43398038999993],[-66.87766379999994,-29.43396095999998],[-66.87751940999993,-29.433948379999947],[-66.87748471999998,-29.435067239999967],[-66.87743315999995,-29.43566297999996],[-66.87737621999997,-29.436231689999943],[-66.87733457999997,-29.436782259999973],[-66.87773155999997,-29.436806709999928],[-66.87768565999994,-29.437461049999968],[-66.87767135999997,-29.437835529999973],[-66.87763220999994,-29.438435699999957],[-66.87757249999999,-29.438923229999943],[-66.87752140999999,-29.43933403999995],[-66.87742928999995,-29.44024578999995],[-66.87732363999999,-29.441144089999966],[-66.87809940999995,-29.441229189999945],[-66.87891948999999,-29.44131398999997],[-66.87928300999994,-29.441280019999965],[-66.87944608999999,-29.441427789999977],[-66.87956405999995,-29.44160292999993],[-66.87964387999995,-29.441656529999932],[-66.87989362999997,-29.44193452999997],[-66.88264901999997,-29.43996771999997],[-66.88530420999996,-29.438935209999954],[-66.88550651999998,-29.438496329999964],[-66.88475233999998,-29.43768943999993],[-66.88400503999998,-29.43672461999995],[-66.88339511999993,-29.435912249999944],[-66.87915914999996,-29.43683337999994],[-66.87907215999996,-29.43630620999994],[-66.87888690999995,-29.435139189999973],[-66.87874628999998,-29.434007949999966]]]}},{"type":"Feature","properties":{"radio_id":"460140902","population":498,"population_density":4087.679815135783,"households":155,"dwellings":174,"area_km2":0.12182950292633368,"demographic_residential_component":0.0697084917617237,"density_component":0.4790874524714829,"territorial_context_score":0.2743979721166033,"percentile":16.730038022813687,"relative_level":"very_low"},"geometry":{"type":"Polygon","coordinates":[[[-66.87751940999993,-29.433948379999947],[-66.87668404999994,-29.433877199999984],[-66.87548774999993,-29.433776819999935],[-66.87565234999994,-29.434943979999957],[-66.87550767999994,-29.43609964999996],[-66.87538372999995,-29.437268719999963],[-66.87525284999998,-29.43823033999996],[-66.87513176999994,-29.43913324999994],[-66.87598980999996,-29.439199779999967],[-66.87675615999996,-29.439271419999955],[-66.87752140999999,-29.43933403999995],[-66.87757249999999,-29.438923229999943],[-66.87763220999994,-29.438435699999957],[-66.87767135999997,-29.437835529999973],[-66.87768565999994,-29.437461049999968],[-66.87773155999997,-29.436806709999928],[-66.87733457999997,-29.436782259999973],[-66.87737621999997,-29.436231689999943],[-66.87743315999995,-29.43566297999996],[-66.87748471999998,-29.435067239999967],[-66.87751940999993,-29.433948379999947]]]}},{"type":"Feature","properties":{"radio_id":"460140903","population":694,"population_density":8167.068768981063,"households":332,"dwellings":392,"area_km2":0.08497540790103872,"demographic_residential_component":0.6806083650190115,"density_component":0.9315589353612167,"territorial_context_score":0.8060836501901141,"percentile":92.77566539923954,"relative_level":"high"},"geometry":{"type":"Polygon","coordinates":[[[-66.87343531999994,-29.43358731999996],[-66.87268969999997,-29.43352454999996],[-66.87253766999999,-29.434666729999947],[-66.87179515999998,-29.434608439999977],[-66.87163475999995,-29.435737139999958],[-66.87237940999995,-29.43580443999997],[-66.87315596999997,-29.43586700999998],[-66.87395741999995,-29.435947449999958],[-66.87432676999998,-29.43599464999994],[-66.87468771999994,-29.43602384999997],[-66.87550767999994,-29.43609964999996],[-66.87565234999994,-29.434943979999957],[-66.87548774999993,-29.433776819999935],[-66.87507202999996,-29.43372992999997],[-66.87461818999998,-29.433683299999984],[-66.87409739999998,-29.43364160999994],[-66.87343531999994,-29.43358731999996]]]}},{"type":"Feature","properties":{"radio_id":"460140904","population":404,"population_density":8534.036180309184,"households":220,"dwellings":265,"area_km2":0.04733985085886562,"demographic_residential_component":0.26235741444866917,"density_component":0.9619771863117871,"territorial_context_score":0.6121673003802282,"percentile":72.24334600760456,"relative_level":"medium"},"geometry":{"type":"Polygon","coordinates":[[[-66.87268969999997,-29.43352454999996],[-66.87195028999997,-29.433466239999973],[-66.87115092999994,-29.433385769999973],[-66.87036721999993,-29.43332773999998],[-66.86962674999995,-29.433264919999942],[-66.86956200999998,-29.433770529999947],[-66.86947975999993,-29.43439804999997],[-66.86935035999994,-29.435540079999953],[-66.87008981999998,-29.435602909999943],[-66.87024496999999,-29.43446070999994],[-66.87101341999994,-29.434541389999936],[-66.87179515999998,-29.434608439999977],[-66.87253766999999,-29.434666729999947],[-66.87268969999997,-29.43352454999996]]]}},{"type":"Feature","properties":{"radio_id":"460140905","population":463,"population_density":6244.219963957375,"households":232,"dwellings":244,"area_km2":0.07414857302793772,"demographic_residential_component":0.2661596958174905,"density_component":0.7870722433460076,"territorial_context_score":0.526615969581749,"percentile":53.61216730038023,"relative_level":"medium"},"geometry":{"type":"Polygon","coordinates":[[[-66.86743800999994,-29.433040129999938],[-66.86668494999998,-29.432950309999967],[-66.86652189999995,-29.434137669999984],[-66.86640601999994,-29.43529764999994],[-66.86715065999994,-29.435364969999966],[-66.86792720999995,-29.435427569999945],[-66.86868727999996,-29.435490279999954],[-66.86935035999994,-29.435540079999953],[-66.86947975999993,-29.43439804999997],[-66.86956200999998,-29.433770529999947],[-66.86962674999995,-29.433264919999942],[-66.86893882999993,-29.433201749999967],[-66.86885108999996,-29.433184279999978],[-66.86820847999996,-29.433116299999938],[-66.86743800999994,-29.433040129999938]]]}},{"type":"Feature","properties":{"radio_id":"460140906","population":641,"population_density":1871.7570331089858,"households":246,"dwellings":256,"area_km2":0.34245897766725625,"demographic_residential_component":0.37515842839036756,"density_component":0.20152091254752852,"territorial_context_score":0.28833967046894804,"percentile":18.631178707224336,"relative_level":"very_low"},"geometry":{"type":"Polygon","coordinates":[[[-66.85971636999994,-29.432458709999935],[-66.85965684999996,-29.432977819999962],[-66.85961767999999,-29.43322164999995],[-66.85938454999996,-29.435275479999973],[-66.85929363999998,-29.436106019999954],[-66.85918480999999,-29.437256929999933],[-66.85915227999993,-29.43767662999994],[-66.85944612999998,-29.437692779999963],[-66.86339942999996,-29.438050609999948],[-66.86427607999997,-29.438126109999928],[-66.86439465999996,-29.437281859999928],[-66.86451506999998,-29.436288739999952],[-66.86468070999996,-29.435160009999947],[-66.86558820999994,-29.435230799999943],[-66.86640601999994,-29.43529764999994],[-66.86652189999995,-29.434137669999984],[-66.86668494999998,-29.432950309999967],[-66.86587535999996,-29.432878899999935],[-66.86494203999996,-29.432799259999967],[-66.86404680999993,-29.432714859999976],[-66.86319368999995,-29.432612139999947],[-66.86211342999997,-29.43258304999995],[-66.86164501999997,-29.43264020999993],[-66.85971636999994,-29.432458709999935]]]}},{"type":"Feature","properties":{"radio_id":"460140907","population":656,"population_density":2621.980845780616,"households":266,"dwellings":296,"area_km2":0.2501925218315985,"demographic_residential_component":0.47021546261089986,"density_component":0.27756653992395436,"territorial_context_score":0.37389100126742714,"percentile":26.61596958174905,"relative_level":"low"},"geometry":{"type":"Polygon","coordinates":[[[-66.86640601999994,-29.43529764999994],[-66.86558820999994,-29.435230799999943],[-66.86468070999996,-29.435160009999947],[-66.86451506999998,-29.436288739999952],[-66.86439465999996,-29.437281859999928],[-66.86427607999997,-29.438126109999928],[-66.86339942999996,-29.438050609999948],[-66.85944612999998,-29.437692779999963],[-66.85915227999993,-29.43767662999994],[-66.85913405999997,-29.437960919999966],[-66.85896368999994,-29.43939187999996],[-66.85900700999997,-29.43939611999997],[-66.85904624999995,-29.439404879999984],[-66.85908967999995,-29.439422649999983],[-66.85911868999995,-29.439440499999932],[-66.85914460999999,-29.439458379999962],[-66.85916540999995,-29.439480799999956],[-66.85918826999995,-29.439503199999933],[-66.85921227999995,-29.439539129999957],[-66.85923845999997,-29.439588579999963],[-66.85925654999994,-29.43965611999994],[-66.85926546999997,-29.43973725999996],[-66.86316415999994,-29.440086419999943],[-66.86407398999995,-29.440184269999975],[-66.86489912999997,-29.440260099999932],[-66.86563662999998,-29.440331989999947],[-66.86655975999997,-29.44041619999996],[-66.86669216999996,-29.43926061999997],[-66.86679274999995,-29.438362349999977],[-66.86691443999996,-29.43752257999995],[-66.86703474999996,-29.43652043999998],[-66.86715065999994,-29.435364969999966],[-66.86640601999994,-29.43529764999994]]]}},{"type":"Feature","properties":{"radio_id":"460140908","population":670,"population_density":3910.6103139329107,"households":342,"dwellings":419,"area_km2":0.17132875592663677,"demographic_residential_component":0.7122940430925221,"density_component":0.44866920152091255,"territorial_context_score":0.5804816223067173,"percentile":63.87832699619772,"relative_level":"medium"},"geometry":{"type":"Polygon","coordinates":[[[-66.86935035999994,-29.435540079999953],[-66.86868727999996,-29.435490279999954],[-66.86792720999995,-29.435427569999945],[-66.86715065999994,-29.435364969999966],[-66.86703474999996,-29.43652043999998],[-66.86691443999996,-29.43752257999995],[-66.86679274999995,-29.438362349999977],[-66.86669216999996,-29.43926061999997],[-66.86655975999997,-29.44041619999996],[-66.86738290999995,-29.440501049999966],[-66.86872898999997,-29.44063209999996],[-66.86948916999995,-29.440703819999953],[-66.87034309999996,-29.44077040999997],[-66.87108781999996,-29.44084222999993],[-66.87111951999998,-29.440571379999938],[-66.87118387999993,-29.439659819999974],[-66.87125369999995,-29.438784299999952],[-66.87052868999996,-29.438725889999944],[-66.86973958999994,-29.438645349999945],[-66.86894850999994,-29.43857382999994],[-66.86905467999998,-29.437729649999937],[-66.86919549999993,-29.43671835999993],[-66.86935035999994,-29.435540079999953]]]}},{"type":"Feature","properties":{"radio_id":"460140909","population":660,"population_density":6933.189726384594,"households":266,"dwellings":269,"area_km2":0.09519427940769276,"demographic_residential_component":0.4347275031685678,"density_component":0.8783269961977186,"territorial_context_score":0.6565272496831431,"percentile":77.9467680608365,"relative_level":"high"},"geometry":{"type":"Polygon","coordinates":[[[-66.87179515999998,-29.434608439999977],[-66.87101341999994,-29.434541389999936],[-66.87024496999999,-29.43446070999994],[-66.87008981999998,-29.435602909999943],[-66.86935035999994,-29.435540079999953],[-66.86919549999993,-29.43671835999993],[-66.86905467999998,-29.437729649999937],[-66.86894850999994,-29.43857382999994],[-66.86973958999994,-29.438645349999945],[-66.87052868999996,-29.438725889999944],[-66.87125369999995,-29.438784299999952],[-66.87136179999999,-29.437926579999953],[-66.87149530999994,-29.436906309999983],[-66.87163475999995,-29.435737139999958],[-66.87179515999998,-29.434608439999977]]]}},{"type":"Feature","properties":{"radio_id":"460140910","population":861,"population_density":6692.682686126659,"households":340,"dwellings":340,"area_km2":0.12864796381050264,"demographic_residential_component":0.7135614702154626,"density_component":0.8517110266159695,"territorial_context_score":0.7826362484157161,"percentile":91.63498098859316,"relative_level":"high"},"geometry":{"type":"Polygon","coordinates":[[[-66.87550767999994,-29.43609964999996],[-66.87468771999994,-29.43602384999997],[-66.87432676999998,-29.43599464999994],[-66.87395741999995,-29.435947449999958],[-66.87315596999997,-29.43586700999998],[-66.87237940999995,-29.43580443999997],[-66.87163475999995,-29.435737139999958],[-66.87149530999994,-29.436906309999983],[-66.87136179999999,-29.437926579999953],[-66.87125369999995,-29.438784299999952],[-66.87205817999995,-29.438855719999935],[-66.87281319999994,-29.438927449999937],[-66.87354340999997,-29.43899031999996],[-66.87432937999995,-29.439066349999962],[-66.87513176999994,-29.43913324999994],[-66.87525284999998,-29.43823033999996],[-66.87538372999995,-29.437268719999963],[-66.87550767999994,-29.43609964999996]]]}},{"type":"Feature","properties":{"radio_id":"460140911","population":539,"population_density":4065.7592051249035,"households":181,"dwellings":202,"area_km2":0.13257056623535124,"demographic_residential_component":0.13307984790874525,"density_component":0.467680608365019,"territorial_context_score":0.30038022813688214,"percentile":19.39163498098859,"relative_level":"very_low"},"geometry":{"type":"Polygon","coordinates":[[[-66.87108781999996,-29.44084222999993],[-66.87176349999999,-29.440914479999947],[-66.87253204999996,-29.44099965999993],[-66.87324894999995,-29.44107163999996],[-66.87416180999998,-29.44116037999993],[-66.87458988999998,-29.44120266999994],[-66.87458976999994,-29.44118913999995],[-66.87459274999998,-29.441175589999943],[-66.87459468999998,-29.441162039999938],[-66.87459972999994,-29.44114847999998],[-66.87460472999999,-29.441130399999963],[-66.87461285999996,-29.441116819999934],[-66.87461994999995,-29.44110323999996],[-66.87462807999998,-29.441089659999932],[-66.87463517999998,-29.44107607999996],[-66.87464540999997,-29.441066989999968],[-66.87465559999998,-29.44105338999998],[-66.87466887999994,-29.441039769999975],[-66.87468116999997,-29.441030669999975],[-66.87469139999996,-29.441021579999983],[-66.87470677999994,-29.441012459999968],[-66.87471700999998,-29.441003369999976],[-66.87473547999997,-29.440994229999944],[-66.87475085999995,-29.44098510999993],[-66.87476833999995,-29.44098047999995],[-66.87478681999994,-29.440971339999976],[-66.87480223999995,-29.440966729999957],[-66.87481971999995,-29.44096209999998],[-66.87483516999998,-29.440961999999956],[-66.87485368999995,-29.44095736999998],[-66.87486913999999,-29.440957259999948],[-66.87488665999996,-29.440957149999974],[-66.87490520999995,-29.440957029999936],[-66.87492207999998,-29.440880239999956],[-66.87577837999999,-29.440982859999963],[-66.87654180999994,-29.441072559999952],[-66.87732363999999,-29.441144089999966],[-66.87742928999995,-29.44024578999995],[-66.87752140999999,-29.43933403999995],[-66.87675615999996,-29.439271419999955],[-66.87598980999996,-29.439199779999967],[-66.87513176999994,-29.43913324999994],[-66.87432937999995,-29.439066349999962],[-66.87354340999997,-29.43899031999996],[-66.87281319999994,-29.438927449999937],[-66.87205817999995,-29.438855719999935],[-66.87125369999995,-29.438784299999952],[-66.87118387999993,-29.439659819999974],[-66.87111951999998,-29.440571379999938],[-66.87108781999996,-29.44084222999993]]]}},{"type":"Feature","properties":{"radio_id":"460140912","population":413,"population_density":1895.9792964106728,"households":171,"dwellings":188,"area_km2":0.21782938283232361,"demographic_residential_component":0.07224334600760456,"density_component":0.20532319391634982,"territorial_context_score":0.13878326996197718,"percentile":3.4220532319391634,"relative_level":"very_low"},"geometry":{"type":"Polygon","coordinates":[[[-66.87492207999998,-29.440880239999956],[-66.87490520999995,-29.440957029999936],[-66.87488665999996,-29.440957149999974],[-66.87486913999999,-29.440957259999948],[-66.87485368999995,-29.44095736999998],[-66.87483516999998,-29.440961999999956],[-66.87481971999995,-29.44096209999998],[-66.87480223999995,-29.440966729999957],[-66.87478681999994,-29.440971339999976],[-66.87476833999995,-29.44098047999995],[-66.87475085999995,-29.44098510999993],[-66.87473547999997,-29.440994229999944],[-66.87471700999998,-29.441003369999976],[-66.87470677999994,-29.441012459999968],[-66.87469139999996,-29.441021579999983],[-66.87468116999997,-29.441030669999975],[-66.87466887999994,-29.441039769999975],[-66.87465559999998,-29.44105338999998],[-66.87464540999997,-29.441066989999968],[-66.87463517999998,-29.44107607999996],[-66.87462807999998,-29.441089659999932],[-66.87461994999995,-29.44110323999996],[-66.87461285999996,-29.441116819999934],[-66.87460472999999,-29.441130399999963],[-66.87459972999994,-29.44114847999998],[-66.87459468999998,-29.441162039999938],[-66.87459274999998,-29.441175589999943],[-66.87458976999994,-29.44118913999995],[-66.87458988999998,-29.44120266999994],[-66.87416180999998,-29.44116037999993],[-66.87324894999995,-29.44107163999996],[-66.87253204999996,-29.44099965999993],[-66.87176349999999,-29.440914479999947],[-66.87108781999996,-29.44084222999993],[-66.87104284999998,-29.441248469999948],[-66.87095424999995,-29.442097049999973],[-66.87080367999994,-29.442810709999947],[-66.87091715999998,-29.442823499999975],[-66.87151032999998,-29.44288727999998],[-66.87230984999997,-29.442976759999965],[-66.87305450999997,-29.443039539999972],[-66.87383642999998,-29.443120119999946],[-66.87454513999995,-29.443196649999948],[-66.87473904999996,-29.44321341999995],[-66.87540118999993,-29.44326770999993],[-66.87609757999996,-29.443348829999934],[-66.87686411999994,-29.443438509999964],[-66.87753989999999,-29.44351975999996],[-66.87841725999994,-29.44367183999998],[-66.87843960999999,-29.44327475999995],[-66.87821585999995,-29.442784579999966],[-66.87835393999995,-29.442900949999967],[-66.87884859999997,-29.443254019999983],[-66.87925715999995,-29.443422729999952],[-66.87965779999996,-29.44351028999995],[-66.88044233999995,-29.44365395999995],[-66.88099978999998,-29.44375852999997],[-66.88144837999994,-29.443787129999976],[-66.88112541999993,-29.44338781999994],[-66.88037802999997,-29.442531239999937],[-66.87989362999997,-29.44193452999997],[-66.87964387999995,-29.441656529999932],[-66.87956405999995,-29.44160292999993],[-66.87944608999999,-29.441427789999977],[-66.87928300999994,-29.441280019999965],[-66.87891948999999,-29.44131398999997],[-66.87809940999995,-29.441229189999945],[-66.87732363999999,-29.441144089999966],[-66.87654180999994,-29.441072559999952],[-66.87577837999999,-29.440982859999963],[-66.87492207999998,-29.440880239999956]]]}},{"type":"Feature","properties":{"radio_id":"460140913","population":591,"population_density":1313.591922012113,"households":240,"dwellings":257,"area_km2":0.44991141472210594,"demographic_residential_component":0.33713561470215464,"density_component":0.1444866920152091,"territorial_context_score":0.24081115335868186,"percentile":12.547528517110266,"relative_level":"very_low"},"geometry":{"type":"Polygon","coordinates":[[[-66.85888659999995,-29.440028379999944],[-66.85873163999997,-29.441576519999956],[-66.85863866999995,-29.442163499999936],[-66.85861937999994,-29.442321499999935],[-66.85854648999998,-29.442845199999965],[-66.85852976999996,-29.44294002999993],[-66.85953520999993,-29.443005709999966],[-66.86122166999996,-29.443166219999966],[-66.86290516999998,-29.44334024999995],[-66.86443193999997,-29.443506269999943],[-66.86608554999998,-29.44368045999994],[-66.86618559999994,-29.443688829999928],[-66.86628666999997,-29.443697189999966],[-66.86794227999997,-29.443862319999937],[-66.86874897999996,-29.443947269999967],[-66.86967010999996,-29.444035979999967],[-66.87077911999995,-29.44415953999993],[-66.87144657999994,-29.444231859999945],[-66.87215116999994,-29.444308429999978],[-66.87221485999999,-29.443681039999944],[-66.87230984999997,-29.442976759999965],[-66.87151032999998,-29.44288727999998],[-66.87091715999998,-29.442823499999975],[-66.87080367999994,-29.442810709999947],[-66.87095424999995,-29.442097049999973],[-66.87104284999998,-29.441248469999948],[-66.87108781999996,-29.44084222999993],[-66.87034309999996,-29.44077040999997],[-66.86948916999995,-29.440703819999953],[-66.86872898999997,-29.44063209999996],[-66.86738290999995,-29.440501049999966],[-66.86655975999997,-29.44041619999996],[-66.86563662999998,-29.440331989999947],[-66.86489912999997,-29.440260099999932],[-66.86407398999995,-29.440184269999975],[-66.86316415999994,-29.440086419999943],[-66.85926546999997,-29.43973725999996],[-66.85926256999994,-29.439759829999957],[-66.85926062999994,-29.439773369999955],[-66.85925764999996,-29.43978691999996],[-66.85925569999995,-29.439800469999966],[-66.85925065999999,-29.43981402999998],[-66.85924561999997,-29.439827599999944],[-66.85924057999995,-29.439841159999958],[-66.85923244999998,-29.43985473999993],[-66.85922534999997,-29.43986831999996],[-66.85921515999996,-29.439881919999948],[-66.85920702999994,-29.439895499999977],[-66.85919679999995,-29.43990458999997],[-66.85918660999994,-29.439918189999958],[-66.85917637999995,-29.43992727999995],[-66.85916614999996,-29.439936359999933],[-66.85915591999998,-29.439945449999982],[-66.85914568999993,-29.439954539999974],[-66.85913545999995,-29.439963629999966],[-66.85912316999998,-29.439972729999965],[-66.85910984999998,-29.439981829999965],[-66.85909442999997,-29.439986439999984],[-66.85908419999998,-29.439995529999976],[-66.85906877999997,-29.44000013999994],[-66.85905335999996,-29.440004749999957],[-66.85904106999993,-29.440013849999957],[-66.85902564999998,-29.440018459999976],[-66.85901022999997,-29.44002306999994],[-66.85899476999998,-29.44002316999996],[-66.85897934999997,-29.44002777999998],[-66.85896388999998,-29.440027879999946],[-66.85894846999997,-29.440032489999965],[-66.85893300999999,-29.44003258999993],[-66.85888659999995,-29.440028379999944]]]}},{"type":"Feature","properties":{"radio_id":"460140914","population":850,"population_density":4571.748966524284,"households":241,"dwellings":240,"area_km2":0.18592446921822584,"demographic_residential_component":0.4271229404309252,"density_component":0.5361216730038023,"territorial_context_score":0.4816223067173637,"percentile":44.866920152091254,"relative_level":"low"},"geometry":{"type":"Polygon","coordinates":[[[-66.87454513999995,-29.443196649999948],[-66.87383642999998,-29.443120119999946],[-66.87305450999997,-29.443039539999972],[-66.87230984999997,-29.442976759999965],[-66.87221485999999,-29.443681039999944],[-66.87215116999994,-29.444308429999978],[-66.87285778999996,-29.44438047999995],[-66.87283055999995,-29.444570109999972],[-66.87277539999997,-29.44535079999997],[-66.87286683999997,-29.44604032999996],[-66.87311943999998,-29.446652109999945],[-66.87335134999995,-29.447255009999935],[-66.87344580999996,-29.44745285999994],[-66.87369001999997,-29.44804665999993],[-66.87441765999995,-29.447802819999936],[-66.87460266999994,-29.44774296999998],[-66.87504960999996,-29.44757764999997],[-66.87590480999995,-29.447305899999947],[-66.87603184999995,-29.446136819999936],[-66.87610543999995,-29.44546424999993],[-66.87617175999998,-29.44502628999993],[-66.87620627999996,-29.444845639999983],[-66.87623053999994,-29.444669559999966],[-66.87757671999998,-29.44480503999995],[-66.87805404999995,-29.44434180999997],[-66.87841725999994,-29.44367183999998],[-66.87753989999999,-29.44351975999996],[-66.87686411999994,-29.443438509999964],[-66.87609757999996,-29.443348829999934],[-66.87540118999993,-29.44326770999993],[-66.87473904999996,-29.44321341999995],[-66.87454513999995,-29.443196649999948]]]}},{"type":"Feature","properties":{"radio_id":"460141001","population":948,"population_density":960.3697711128119,"households":303,"dwellings":319,"area_km2":0.9871197829368591,"demographic_residential_component":0.6844106463878328,"density_component":0.11026615969581749,"territorial_context_score":0.3973384030418251,"percentile":30.418250950570343,"relative_level":"low"},"geometry":{"type":"Polygon","coordinates":[[[-66.81347384999998,-29.396641329999966],[-66.81346103999994,-29.396325659999945],[-66.81329416999995,-29.396069569999952],[-66.81292749999994,-29.39595001999993],[-66.81259100999995,-29.395997179999938],[-66.81239348999998,-29.39616075999993],[-66.81229034999996,-29.396404969999935],[-66.81233913999995,-29.39671139999996],[-66.81251594999998,-29.39692231999993],[-66.81292893999995,-29.39703707999996],[-66.81361819999995,-29.398598079999942],[-66.81428138999996,-29.39998782999993],[-66.81508624999998,-29.401439849999974],[-66.81531270999994,-29.40180382999995],[-66.81651897999996,-29.403848799999935],[-66.81842148999993,-29.40753136999996],[-66.81910754999996,-29.408672859999967],[-66.81913837999997,-29.408663649999937],[-66.81916409999997,-29.408658979999984],[-66.81918775999998,-29.408654319999982],[-66.81921347999997,-29.40864965999998],[-66.81926186999993,-29.408644849999973],[-66.81929070999996,-29.408644669999944],[-66.81933920999995,-29.408653389999984],[-66.81936289999999,-29.40865324999993],[-66.81938563999995,-29.408662129999982],[-66.81940631999998,-29.40867101999993],[-66.81943523999996,-29.408679869999958],[-66.81945591999994,-29.40868875999996],[-66.81947662999994,-29.40870216999997],[-66.81949733999994,-29.40871556999997],[-66.81951496999994,-29.40872898999993],[-66.81953361999996,-29.408742409999945],[-66.81955127999998,-29.408760349999966],[-66.81956687999997,-29.40877828999993],[-66.81958041999997,-29.408796249999966],[-66.81959291999993,-29.408814219999954],[-66.81960645999999,-29.408832179999933],[-66.81961694999995,-29.408854669999982],[-66.81962429999999,-29.40887265999993],[-66.81962962999995,-29.408895179999945],[-66.81963496999998,-29.40891769999996],[-66.81963823999996,-29.408940239999936],[-66.81963841999993,-29.408962789999975],[-66.81963855999999,-29.40898082999996],[-66.81963572999996,-29.409012419999954],[-66.81963082999994,-29.40904402999996],[-66.81962379999999,-29.409066619999976],[-66.81961569999999,-29.409084719999953],[-66.81960557999997,-29.409107329999983],[-66.81959335999994,-29.409125449999976],[-66.81958010999995,-29.40914356999997],[-66.81956479999997,-29.409161709999978],[-66.81954948999999,-29.40917984999993],[-66.81953208999994,-29.40919348999995],[-66.81951364999998,-29.40920712999997],[-66.81949314999997,-29.40922078999995],[-66.81947265999997,-29.40923444999993],[-66.81945215999997,-29.409248109999965],[-66.81941624999996,-29.409266369999955],[-66.82014190999996,-29.41046173999996],[-66.82042835999994,-29.41046448999998],[-66.82064173999999,-29.410476709999955],[-66.82099224999996,-29.410501609999983],[-66.82138205999996,-29.41054431999993],[-66.82195436999996,-29.41060393999993],[-66.82253918999999,-29.41068151999997],[-66.82306009999996,-29.41075497999998],[-66.82421829999998,-29.41089667999995],[-66.82548890999993,-29.411051189999966],[-66.82696370999997,-29.411226989999932],[-66.82777850999997,-29.411330179999936],[-66.82863764999996,-29.41143760999995],[-66.82944714999996,-29.411522789999935],[-66.83024848999997,-29.411617029999945],[-66.83033651999995,-29.41103911999994],[-66.83045259999994,-29.410361799999976],[-66.82956255999994,-29.41025456999995],[-66.82885085999999,-29.41015976999995],[-66.82824539999996,-29.410077829999977],[-66.82769582999998,-29.41002711999994],[-66.82714937999998,-29.40998088999993],[-66.82519810999997,-29.409744899999964],[-66.82436477999994,-29.409641809999982],[-66.82267858999995,-29.409440229999973],[-66.82278076999995,-29.40869533999995],[-66.82287348999995,-29.408054249999964],[-66.82297447999997,-29.407417619999933],[-66.82332682999998,-29.405115009999975],[-66.82590260999996,-29.40550953999997],[-66.82815623999994,-29.40581580999998],[-66.82997159999996,-29.406070649999947],[-66.82986913999997,-29.40576004999997],[-66.82862257999994,-29.405515209999976],[-66.82771567999998,-29.40510134999994],[-66.82752888999994,-29.404935619999947],[-66.82483846999997,-29.402845819999982],[-66.82460024999995,-29.402689419999945],[-66.82270978999998,-29.401415559999975],[-66.82258764999995,-29.401344149999943],[-66.81741839999995,-29.398439509999946],[-66.81712324999995,-29.39824735999997],[-66.81542677999994,-29.397378169999968],[-66.81475282999997,-29.39709359999995],[-66.81415909999998,-29.396921319999933],[-66.81347384999998,-29.396641329999966]]]}},{"type":"Feature","properties":{"radio_id":"460141002","population":941,"population_density":2323.1124707735594,"households":318,"dwellings":348,"area_km2":0.40506002694164095,"demographic_residential_component":0.7300380228136882,"density_component":0.23574144486692014,"territorial_context_score":0.4828897338403042,"percentile":45.247148288973385,"relative_level":"low"},"geometry":{"type":"Polygon","coordinates":[[[-66.82997159999996,-29.406070649999947],[-66.82815623999994,-29.40581580999998],[-66.82590260999996,-29.40550953999997],[-66.82332682999998,-29.405115009999975],[-66.82297447999997,-29.407417619999933],[-66.82287348999995,-29.408054249999964],[-66.82278076999995,-29.40869533999995],[-66.82267858999995,-29.409440229999973],[-66.82436477999994,-29.409641809999982],[-66.82519810999997,-29.409744899999964],[-66.82714937999998,-29.40998088999993],[-66.82769582999998,-29.41002711999994],[-66.82824539999996,-29.410077829999977],[-66.82885085999999,-29.41015976999995],[-66.82956255999994,-29.41025456999995],[-66.83045259999994,-29.410361799999976],[-66.83033651999995,-29.41103911999994],[-66.83024848999997,-29.411617029999945],[-66.83099113999998,-29.41171614999996],[-66.83156353999993,-29.411784739999973],[-66.83213592999994,-29.411853339999936],[-66.83281963999997,-29.411925749999966],[-66.83452155999998,-29.41215416999995],[-66.83462476999995,-29.41154457999994],[-66.83473786999997,-29.410885319999977],[-66.83440776999998,-29.410837769999944],[-66.83303099999995,-29.41067948999995],[-66.83267006999995,-29.410641149999947],[-66.83173880999993,-29.410534199999972],[-66.83091889999997,-29.410435569999947],[-66.83074605999997,-29.409705919999965],[-66.83061662999995,-29.408994039999982],[-66.83050287999998,-29.408309129999964],[-66.83021922999995,-29.407002809999938],[-66.82997159999996,-29.406070649999947]]]}},{"type":"Feature","properties":{"radio_id":"460141003","population":530,"population_density":3253.1163149615422,"households":166,"dwellings":178,"area_km2":0.1629207039300916,"demographic_residential_component":0.09125475285171103,"density_component":0.34600760456273766,"territorial_context_score":0.21863117870722434,"percentile":8.745247148288973,"relative_level":"very_low"},"geometry":{"type":"Polygon","coordinates":[[[-66.82986913999997,-29.40576004999997],[-66.82997159999996,-29.406070649999947],[-66.83021922999995,-29.407002809999938],[-66.83158267999994,-29.40717473999996],[-66.83319135999994,-29.407349619999934],[-66.83311220999997,-29.40800415999996],[-66.83300921999995,-29.40864080999995],[-66.83289283999994,-29.409277539999948],[-66.83460998999993,-29.409483309999928],[-66.83621366999995,-29.40967171999995],[-66.83630629999993,-29.40903062999996],[-66.83640194999998,-29.408380489999956],[-66.83649979999996,-29.407748389999938],[-66.83674060999994,-29.406330529999934],[-66.83651895999998,-29.40631387999997],[-66.83592105999998,-29.40627251999996],[-66.83512204999994,-29.406205359999944],[-66.83432504999996,-29.406133669999974],[-66.83395699999994,-29.406104399999947],[-66.83338996999998,-29.40605832999995],[-66.83206204999993,-29.40594483999996],[-66.83176309999993,-29.405924159999984],[-66.82986913999997,-29.40576004999997]]]}},{"type":"Feature","properties":{"radio_id":"460141004","population":939,"population_density":3160.3887568466303,"households":329,"dwellings":358,"area_km2":0.29711534632116415,"demographic_residential_component":0.7515842839036756,"density_component":0.33079847908745247,"territorial_context_score":0.541191381495564,"percentile":56.65399239543726,"relative_level":"medium"},"geometry":{"type":"Polygon","coordinates":[[[-66.83830384999999,-29.406618409999965],[-66.83674060999994,-29.406330529999934],[-66.83649979999996,-29.407748389999938],[-66.83640194999998,-29.408380489999956],[-66.83630629999993,-29.40903062999996],[-66.83621366999995,-29.40967171999995],[-66.83460998999993,-29.409483309999928],[-66.83289283999994,-29.409277539999948],[-66.83300921999995,-29.40864080999995],[-66.83311220999997,-29.40800415999996],[-66.83319135999994,-29.407349619999934],[-66.83158267999994,-29.40717473999996],[-66.83021922999995,-29.407002809999938],[-66.83050287999998,-29.408309129999964],[-66.83061662999995,-29.408994039999982],[-66.83074605999997,-29.409705919999965],[-66.83091889999997,-29.410435569999947],[-66.83173880999993,-29.410534199999972],[-66.83267006999995,-29.410641149999947],[-66.83303099999995,-29.41067948999995],[-66.83440776999998,-29.410837769999944],[-66.83473786999997,-29.410885319999977],[-66.83462476999995,-29.41154457999994],[-66.83452155999998,-29.41215416999995],[-66.83614809999995,-29.41236047999996],[-66.83685465999997,-29.41245527999996],[-66.83753351999997,-29.41256377999997],[-66.83773670999994,-29.412589569999966],[-66.83807180999997,-29.412619029999973],[-66.83810638999995,-29.412438389999977],[-66.83814993999994,-29.412095309999984],[-66.83817484999997,-29.411991409999928],[-66.83819878999998,-29.411770229999945],[-66.83821547999997,-29.411544599999957],[-66.83823427999994,-29.41132345999995],[-66.83823603999997,-29.41128735999996],[-66.83826001999995,-29.411070699999982],[-66.83833156999998,-29.410623689999966],[-66.83837724999995,-29.410289619999958],[-66.83854044999998,-29.409084249999978],[-66.83866399999994,-29.40819486999993],[-66.83869632999995,-29.40799168999996],[-66.83878427999997,-29.40740925999995],[-66.83887621999997,-29.40668697999996],[-66.83830384999999,-29.406618409999965]]]}},{"type":"Feature","properties":{"radio_id":"460141005","population":676,"population_density":12279.596887565864,"households":212,"dwellings":228,"area_km2":0.0550506670690882,"demographic_residential_component":0.27249683143219267,"density_component":0.9961977186311787,"territorial_context_score":0.6343472750316856,"percentile":74.90494296577947,"relative_level":"medium"},"geometry":{"type":"Polygon","coordinates":[[[-66.84160718999993,-29.411775809999938],[-66.84082530999996,-29.411667979999947],[-66.84047257999998,-29.41162509999998],[-66.84040030999995,-29.411607509999953],[-66.84011881999999,-29.411582229999965],[-66.83941737999999,-29.411482899999953],[-66.83904900999994,-29.41141755999996],[-66.83823603999997,-29.41128735999996],[-66.83823427999994,-29.41132345999995],[-66.83821547999997,-29.411544599999957],[-66.83819878999998,-29.411770229999945],[-66.83817484999997,-29.411991409999928],[-66.83814993999994,-29.412095309999984],[-66.83810638999995,-29.412438389999977],[-66.83807180999997,-29.412619029999973],[-66.83805047999994,-29.412781549999977],[-66.83800872999996,-29.41309304999993],[-66.83875639999997,-29.413174049999952],[-66.83915846999997,-29.413203089999968],[-66.83914842999997,-29.413234729999942],[-66.83978272999997,-29.413311919999956],[-66.83983990999997,-29.41337470999997],[-66.83981487999995,-29.413713169999937],[-66.83991492999996,-29.41372606999994],[-66.84001295999997,-29.413743489999945],[-66.84008202999996,-29.41337317999995],[-66.84050405999994,-29.412946519999934],[-66.84157560999995,-29.412069199999962],[-66.84160718999993,-29.411775809999938]]]}},{"type":"Feature","properties":{"radio_id":"460141006","population":636,"population_density":3529.063961283968,"households":202,"dwellings":208,"area_km2":0.18021775943346918,"demographic_residential_component":0.20152091254752855,"density_component":0.3840304182509506,"territorial_context_score":0.29277566539923955,"percentile":19.011406844106464,"relative_level":"very_low"},"geometry":{"type":"Polygon","coordinates":[[[-66.84277969999994,-29.411899209999945],[-66.84160718999993,-29.411775809999938],[-66.84157560999995,-29.412069199999962],[-66.84050405999994,-29.412946519999934],[-66.84008202999996,-29.41337317999995],[-66.84001295999997,-29.413743489999945],[-66.83994748999999,-29.41417692999994],[-66.83991976999994,-29.41456501999994],[-66.83992315999996,-29.41472737999993],[-66.84091490999998,-29.415668359999984],[-66.84170144999996,-29.415713009999934],[-66.84168087999996,-29.416092039999967],[-66.84345642999995,-29.416116889999955],[-66.84581695999998,-29.41623273999994],[-66.84584730999995,-29.415916799999934],[-66.84585641999996,-29.41577239999998],[-66.84587824999994,-29.41554672999996],[-66.84512562999998,-29.41549286999998],[-66.84473895999997,-29.415459229999954],[-66.84380817999994,-29.415415509999946],[-66.84423833999995,-29.415101559999982],[-66.84428395999998,-29.41438857999998],[-66.84428040999995,-29.414208179999946],[-66.84428510999999,-29.414154019999955],[-66.84434140999997,-29.413486089999935],[-66.84435691999994,-29.41324241999996],[-66.84436901999999,-29.41283637999993],[-66.84439491999996,-29.412479879999978],[-66.84444050999997,-29.41213677999997],[-66.84435766999997,-29.412087689999964],[-66.84399150999997,-29.41204038999996],[-66.84385227999996,-29.41202322999993],[-66.84346554999996,-29.41198056999997],[-66.84277969999994,-29.411899209999945]]]}},{"type":"Feature","properties":{"radio_id":"460141007","population":668,"population_density":10483.503412970487,"households":214,"dwellings":242,"area_km2":0.06371915701134141,"demographic_residential_component":0.3054499366286439,"density_component":0.9847908745247148,"territorial_context_score":0.6451204055766794,"percentile":76.42585551330798,"relative_level":"high"},"geometry":{"type":"Polygon","coordinates":[[[-66.84636705999998,-29.41236361999995],[-66.84539967999996,-29.412252489999958],[-66.84500249999996,-29.41219185999995],[-66.84444050999997,-29.41213677999997],[-66.84439491999996,-29.412479879999978],[-66.84436901999999,-29.41283637999993],[-66.84435691999994,-29.41324241999996],[-66.84434140999997,-29.413486089999935],[-66.84428510999999,-29.414154019999955],[-66.84428040999995,-29.414208179999946],[-66.84428395999998,-29.41438857999998],[-66.84423833999995,-29.415101559999982],[-66.84380817999994,-29.415415509999946],[-66.84473895999997,-29.415459229999954],[-66.84512562999998,-29.41549286999998],[-66.84587824999994,-29.41554672999996],[-66.84592688999999,-29.41519909999994],[-66.84597052999999,-29.414869549999935],[-66.84602435999994,-29.414526399999943],[-66.84607493999994,-29.414165219999973],[-66.84612121999999,-29.41378151999993],[-66.84617004999996,-29.413456449999956],[-66.84622577999994,-29.41309523999996],[-66.84629781999996,-29.412711379999962],[-66.84636705999998,-29.41236361999995]]]}},{"type":"Feature","properties":{"radio_id":"460141008","population":652,"population_density":11195.80864839264,"households":207,"dwellings":229,"area_km2":0.05823607927539976,"demographic_residential_component":0.24588086185044358,"density_component":0.9885931558935361,"territorial_context_score":0.6172370088719898,"percentile":72.6235741444867,"relative_level":"medium"},"geometry":{"type":"Polygon","coordinates":[[[-66.83915846999997,-29.413203089999968],[-66.83875639999997,-29.413174049999952],[-66.83800872999996,-29.41309304999993],[-66.83794817999996,-29.41349938999997],[-66.83787599999994,-29.41386971999998],[-66.83783016999996,-29.414185749999945],[-66.83777619999995,-29.414515369999947],[-66.83772944999998,-29.414844939999966],[-66.83763464999998,-29.415472509999972],[-66.83805736999994,-29.415505939999946],[-66.83843060999993,-29.41553516999994],[-66.83866566999995,-29.415551729999947],[-66.83937177999996,-29.415587879999975],[-66.83968826999995,-29.41560843999997],[-66.84091490999998,-29.415668359999984],[-66.83992315999996,-29.41472737999993],[-66.83991976999994,-29.41456501999994],[-66.83994748999999,-29.41417692999994],[-66.84001295999997,-29.413743489999945],[-66.83991492999996,-29.41372606999994],[-66.83981487999995,-29.413713169999937],[-66.83983990999997,-29.41337470999997],[-66.83978272999997,-29.413311919999956],[-66.83914842999997,-29.413234729999942],[-66.83915846999997,-29.413203089999968]]]}},{"type":"Feature","properties":{"radio_id":"460141009","population":870,"population_density":3076.347791850123,"households":267,"dwellings":274,"area_km2":0.28280287498858503,"demographic_residential_component":0.5399239543726235,"density_component":0.30798479087452474,"territorial_context_score":0.42395437262357416,"percentile":34.98098859315589,"relative_level":"low"},"geometry":{"type":"Polygon","coordinates":[[[-66.83270798999996,-29.41276542999998],[-66.83260966999995,-29.41334340999998],[-66.83251807999994,-29.414115299999935],[-66.83245198999998,-29.414602869999953],[-66.83244193999997,-29.414634499999977],[-66.83233786999995,-29.415140349999945],[-66.83224829999995,-29.415781419999973],[-66.83221558999998,-29.41593948999997],[-66.83215567999997,-29.416427019999958],[-66.83212549999996,-29.416896319999978],[-66.83390466999998,-29.417110719999982],[-66.83430683999995,-29.41714879999995],[-66.83502358999993,-29.417225499999972],[-66.83554949999996,-29.417276329999936],[-66.83690892999994,-29.417443719999937],[-66.83736003999996,-29.417544629999952],[-66.83740785999998,-29.417093259999945],[-66.83754414999999,-29.416122619999953],[-66.83758784999998,-29.41579756999994],[-66.83763464999998,-29.415472509999972],[-66.83772944999998,-29.414844939999966],[-66.83777619999995,-29.414515369999947],[-66.83783016999996,-29.414185749999945],[-66.83787599999994,-29.41386971999998],[-66.83794817999996,-29.41349938999997],[-66.83800872999996,-29.41309304999993],[-66.83805047999994,-29.412781549999977],[-66.83807180999997,-29.412619029999973],[-66.83773670999994,-29.412589569999966],[-66.83753351999997,-29.41256377999997],[-66.83685465999997,-29.41245527999996],[-66.83614809999995,-29.41236047999996],[-66.83452155999998,-29.41215416999995],[-66.83281963999997,-29.411925749999966],[-66.83270798999996,-29.41276542999998]]]}},{"type":"Feature","properties":{"radio_id":"460141010","population":676,"population_density":8435.44180879145,"households":221,"dwellings":236,"area_km2":0.08013806689952745,"demographic_residential_component":0.3092522179974651,"density_component":0.9467680608365019,"territorial_context_score":0.6280101394169835,"percentile":74.1444866920152,"relative_level":"medium"},"geometry":{"type":"Polygon","coordinates":[[[-66.82421829999998,-29.41089667999995],[-66.82411184999995,-29.41174984999998],[-66.82480484999996,-29.411826749999932],[-66.82537209999998,-29.411895409999943],[-66.82683663999995,-29.412075779999952],[-66.82765659999995,-29.412178939999933],[-66.82845907999996,-29.41228671999994],[-66.82933260999994,-29.412389539999936],[-66.83009373999994,-29.412479529999928],[-66.83144992999996,-29.412637969999935],[-66.83270798999996,-29.41276542999998],[-66.83281963999997,-29.411925749999966],[-66.83213592999994,-29.411853339999936],[-66.83156353999993,-29.411784739999973],[-66.83099113999998,-29.41171614999996],[-66.83024848999997,-29.411617029999945],[-66.82944714999996,-29.411522789999935],[-66.82863764999996,-29.41143760999995],[-66.82777850999997,-29.411330179999936],[-66.82696370999997,-29.411226989999932],[-66.82548890999993,-29.411051189999966],[-66.82421829999998,-29.41089667999995]]]}},{"type":"Feature","properties":{"radio_id":"460141011","population":842,"population_density":3588.782269229753,"households":243,"dwellings":252,"area_km2":0.23461997324811662,"demographic_residential_component":0.4537389100126743,"density_component":0.39543726235741444,"territorial_context_score":0.4245880861850444,"percentile":35.361216730038024,"relative_level":"low"},"geometry":{"type":"Polygon","coordinates":[[[-66.82014190999996,-29.41046173999996],[-66.82035525999999,-29.41098366999995],[-66.82054577999997,-29.41135687999997],[-66.82084219999996,-29.41195947999995],[-66.82125757999995,-29.412746289999973],[-66.82139959999995,-29.413110769999946],[-66.82161897999998,-29.413483809999946],[-66.82208857999996,-29.414477759999954],[-66.82241269999997,-29.415062149999983],[-66.82251735999995,-29.415264479999962],[-66.82260112999995,-29.415430859999958],[-66.82479217999997,-29.41561577999994],[-66.82485288999999,-29.415222979999953],[-66.82635618999996,-29.415348979999976],[-66.82640423999999,-29.41492016999996],[-66.82653779999998,-29.413981129999968],[-66.82663093999997,-29.413394169999947],[-66.82674328999997,-29.412635679999937],[-66.82683663999995,-29.412075779999952],[-66.82537209999998,-29.411895409999943],[-66.82480484999996,-29.411826749999932],[-66.82411184999995,-29.41174984999998],[-66.82421829999998,-29.41089667999995],[-66.82306009999996,-29.41075497999998],[-66.82253918999999,-29.41068151999997],[-66.82195436999996,-29.41060393999993],[-66.82138205999996,-29.41054431999993],[-66.82099224999996,-29.410501609999983],[-66.82064173999999,-29.410476709999955],[-66.82042835999994,-29.41046448999998],[-66.82014190999996,-29.41046173999996]]]}},{"type":"Feature","properties":{"radio_id":"460141012","population":1117,"population_density":5383.613248374616,"households":344,"dwellings":339,"area_km2":0.20748147173039166,"demographic_residential_component":0.8048162230671737,"density_component":0.6653992395437263,"territorial_context_score":0.7351077313054499,"percentile":86.69201520912547,"relative_level":"high"},"geometry":{"type":"Polygon","coordinates":[[[-66.83270798999996,-29.41276542999998],[-66.83144992999996,-29.412637969999935],[-66.83009373999994,-29.412479529999928],[-66.82933260999994,-29.412389539999936],[-66.82845907999996,-29.41228671999994],[-66.82765659999995,-29.412178939999933],[-66.82683663999995,-29.412075779999952],[-66.82674328999997,-29.412635679999937],[-66.82663093999997,-29.413394169999947],[-66.82653779999998,-29.413981129999968],[-66.82640423999999,-29.41492016999996],[-66.82635618999996,-29.415348979999976],[-66.82801874999996,-29.415546149999955],[-66.82963561999998,-29.415698479999946],[-66.83221558999998,-29.41593948999997],[-66.83224829999995,-29.415781419999973],[-66.83233786999995,-29.415140349999945],[-66.83244193999997,-29.414634499999977],[-66.83245198999998,-29.414602869999953],[-66.83251807999994,-29.414115299999935],[-66.83260966999995,-29.41334340999998],[-66.83270798999996,-29.41276542999998]]]}},{"type":"Feature","properties":{"radio_id":"460141013","population":1066,"population_density":3194.163712295932,"households":284,"dwellings":300,"area_km2":0.3337336767982284,"demographic_residential_component":0.6742712294043093,"density_component":0.33460076045627374,"territorial_context_score":0.5044359949302915,"percentile":48.669201520912544,"relative_level":"low"},"geometry":{"type":"Polygon","coordinates":[[[-66.82635618999996,-29.415348979999976],[-66.82485288999999,-29.415222979999953],[-66.82479217999997,-29.41561577999994],[-66.82260112999995,-29.415430859999958],[-66.82303612999993,-29.416348349999964],[-66.82348641999994,-29.417243189999965],[-66.82385833999996,-29.41800318999998],[-66.82675329999995,-29.418328059999965],[-66.82842187999995,-29.41849811999998],[-66.83015116999997,-29.41865875999997],[-66.83035021999996,-29.418680079999945],[-66.83155381999995,-29.418816909999975],[-66.83179620999994,-29.418846969999947],[-66.83246137999998,-29.418914989999962],[-66.83360617999995,-29.419043149999936],[-66.83474895999996,-29.419175819999964],[-66.83476391999994,-29.41848559999994],[-66.83479489999996,-29.417862939999964],[-66.83545482999995,-29.417921949999936],[-66.83554949999996,-29.417276329999936],[-66.83502358999993,-29.417225499999972],[-66.83430683999995,-29.41714879999995],[-66.83390466999998,-29.417110719999982],[-66.83212549999996,-29.416896319999978],[-66.83215567999997,-29.416427019999958],[-66.83221558999998,-29.41593948999997],[-66.82963561999998,-29.415698479999946],[-66.82801874999996,-29.415546149999955],[-66.82635618999996,-29.415348979999976]]]}},{"type":"Feature","properties":{"radio_id":"460141101","population":941,"population_density":4805.413615736514,"households":281,"dwellings":281,"area_km2":0.19582081278466085,"demographic_residential_component":0.5994930291508238,"density_component":0.5817490494296578,"territorial_context_score":0.5906210392902408,"percentile":68.06083650190115,"relative_level":"medium"},"geometry":{"type":"Polygon","coordinates":[[[-66.87224355999996,-29.401204329999928],[-66.87224570999996,-29.40085247999997],[-66.87181078999998,-29.400832779999973],[-66.87162527999993,-29.400824969999974],[-66.87139376999994,-29.400858059999962],[-66.87124980999994,-29.400890569999945],[-66.87107487999998,-29.40091426999993],[-66.87089188999994,-29.40096056999994],[-66.87070660999996,-29.400979819999975],[-66.87046940999994,-29.400949799999978],[-66.87032815999999,-29.40093718999998],[-66.87011891999998,-29.40092501999993],[-66.86994874999993,-29.400903579999977],[-66.86979131999993,-29.400805369999944],[-66.86965884999995,-29.40073406999994],[-66.86951717999995,-29.400671839999973],[-66.86947581999993,-29.400654069999973],[-66.86939000999996,-29.400618549999933],[-66.86910086999995,-29.400539239999944],[-66.86893386999998,-29.400526799999966],[-66.86875064999998,-29.40054602999993],[-66.86857907999996,-29.400601279999933],[-66.86849398999993,-29.40065144999994],[-66.86835530999997,-29.400697459999947],[-66.86822245999997,-29.40082462999993],[-66.86812581999993,-29.40096959999994],[-66.86805934999995,-29.40102866999996],[-66.86799082999994,-29.40108774999993],[-66.86792630999997,-29.401133279999954],[-66.86785461999995,-29.401183359999948],[-66.86774458999997,-29.401206629999933],[-66.86760589999994,-29.40125263999994],[-66.86747948999994,-29.401289549999944],[-66.86732519999998,-29.40131761999993],[-66.86718619999994,-29.401327539999954],[-66.86702171999997,-29.401369209999928],[-66.86684173999998,-29.401406459999976],[-66.86661052999995,-29.401475629999936],[-66.86654417999995,-29.401548229999946],[-66.86584694999993,-29.402184249999948],[-66.86513089999994,-29.402788819999955],[-66.86476781999994,-29.403102409999974],[-66.86443766999997,-29.403411269999935],[-66.86544928999996,-29.40425270999998],[-66.86598148999997,-29.404686779999963],[-66.86648648999994,-29.405071409999948],[-66.86720199999996,-29.40561705999994],[-66.86794964999996,-29.40509346999994],[-66.86819562999995,-29.404943009999954],[-66.86840399999994,-29.40485143999996],[-66.86868974999999,-29.404894689999935],[-66.86912975999996,-29.40478355999994],[-66.86939749999993,-29.404768279999928],[-66.86936511999994,-29.404353519999972],[-66.86975264999995,-29.40412996999993],[-66.87097480999995,-29.404040789999954],[-66.87155099999995,-29.404194899999936],[-66.87149102999996,-29.403807379999932],[-66.87145972999997,-29.403518899999938],[-66.87102619999996,-29.403422499999976],[-66.87095738999994,-29.403206439999963],[-66.87085818999998,-29.402688359999956],[-66.87066886999997,-29.40199044999997],[-66.86974529999998,-29.402055119999943],[-66.86916904999998,-29.402135559999977],[-66.86881504999997,-29.402061189999984],[-66.86843192999999,-29.402077219999967],[-66.86712124999997,-29.40217144999997],[-66.86681157999993,-29.40210129999997],[-66.86691057999997,-29.401627039999937],[-66.86717678999997,-29.401674919999948],[-66.86730566999995,-29.40168761999996],[-66.86749281999994,-29.401645799999983],[-66.86765710999998,-29.40158157999997],[-66.86779373999997,-29.40153558999998],[-66.86790869999999,-29.401485219999984],[-66.86808122999997,-29.40142094999993],[-66.86827321999994,-29.401343019999956],[-66.86847642999999,-29.401251479999928],[-66.86868676999995,-29.401150879999932],[-66.86894064999996,-29.401081559999966],[-66.86920833999994,-29.401061769999956],[-66.86952795999997,-29.40109125999993],[-66.86981720999995,-29.401184099999966],[-66.87027445999996,-29.401284859999976],[-66.87081247999998,-29.401312919999953],[-66.87122739999995,-29.401283139999975],[-66.87190906999996,-29.401242599999932],[-66.87224355999996,-29.401204329999928]]]}},{"type":"Feature","properties":{"radio_id":"460141102","population":828,"population_density":4952.1791868754135,"households":245,"dwellings":258,"area_km2":0.16719911957031347,"demographic_residential_component":0.46641318124207864,"density_component":0.6121673003802282,"territorial_context_score":0.5392902408111534,"percentile":55.893536121673,"relative_level":"medium"},"geometry":{"type":"Polygon","coordinates":[[[-66.87232710999996,-29.40254343999993],[-66.87161166999994,-29.402611269999966],[-66.87147587999993,-29.402634709999973],[-66.87111245999995,-29.402664149999964],[-66.87085818999998,-29.402688359999956],[-66.87095738999994,-29.403206439999963],[-66.87102619999996,-29.403422499999976],[-66.87145972999997,-29.403518899999938],[-66.87149102999996,-29.403807379999932],[-66.87155099999995,-29.404194899999936],[-66.87097480999995,-29.404040789999954],[-66.86975264999995,-29.40412996999993],[-66.86936511999994,-29.404353519999972],[-66.86939749999993,-29.404768279999928],[-66.86912975999996,-29.40478355999994],[-66.86868974999999,-29.404894689999935],[-66.86840399999994,-29.40485143999996],[-66.86819562999995,-29.404943009999954],[-66.86794964999996,-29.40509346999994],[-66.86720199999996,-29.40561705999994],[-66.86729704999993,-29.405891589999953],[-66.86779383999993,-29.40579362999995],[-66.86792147999995,-29.406022839999935],[-66.86840946999996,-29.406100849999973],[-66.86855679999996,-29.40646524999994],[-66.86879582999995,-29.40670726999997],[-66.86908413999998,-29.40668734999997],[-66.86980282999997,-29.406998399999964],[-66.86991847999997,-29.40702921999997],[-66.87026398999996,-29.40707206999997],[-66.87093730999999,-29.40713532999996],[-66.87123351999998,-29.40719654999998],[-66.87144552999996,-29.40728987999995],[-66.87165116999995,-29.40748248999995],[-66.87184581999998,-29.40771576999998],[-66.87207133999993,-29.407822549999935],[-66.87247916999996,-29.40792362999997],[-66.87280922999997,-29.407966569999928],[-66.87310505999994,-29.407982679999975],[-66.87289809999999,-29.40667143999997],[-66.87270798999998,-29.405522469999937],[-66.87266170999999,-29.405170949999956],[-66.87241560999996,-29.403255539999975],[-66.87236082999993,-29.402872489999936],[-66.87232710999996,-29.40254343999993]]]}},{"type":"Feature","properties":{"radio_id":"460141103","population":823,"population_density":4670.734500037848,"households":256,"dwellings":256,"area_km2":0.1762035499969718,"demographic_residential_component":0.47275031685678076,"density_component":0.5627376425855514,"territorial_context_score":0.517743979721166,"percentile":50.950570342205324,"relative_level":"medium"},"geometry":{"type":"Polygon","coordinates":[[[-66.86648648999994,-29.405071409999948],[-66.86598148999997,-29.404686779999963],[-66.86539388999995,-29.405254429999957],[-66.86511897999998,-29.40503067999998],[-66.86424169999998,-29.40545585999996],[-66.86333563999995,-29.40589024999997],[-66.86247390999995,-29.406328849999966],[-66.86288988999996,-29.406786239999974],[-66.86308749999995,-29.40700597999995],[-66.86360756999994,-29.407588989999965],[-66.86365682999997,-29.407566119999956],[-66.86370005999999,-29.407561329999965],[-66.86378552999997,-29.40755626999993],[-66.86387324999998,-29.407573739999975],[-66.86393536999998,-29.40760941999997],[-66.86396123999998,-29.407622789999948],[-66.86398928999995,-29.407649669999955],[-66.86400282999995,-29.407667619999984],[-66.86402057999999,-29.407694569999933],[-66.86403121999996,-29.407735099999968],[-66.86421662999999,-29.40772938999993],[-66.86507671999993,-29.407705759999942],[-66.86610458999996,-29.407662999999957],[-66.86643406999997,-29.40763830999998],[-66.86769911999994,-29.40737747999998],[-66.86832171999998,-29.40729222999994],[-66.86840607999994,-29.407278149999968],[-66.86847090999998,-29.407268709999983],[-66.86854813999997,-29.40726368999998],[-66.86862539999998,-29.40726318999998],[-66.86869957999994,-29.40726270999994],[-66.86878718999998,-29.407266639999932],[-66.86886765999998,-29.407279649999964],[-66.86894710999997,-29.407292669999947],[-66.86903791999998,-29.407310119999977],[-66.86913090999997,-29.40734107999998],[-66.86923430999997,-29.407385519999934],[-66.86933973999999,-29.40742541999998],[-66.86978039999997,-29.40775181999993],[-66.87018773999995,-29.40803784999997],[-66.87040740999998,-29.408185259999982],[-66.87067966999996,-29.408336839999947],[-66.87088877999997,-29.40845274999998],[-66.87118156999998,-29.408595179999963],[-66.87145756999996,-29.40870162999994],[-66.87166968999998,-29.408808499999964],[-66.87191546999998,-29.40887454999995],[-66.87207248999994,-29.408923139999956],[-66.87227674999997,-29.408953379999957],[-66.87250541999998,-29.408947369999964],[-66.87274229999997,-29.408936799999935],[-66.87300489999996,-29.408921539999938],[-66.87303096999995,-29.408957459999954],[-66.87306213999994,-29.40898882999994],[-66.87309113999999,-29.409006679999948],[-66.87312735999996,-29.40902448999998],[-66.87318619999996,-29.409037629999943],[-66.87324281999997,-29.409032749999938],[-66.87327368999996,-29.409028039999953],[-66.87329219999998,-29.409023409999975],[-66.87330962999994,-29.409014269999943],[-66.87332504999995,-29.40900965999998],[-66.87334042999998,-29.409000539999965],[-66.87335579999996,-29.40899141999995],[-66.87336911999995,-29.408982309999942],[-66.87337933999999,-29.40897321999995],[-66.87339158999998,-29.408959609999954],[-66.87340692999999,-29.408945969999934],[-66.87341711999994,-29.408932379999953],[-66.87342523999996,-29.408918789999973],[-66.87344549999995,-29.40887805999995],[-66.87344503999998,-29.408823939999934],[-66.87343945999999,-29.40877435999994],[-66.87342353999998,-29.408720329999937],[-66.87338915999999,-29.408675449999976],[-66.87337358999997,-29.40866201999995],[-66.87335591999994,-29.408644099999947],[-66.87334038999995,-29.408635179999976],[-66.87331970999998,-29.408626289999972],[-66.87328044999998,-29.40861301999996],[-66.87322370999993,-29.408604369999978],[-66.87310505999994,-29.407982679999975],[-66.87280922999997,-29.407966569999928],[-66.87247916999996,-29.40792362999997],[-66.87207133999993,-29.407822549999935],[-66.87184581999998,-29.40771576999998],[-66.87165116999995,-29.40748248999995],[-66.87144552999996,-29.40728987999995],[-66.87123351999998,-29.40719654999998],[-66.87093730999999,-29.40713532999996],[-66.87026398999996,-29.40707206999997],[-66.86991847999997,-29.40702921999997],[-66.86980282999997,-29.406998399999964],[-66.86908413999998,-29.40668734999997],[-66.86879582999995,-29.40670726999997],[-66.86855679999996,-29.40646524999994],[-66.86840946999996,-29.406100849999973],[-66.86792147999995,-29.406022839999935],[-66.86779383999993,-29.40579362999995],[-66.86729704999993,-29.405891589999953],[-66.86720199999996,-29.40561705999994],[-66.86648648999994,-29.405071409999948]]]}},{"type":"Feature","properties":{"radio_id":"460141104","population":500,"population_density":4664.679026603602,"households":190,"dwellings":192,"area_km2":0.10718851118124087,"demographic_residential_component":0.11913814955640052,"density_component":0.5513307984790875,"territorial_context_score":0.33523447401774403,"percentile":21.673003802281368,"relative_level":"very_low"},"geometry":{"type":"Polygon","coordinates":[[[-66.86247390999995,-29.406328849999966],[-66.86218350999997,-29.406100679999952],[-66.86193150999998,-29.40676086999997],[-66.86182992999994,-29.406932929999982],[-66.86166523999998,-29.407195609999974],[-66.86139977999994,-29.40748149999996],[-66.86079814999994,-29.407611679999945],[-66.86043207999995,-29.407573449999973],[-66.86034796999996,-29.407740889999957],[-66.86048578999998,-29.407834719999983],[-66.86056366999998,-29.407906389999937],[-66.86069873999998,-29.408040839999956],[-66.86081312999994,-29.408166389999963],[-66.86089123999994,-29.408265119999953],[-66.86098001999994,-29.408408889999976],[-66.86111297999997,-29.408904199999938],[-66.86138614999999,-29.40892047999995],[-66.86194939999996,-29.410346709999942],[-66.86260941999996,-29.410419119999972],[-66.86307871999998,-29.410479229999964],[-66.86392921999999,-29.41053686999993],[-66.86461582999993,-29.41046474999996],[-66.86435314999994,-29.409862029999942],[-66.86427107999998,-29.409537799999953],[-66.86415099999994,-29.409105559999944],[-66.86396321999996,-29.408466259999955],[-66.86386447999996,-29.408119579999948],[-66.86383070999995,-29.40802507999996],[-66.86388927999997,-29.408006659999955],[-66.86393536999998,-29.40797477999996],[-66.86396604999999,-29.407947519999937],[-66.86401190999999,-29.40788858999997],[-66.86403476999993,-29.407789199999968],[-66.86403121999996,-29.407735099999968],[-66.86402057999999,-29.407694569999933],[-66.86400282999995,-29.407667619999984],[-66.86398928999995,-29.407649669999955],[-66.86396123999998,-29.407622789999948],[-66.86393536999998,-29.40760941999997],[-66.86387324999998,-29.407573739999975],[-66.86378552999997,-29.40755626999993],[-66.86370005999999,-29.407561329999965],[-66.86365682999997,-29.407566119999956],[-66.86360756999994,-29.407588989999965],[-66.86308749999995,-29.40700597999995],[-66.86288988999996,-29.406786239999974],[-66.86247390999995,-29.406328849999966]]]}},{"type":"Feature","properties":{"radio_id":"460141105","population":695,"population_density":4330.91381933068,"households":246,"dwellings":258,"area_km2":0.1604742160644999,"demographic_residential_component":0.41825095057034223,"density_component":0.5019011406844106,"territorial_context_score":0.4600760456273764,"percentile":40.68441064638783,"relative_level":"low"},"geometry":{"type":"Polygon","coordinates":[[[-66.86507671999993,-29.407705759999942],[-66.86421662999999,-29.40772938999993],[-66.86403121999996,-29.407735099999968],[-66.86403476999993,-29.407789199999968],[-66.86401190999999,-29.40788858999997],[-66.86396604999999,-29.407947519999937],[-66.86393536999998,-29.40797477999996],[-66.86388927999997,-29.408006659999955],[-66.86383070999995,-29.40802507999996],[-66.86386447999996,-29.408119579999948],[-66.86396321999996,-29.408466259999955],[-66.86415099999994,-29.409105559999944],[-66.86427107999998,-29.409537799999953],[-66.86435314999994,-29.409862029999942],[-66.86461582999993,-29.41046474999996],[-66.86470595999998,-29.410766379999984],[-66.86485893999998,-29.411189389999947],[-66.86498066999997,-29.41157199999998],[-66.86538870999993,-29.412304579999955],[-66.86583978999994,-29.413253399999974],[-66.86630081999994,-29.412943679999955],[-66.86668495999999,-29.412679559999958],[-66.86693084999996,-29.412515579999933],[-66.86710473999995,-29.41236559999993],[-66.86724599999997,-29.41225641999995],[-66.86743277999994,-29.412169509999956],[-66.86770518999998,-29.412095559999955],[-66.86790128999996,-29.41213487999994],[-66.86820094999996,-29.41223666999997],[-66.86842841999999,-29.412329909999983],[-66.86862272999997,-29.41240081999996],[-66.86868941999995,-29.41212522999996],[-66.86875270999997,-29.41193536999998],[-66.86884957999996,-29.411573889999943],[-66.86888303999996,-29.41151052999993],[-66.86891466999998,-29.41135244999998],[-66.86890851999993,-29.411235209999973],[-66.86888481999995,-29.41111357999995],[-66.86883249999994,-29.41101919999994],[-66.86877219999997,-29.41095643999995],[-66.86868916999998,-29.41088480999997],[-66.86861456999998,-29.410835679999934],[-66.86853160999993,-29.410773069999948],[-66.86844868999998,-29.410714969999958],[-66.86833157999996,-29.41063454999994],[-66.86818954999995,-29.410531729999946],[-66.86803939999999,-29.41044248999998],[-66.86791541999997,-29.41040270999997],[-66.86779155999994,-29.410376449999944],[-66.86846364999997,-29.40980823999996],[-66.86838064999995,-29.40974111999998],[-66.86825651999999,-29.409683289999975],[-66.86762809999993,-29.409326539999938],[-66.86725028999996,-29.409121509999977],[-66.86710551999994,-29.409059299999967],[-66.86701466999995,-29.40903733999994],[-66.86688370999997,-29.409024659999943],[-66.86676217999997,-29.40902995999994],[-66.86659012999996,-29.409031079999977],[-66.86644794999995,-29.409031999999968],[-66.86594110999994,-29.409039809999967],[-66.86590924999996,-29.408927249999977],[-66.86591061999997,-29.408846049999966],[-66.86592305999994,-29.408733199999972],[-66.86595979999998,-29.408570579999946],[-66.86601073999998,-29.408502589999955],[-66.86608014999996,-29.408425459999933],[-66.86597333999998,-29.408344959999965],[-66.86581830999995,-29.40828732999995],[-66.86563564999994,-29.408252429999948],[-66.86546046999996,-29.408249059999946],[-66.86529555999994,-29.40824110999995],[-66.86509148999994,-29.40823340999998],[-66.86507671999993,-29.407705759999942]]]}},{"type":"Feature","properties":{"radio_id":"460141106","population":1211,"population_density":5487.078391452301,"households":351,"dwellings":385,"area_km2":0.22070032786236116,"demographic_residential_component":0.8694550063371356,"density_component":0.6806083650190115,"territorial_context_score":0.7750316856780735,"percentile":90.8745247148289,"relative_level":"high"},"geometry":{"type":"Polygon","coordinates":[[[-66.86507671999993,-29.407705759999942],[-66.86509148999994,-29.40823340999998],[-66.86529555999994,-29.40824110999995],[-66.86546046999996,-29.408249059999946],[-66.86563564999994,-29.408252429999948],[-66.86581830999995,-29.40828732999995],[-66.86597333999998,-29.408344959999965],[-66.86608014999996,-29.408425459999933],[-66.86601073999998,-29.408502589999955],[-66.86595979999998,-29.408570579999946],[-66.86592305999994,-29.408733199999972],[-66.86591061999997,-29.408846049999966],[-66.86590924999996,-29.408927249999977],[-66.86594110999994,-29.409039809999967],[-66.86644794999995,-29.409031999999968],[-66.86659012999996,-29.409031079999977],[-66.86676217999997,-29.40902995999994],[-66.86688370999997,-29.409024659999943],[-66.86701466999995,-29.40903733999994],[-66.86710551999994,-29.409059299999967],[-66.86725028999996,-29.409121509999977],[-66.86762809999993,-29.409326539999938],[-66.86825651999999,-29.409683289999975],[-66.86838064999995,-29.40974111999998],[-66.86846364999997,-29.40980823999996],[-66.86779155999994,-29.410376449999944],[-66.86791541999997,-29.41040270999997],[-66.86803939999999,-29.41044248999998],[-66.86818954999995,-29.410531729999946],[-66.86833157999996,-29.41063454999994],[-66.86844868999998,-29.410714969999958],[-66.86853160999993,-29.410773069999948],[-66.86861456999998,-29.410835679999934],[-66.86868916999998,-29.41088480999997],[-66.86877219999997,-29.41095643999995],[-66.86883249999994,-29.41101919999994],[-66.86888481999995,-29.41111357999995],[-66.86890851999993,-29.411235209999973],[-66.86891466999998,-29.41135244999998],[-66.86910873999994,-29.41139628999997],[-66.86987740999996,-29.41152207999994],[-66.87042716999997,-29.411712449999982],[-66.87077833999996,-29.41181389999997],[-66.87078744999997,-29.411674009999956],[-66.87082060999995,-29.411574559999963],[-66.87092484999994,-29.411474639999938],[-66.87105808999996,-29.411392579999983],[-66.87119686999995,-29.41135558999997],[-66.87122531999995,-29.41106671999995],[-66.87206884999995,-29.411151419999953],[-66.87248179999995,-29.41124794999996],[-66.87338551999994,-29.411503639999978],[-66.87389356999995,-29.411635629999978],[-66.87417127999998,-29.41157967999993],[-66.87391332999994,-29.411536269999942],[-66.87379770999996,-29.411509959999933],[-66.87373035999997,-29.411465299999975],[-66.87367821999999,-29.41139346999995],[-66.87361869999995,-29.411060069999962],[-66.87360384999994,-29.410888759999978],[-66.87357970999994,-29.410717519999935],[-66.87352329999999,-29.410505889999968],[-66.87343410999995,-29.409956179999938],[-66.87340913999998,-29.409807489999935],[-66.87324281999997,-29.409032749999938],[-66.87318619999996,-29.409037629999943],[-66.87312735999996,-29.40902448999998],[-66.87309113999999,-29.409006679999948],[-66.87306213999994,-29.40898882999994],[-66.87303096999995,-29.408957459999954],[-66.87300489999996,-29.408921539999938],[-66.87274229999997,-29.408936799999935],[-66.87250541999998,-29.408947369999964],[-66.87227674999997,-29.408953379999957],[-66.87207248999994,-29.408923139999956],[-66.87191546999998,-29.40887454999995],[-66.87166968999998,-29.408808499999964],[-66.87145756999996,-29.40870162999994],[-66.87118156999998,-29.408595179999963],[-66.87088877999997,-29.40845274999998],[-66.87067966999996,-29.408336839999947],[-66.87040740999998,-29.408185259999982],[-66.87018773999995,-29.40803784999997],[-66.86978039999997,-29.40775181999993],[-66.86933973999999,-29.40742541999998],[-66.86923430999997,-29.407385519999934],[-66.86913090999997,-29.40734107999998],[-66.86903791999998,-29.407310119999977],[-66.86894710999997,-29.407292669999947],[-66.86886765999998,-29.407279649999964],[-66.86878718999998,-29.407266639999932],[-66.86869957999994,-29.40726270999994],[-66.86862539999998,-29.40726318999998],[-66.86854813999997,-29.40726368999998],[-66.86847090999998,-29.407268709999983],[-66.86840607999994,-29.407278149999968],[-66.86832171999998,-29.40729222999994],[-66.86769911999994,-29.40737747999998],[-66.86643406999997,-29.40763830999998],[-66.86610458999996,-29.407662999999957],[-66.86507671999993,-29.407705759999942]]]}},{"type":"Feature","properties":{"radio_id":"460141107","population":711,"population_density":6753.522894323312,"households":212,"dwellings":233,"area_km2":0.10527838746169536,"demographic_residential_component":0.30544993662864384,"density_component":0.8669201520912547,"territorial_context_score":0.5861850443599492,"percentile":65.77946768060836,"relative_level":"medium"},"geometry":{"type":"Polygon","coordinates":[[[-66.87077833999996,-29.41181389999997],[-66.87042716999997,-29.411712449999982],[-66.86987740999996,-29.41152207999994],[-66.86910873999994,-29.41139628999997],[-66.86891466999998,-29.41135244999998],[-66.86888303999996,-29.41151052999993],[-66.86884957999996,-29.411573889999943],[-66.86875270999997,-29.41193536999998],[-66.86868941999995,-29.41212522999996],[-66.86862272999997,-29.41240081999996],[-66.86928901999994,-29.412603959999956],[-66.86935392999999,-29.413329749999946],[-66.86987220999998,-29.413330879999933],[-66.87050625999996,-29.413376349999965],[-66.87102143999994,-29.413377499999967],[-66.87219291999997,-29.41337433999996],[-66.87244014999999,-29.41336820999993],[-66.87392158999995,-29.41334496999997],[-66.87385944999994,-29.41270486999997],[-66.87392100999995,-29.41243382999994],[-66.87403038999997,-29.41221208999997],[-66.87413419999996,-29.41206255999998],[-66.87430288999997,-29.41190808999994],[-66.87434641999994,-29.41181758999994],[-66.87435292999999,-29.411736359999963],[-66.87433182999996,-29.41167785999994],[-66.87425194999997,-29.411615239999946],[-66.87417127999998,-29.41157967999993],[-66.87389356999995,-29.411635629999978],[-66.87338551999994,-29.411503639999978],[-66.87248179999995,-29.41124794999996],[-66.87206884999995,-29.411151419999953],[-66.87122531999995,-29.41106671999995],[-66.87119686999995,-29.41135558999997],[-66.87105808999996,-29.411392579999983],[-66.87092484999994,-29.411474639999938],[-66.87082060999995,-29.411574559999963],[-66.87078744999997,-29.411674009999956],[-66.87077833999996,-29.41181389999997]]]}},{"type":"Feature","properties":{"radio_id":"460141108","population":897,"population_density":7709.700592110861,"households":264,"dwellings":284,"area_km2":0.11634693063409973,"demographic_residential_component":0.5576679340937896,"density_component":0.9163498098859315,"territorial_context_score":0.7370088719898605,"percentile":87.07224334600761,"relative_level":"high"},"geometry":{"type":"Polygon","coordinates":[[[-66.86987220999998,-29.413330879999933],[-66.86986706999994,-29.413696269999946],[-66.86985124999995,-29.413894839999955],[-66.86978986999998,-29.414310219999948],[-66.86984015999997,-29.41476997999996],[-66.86981258999998,-29.415162579999958],[-66.86974638999993,-29.415253229999962],[-66.86981129999998,-29.415252799999962],[-66.86991680999995,-29.415301729999953],[-66.87002037999997,-29.415364199999942],[-66.87027258999996,-29.41557906999998],[-66.87032135999993,-29.415619339999978],[-66.87041248999998,-29.41567286999998],[-66.87050075999997,-29.41575348999993],[-66.87058051999998,-29.41580258999994],[-66.87073075999996,-29.41590083999995],[-66.87087835999995,-29.41593144999996],[-66.87105076999995,-29.41597091999995],[-66.87130319999994,-29.41596925999994],[-66.87155062999994,-29.415985689999957],[-66.87179599999996,-29.41600212999998],[-66.87199206999998,-29.41603692999996],[-66.87222461999994,-29.41612110999995],[-66.87243362999993,-29.41622347999993],[-66.87259130999996,-29.41622695999996],[-66.87277157999995,-29.416221269999937],[-66.87305642999996,-29.416156249999972],[-66.87332354999995,-29.41606428999995],[-66.87358855999997,-29.415967829999943],[-66.87376308999995,-29.415894519999938],[-66.87396548999993,-29.41582552999995],[-66.87415875999994,-29.41577463999994],[-66.87412529999995,-29.415477159999966],[-66.87407515999996,-29.415035449999948],[-66.87406617999994,-29.41494980999994],[-66.87403577999999,-29.414647799999955],[-66.87401026999999,-29.414435959999935],[-66.87399376999997,-29.414314279999928],[-66.87396607999995,-29.414088929999934],[-66.87394973999994,-29.41398529999998],[-66.87394547999997,-29.41372821999994],[-66.87392158999995,-29.41334496999997],[-66.87244014999999,-29.41336820999993],[-66.87219291999997,-29.41337433999996],[-66.87102143999994,-29.413377499999967],[-66.87050625999996,-29.413376349999965],[-66.86987220999998,-29.413330879999933]]]}},{"type":"Feature","properties":{"radio_id":"460141109","population":1201,"population_density":6968.050874021217,"households":369,"dwellings":362,"area_km2":0.17235809865821353,"demographic_residential_component":0.8605830164765527,"density_component":0.8859315589353612,"territorial_context_score":0.873257287705957,"percentile":95.43726235741445,"relative_level":"high"},"geometry":{"type":"Polygon","coordinates":[[[-66.86583978999994,-29.413253399999974],[-66.86598006999998,-29.41339230999995],[-66.86622848999997,-29.41352601999995],[-66.86657451999997,-29.41362750999997],[-66.86695118999995,-29.41369722999997],[-66.86716922999994,-29.413894279999965],[-66.86757728999999,-29.41462685999994],[-66.86787067999995,-29.415202309999984],[-66.86800111999997,-29.41539541999998],[-66.86841049999998,-29.416281339999955],[-66.86873141999996,-29.417064099999948],[-66.86896738999997,-29.417549709999946],[-66.86911531999993,-29.417981759999975],[-66.87011278999995,-29.418349629999966],[-66.87091003999996,-29.418799999999976],[-66.87095247999997,-29.418339639999942],[-66.87098241999996,-29.417622249999965],[-66.87102762999996,-29.416882209999983],[-66.87167711999996,-29.41692306999994],[-66.87233698999995,-29.416972879999946],[-66.87238526999994,-29.41659366999994],[-66.87241273999996,-29.416431109999962],[-66.87243362999993,-29.41622347999993],[-66.87222461999994,-29.41612110999995],[-66.87199206999998,-29.41603692999996],[-66.87179599999996,-29.41600212999998],[-66.87155062999994,-29.415985689999957],[-66.87130319999994,-29.41596925999994],[-66.87105076999995,-29.41597091999995],[-66.87087835999995,-29.41593144999996],[-66.87073075999996,-29.41590083999995],[-66.87058051999998,-29.41580258999994],[-66.87050075999997,-29.41575348999993],[-66.87041248999998,-29.41567286999998],[-66.87032135999993,-29.415619339999978],[-66.87027258999996,-29.41557906999998],[-66.87002037999997,-29.415364199999942],[-66.86991680999995,-29.415301729999953],[-66.86981129999998,-29.415252799999962],[-66.86974638999993,-29.415253229999962],[-66.86981258999998,-29.415162579999958],[-66.86984015999997,-29.41476997999996],[-66.86978986999998,-29.414310219999948],[-66.86985124999995,-29.413894839999955],[-66.86986706999994,-29.413696269999946],[-66.86987220999998,-29.413330879999933],[-66.86935392999999,-29.413329749999946],[-66.86928901999994,-29.412603959999956],[-66.86862272999997,-29.41240081999996],[-66.86842841999999,-29.412329909999983],[-66.86820094999996,-29.41223666999997],[-66.86790128999996,-29.41213487999994],[-66.86770518999998,-29.412095559999955],[-66.86743277999994,-29.412169509999956],[-66.86724599999997,-29.41225641999995],[-66.86710473999995,-29.41236559999993],[-66.86693084999996,-29.412515579999933],[-66.86668495999999,-29.412679559999958],[-66.86630081999994,-29.412943679999955],[-66.86583978999994,-29.413253399999974]]]}},{"type":"Feature","properties":{"radio_id":"460141110","population":862,"population_density":4069.3850262736087,"households":341,"dwellings":394,"area_km2":0.2118256184741863,"demographic_residential_component":0.7680608365019012,"density_component":0.4714828897338403,"territorial_context_score":0.6197718631178707,"percentile":73.00380228136882,"relative_level":"medium"},"geometry":{"type":"Polygon","coordinates":[[[-66.86194939999996,-29.410346709999942],[-66.86266659999995,-29.411699769999927],[-66.86255310999996,-29.411682459999952],[-66.86243435999995,-29.411651649999953],[-66.86232282999998,-29.41162079999998],[-66.86218935999995,-29.412898179999956],[-66.86202933999994,-29.414080999999953],[-66.86190017999996,-29.415259109999965],[-66.86317352999998,-29.41535911999995],[-66.86389856999995,-29.41544011999997],[-66.86469766999994,-29.415507109999965],[-66.86538576999993,-29.415606389999937],[-66.86566738999994,-29.415645149999932],[-66.86588577999999,-29.415639219999946],[-66.86679000999999,-29.415588239999977],[-66.86787067999995,-29.415202309999984],[-66.86757728999999,-29.41462685999994],[-66.86716922999994,-29.413894279999965],[-66.86695118999995,-29.41369722999997],[-66.86657451999997,-29.41362750999997],[-66.86622848999997,-29.41352601999995],[-66.86598006999998,-29.41339230999995],[-66.86583978999994,-29.413253399999974],[-66.86538870999993,-29.412304579999955],[-66.86498066999997,-29.41157199999998],[-66.86485893999998,-29.411189389999947],[-66.86470595999998,-29.410766379999984],[-66.86461582999993,-29.41046474999996],[-66.86392921999999,-29.41053686999993],[-66.86307871999998,-29.410479229999964],[-66.86260941999996,-29.410419119999972],[-66.86194939999996,-29.410346709999942]]]}},{"type":"Feature","properties":{"radio_id":"460141111","population":452,"population_density":4566.441445943225,"households":186,"dwellings":244,"area_km2":0.09898298387282546,"demographic_residential_component":0.1812420785804816,"density_component":0.532319391634981,"territorial_context_score":0.3567807351077313,"percentile":23.954372623574145,"relative_level":"very_low"},"geometry":{"type":"Polygon","coordinates":[[[-66.86469766999994,-29.415507109999965],[-66.86389856999995,-29.41544011999997],[-66.86317352999998,-29.41535911999995],[-66.86190017999996,-29.415259109999965],[-66.86177429999998,-29.416459749999945],[-66.86158564999994,-29.417669819999958],[-66.86307822999999,-29.417736839999975],[-66.86459999999994,-29.417966039999953],[-66.86622194999995,-29.418221629999948],[-66.86788820999993,-29.41847690999998],[-66.86841711999995,-29.41851405999995],[-66.86798676999996,-29.418192099999942],[-66.86758484999996,-29.417942119999964],[-66.86721558999994,-29.41753405999998],[-66.86633805999998,-29.417575849999935],[-66.86463635999996,-29.417392949999964],[-66.86466359999997,-29.41671617999998],[-66.86469766999994,-29.415507109999965]]]}},{"type":"Feature","properties":{"radio_id":"460141112","population":722,"population_density":5666.589445010963,"households":245,"dwellings":252,"area_km2":0.12741350101438365,"demographic_residential_component":0.41444866920152096,"density_component":0.7034220532319392,"territorial_context_score":0.55893536121673,"percentile":59.31558935361216,"relative_level":"medium"},"geometry":{"type":"Polygon","coordinates":[[[-66.86787067999995,-29.415202309999984],[-66.86679000999999,-29.415588239999977],[-66.86588577999999,-29.415639219999946],[-66.86566738999994,-29.415645149999932],[-66.86538576999993,-29.415606389999937],[-66.86469766999994,-29.415507109999965],[-66.86466359999997,-29.41671617999998],[-66.86463635999996,-29.417392949999964],[-66.86633805999998,-29.417575849999935],[-66.86721558999994,-29.41753405999998],[-66.86758484999996,-29.417942119999964],[-66.86798676999996,-29.418192099999942],[-66.86841711999995,-29.41851405999995],[-66.86841154999996,-29.418464479999955],[-66.86842359999997,-29.418428319999975],[-66.86844397999994,-29.418401119999942],[-66.86847263999994,-29.41837837999998],[-66.86850339999995,-29.418360139999947],[-66.86853624999998,-29.418346389999954],[-66.86857223999993,-29.41833712999994],[-66.86860615999996,-29.418327889999944],[-66.86863905999996,-29.418318659999954],[-66.86867816999995,-29.41831388999998],[-66.86871414999996,-29.418304629999966],[-66.86874517999996,-29.418317959999968],[-66.86879371999999,-29.41833117999994],[-66.86883306999994,-29.41835347999995],[-66.86885592999994,-29.418375879999928],[-66.86887988999996,-29.418407299999956],[-66.86911244999993,-29.418491479999943],[-66.86956913999995,-29.418880929999943],[-66.87022415999996,-29.419327709999948],[-66.87049389999999,-29.419542459999946],[-66.87133767999995,-29.42001055999998],[-66.87156589999995,-29.420189489999927],[-66.87182846999997,-29.420408789999954],[-66.87184551999997,-29.420354559999964],[-66.87187611999997,-29.42031826999994],[-66.87193557999996,-29.42028179999994],[-66.87199208999994,-29.420263379999938],[-66.87204360999993,-29.42026304999996],[-66.87208481999994,-29.420262779999973],[-66.87245466999997,-29.420134059999953],[-66.87262383999996,-29.420033719999935],[-66.87284091999999,-29.41987441999993],[-66.87237498999997,-29.41961134999997],[-66.87186558999997,-29.419325999999955],[-66.87134810999999,-29.419058749999976],[-66.87091003999996,-29.418799999999976],[-66.87011278999995,-29.418349629999966],[-66.86911531999993,-29.417981759999975],[-66.86896738999997,-29.417549709999946],[-66.86873141999996,-29.417064099999948],[-66.86841049999998,-29.416281339999955],[-66.86800111999997,-29.41539541999998],[-66.86787067999995,-29.415202309999984]]]}},{"type":"Feature","properties":{"radio_id":"460141113","population":795,"population_density":6382.096767257883,"households":282,"dwellings":274,"area_km2":0.12456721184150549,"demographic_residential_component":0.523447401774398,"density_component":0.8136882129277566,"territorial_context_score":0.6685678073510772,"percentile":80.98859315589354,"relative_level":"high"},"geometry":{"type":"Polygon","coordinates":[[[-66.87415875999994,-29.41577463999994],[-66.87396548999993,-29.41582552999995],[-66.87376308999995,-29.415894519999938],[-66.87358855999997,-29.415967829999943],[-66.87332354999995,-29.41606428999995],[-66.87305642999996,-29.416156249999972],[-66.87277157999995,-29.416221269999937],[-66.87259130999996,-29.41622695999996],[-66.87243362999993,-29.41622347999993],[-66.87241273999996,-29.416431109999962],[-66.87238526999994,-29.41659366999994],[-66.87233698999995,-29.416972879999946],[-66.87167711999996,-29.41692306999994],[-66.87102762999996,-29.416882209999983],[-66.87098241999996,-29.417622249999965],[-66.87095247999997,-29.418339639999942],[-66.87091003999996,-29.418799999999976],[-66.87134810999999,-29.419058749999976],[-66.87186558999997,-29.419325999999955],[-66.87237498999997,-29.41961134999997],[-66.87284091999999,-29.41987441999993],[-66.87262383999996,-29.420033719999935],[-66.87245466999997,-29.420134059999953],[-66.87208481999994,-29.420262779999973],[-66.87204360999993,-29.42026304999996],[-66.87199208999994,-29.420263379999938],[-66.87193557999996,-29.42028179999994],[-66.87187611999997,-29.42031826999994],[-66.87184551999997,-29.420354559999964],[-66.87182846999997,-29.420408789999954],[-66.87182357999995,-29.42044039999996],[-66.87183113999998,-29.420480949999956],[-66.87183972999998,-29.420521489999942],[-66.87186281999993,-29.420570949999956],[-66.87189712999998,-29.42060680999998],[-66.87191785999994,-29.42062020999998],[-66.87197170999997,-29.420651429999964],[-66.87202325999993,-29.420655599999975],[-66.87210354999996,-29.420646059999967],[-66.87215693999997,-29.420623149999983],[-66.87221329999994,-29.420586699999944],[-66.87224374999994,-29.420532369999933],[-66.87277569999998,-29.42068224999997],[-66.87286651999995,-29.420699699999943],[-66.87392984999997,-29.42093178999994],[-66.87396827999999,-29.42060676999995],[-66.87397726999995,-29.420453349999946],[-66.87398153999999,-29.420349579999936],[-66.87399262999998,-29.420200659999978],[-66.87400439999993,-29.420011129999978],[-66.87404678999997,-29.419546259999947],[-66.87408619999997,-29.41909493999998],[-66.87414788999996,-29.418476579999947],[-66.87420456999996,-29.417876299999932],[-66.87427840999999,-29.41711351999993],[-66.87428411999997,-29.41693755999995],[-66.87421669999998,-29.416283969999938],[-66.87419740999997,-29.41607659999994],[-66.87416704999998,-29.415900889999932],[-66.87415875999994,-29.41577463999994]]]}},{"type":"Feature","properties":{"radio_id":"460141201","population":786,"population_density":6167.506481747057,"households":277,"dwellings":308,"area_km2":0.1274421035999222,"demographic_residential_component":0.55893536121673,"density_component":0.7756653992395437,"territorial_context_score":0.6673003802281369,"percentile":80.6083650190114,"relative_level":"high"},"geometry":{"type":"Polygon","coordinates":[[[-66.86270728999995,-29.398582569999974],[-66.86249233999996,-29.398380979999956],[-66.86182470999995,-29.397762829999976],[-66.86143322999993,-29.39739548999995],[-66.86067162999996,-29.39809503999993],[-66.86009411999999,-29.39863553999993],[-66.85939381999998,-29.399276059999977],[-66.86060405999996,-29.40022450999993],[-66.86125620999996,-29.399615869999934],[-66.86242334999997,-29.400582619999966],[-66.86288706999994,-29.40096301999995],[-66.86335182999994,-29.401343419999932],[-66.86421468999998,-29.40201892999994],[-66.86513089999994,-29.402788819999955],[-66.86584694999993,-29.402184249999948],[-66.86654417999995,-29.401548229999946],[-66.86581419999999,-29.401359019999973],[-66.86523695999995,-29.40107858999994],[-66.86478574999995,-29.400716159999945],[-66.86440950999997,-29.40032617999998],[-66.86397016999996,-29.39990501999995],[-66.86347698999998,-29.399452649999944],[-66.86270728999995,-29.398582569999974]]]}},{"type":"Feature","properties":{"radio_id":"460141202","population":976,"population_density":5438.193913120431,"households":321,"dwellings":339,"area_km2":0.17947134942085433,"demographic_residential_component":0.743979721166033,"density_component":0.6768060836501901,"territorial_context_score":0.7103929024081115,"percentile":84.4106463878327,"relative_level":"high"},"geometry":{"type":"Polygon","coordinates":[[[-66.85877244999995,-29.39987095999993],[-66.85768160999999,-29.399029979999966],[-66.85677470999997,-29.39936057999995],[-66.85572479999996,-29.399714649999964],[-66.85541642999993,-29.399797819999947],[-66.85471971999993,-29.400009779999948],[-66.85542844999998,-29.40061867999998],[-66.85573125999997,-29.40085579999993],[-66.85641426999996,-29.40023795999997],[-66.85747741999995,-29.40109265999996],[-66.85865190999994,-29.40207743999997],[-66.85981897999994,-29.40303518999997],[-66.86048351999995,-29.402426479999974],[-66.86137047999995,-29.403151469999955],[-66.86205038999998,-29.402533629999937],[-66.86267395999994,-29.401956739999946],[-66.86335182999994,-29.401343419999932],[-66.86288706999994,-29.40096301999995],[-66.86242334999997,-29.400582619999966],[-66.86125620999996,-29.399615869999934],[-66.86060405999996,-29.40022450999993],[-66.85939381999998,-29.399276059999977],[-66.85877244999995,-29.39987095999993]]]}},{"type":"Feature","properties":{"radio_id":"460141203","population":601,"population_density":4094.4935302067825,"households":225,"dwellings":231,"area_km2":0.1467825008309753,"demographic_residential_component":0.2636248415716096,"density_component":0.4828897338403042,"territorial_context_score":0.3732572877059569,"percentile":25.85551330798479,"relative_level":"low"},"geometry":{"type":"Polygon","coordinates":[[[-66.85303500999999,-29.39873954999996],[-66.85248091999995,-29.39900470999993],[-66.85219582999997,-29.399038109999935],[-66.85148467999994,-29.398753969999973],[-66.85061025999994,-29.399151979999942],[-66.85080390999997,-29.399520619999976],[-66.85124960999997,-29.400216919999934],[-66.85145315999995,-29.40053587999995],[-66.85178594999996,-29.40115621999996],[-66.85192200999995,-29.40141245999996],[-66.85260757999998,-29.402702629999965],[-66.85271228999994,-29.402904939999928],[-66.85362926999994,-29.40291259999998],[-66.85361063999994,-29.402285739999968],[-66.85510966999993,-29.40228965999995],[-66.85657020999997,-29.40224870999998],[-66.85668127999998,-29.401733779999972],[-66.85647842999998,-29.401500529999964],[-66.85573125999997,-29.40085579999993],[-66.85542844999998,-29.40061867999998],[-66.85471971999993,-29.400009779999948],[-66.85362592999996,-29.399182319999966],[-66.85303500999999,-29.39873954999996]]]}},{"type":"Feature","properties":{"radio_id":"460141204","population":898,"population_density":4528.128959161424,"households":321,"dwellings":360,"area_km2":0.19831590665790202,"demographic_residential_component":0.7262357414448669,"density_component":0.5285171102661597,"territorial_context_score":0.6273764258555132,"percentile":73.76425855513308,"relative_level":"medium"},"geometry":{"type":"Polygon","coordinates":[[[-66.85061025999994,-29.399151979999942],[-66.84897309999997,-29.399257139999975],[-66.84852166999997,-29.39923294999994],[-66.84725397999995,-29.399168849999967],[-66.84585680999999,-29.399019849999945],[-66.84579708999996,-29.39952090999998],[-66.84575706999993,-29.400287979999973],[-66.84707187999999,-29.40044200999995],[-66.84696615999997,-29.40111025999994],[-66.84687426999994,-29.401832549999938],[-66.84676994999995,-29.402545889999942],[-66.84805902999994,-29.40270007999993],[-66.84896847999994,-29.402793519999932],[-66.85023467999997,-29.40292076999998],[-66.85125907999998,-29.40283754999996],[-66.85260757999998,-29.402702629999965],[-66.85192200999995,-29.40141245999996],[-66.85178594999996,-29.40115621999996],[-66.85145315999995,-29.40053587999995],[-66.85124960999997,-29.400216919999934],[-66.85080390999997,-29.399520619999976],[-66.85061025999994,-29.399151979999942]]]}},{"type":"Feature","properties":{"radio_id":"460141205","population":507,"population_density":6739.587401979928,"households":171,"dwellings":180,"area_km2":0.07522715705876233,"demographic_residential_component":0.09125475285171102,"density_component":0.8593155893536122,"territorial_context_score":0.4752851711026616,"percentile":42.96577946768061,"relative_level":"low"},"geometry":{"type":"Polygon","coordinates":[[[-66.84585680999999,-29.399019849999945],[-66.84578454999996,-29.399002269999983],[-66.84465018999998,-29.398865119999982],[-66.84456731999995,-29.399433989999977],[-66.84448866999998,-29.400138149999975],[-66.84446114999997,-29.40054878999996],[-66.84437585999996,-29.401198859999965],[-66.84433811999997,-29.40161858999994],[-66.84426054999994,-29.402205469999956],[-66.84553450999994,-29.402400369999953],[-66.84676994999995,-29.402545889999942],[-66.84687426999994,-29.401832549999938],[-66.84696615999997,-29.40111025999994],[-66.84707187999999,-29.40044200999995],[-66.84575706999993,-29.400287979999973],[-66.84579708999996,-29.39952090999998],[-66.84585680999999,-29.399019849999945]]]}},{"type":"Feature","properties":{"radio_id":"460141206","population":539,"population_density":4501.886524928032,"households":197,"dwellings":201,"area_km2":0.11972758465044088,"demographic_residential_component":0.1520912547528517,"density_component":0.5247148288973384,"territorial_context_score":0.33840304182509506,"percentile":22.0532319391635,"relative_level":"very_low"},"geometry":{"type":"Polygon","coordinates":[[[-66.84318374999998,-29.39868495999997],[-66.84140749999995,-29.398538309999935],[-66.84058830999999,-29.398516409999957],[-66.84005053999994,-29.398515289999978],[-66.84032111999994,-29.39884737999995],[-66.84093716999996,-29.39959676999996],[-66.84108581999993,-29.399758219999967],[-66.84147307999996,-29.40024742999998],[-66.84163270999994,-29.400489999999934],[-66.84212570999995,-29.40130782999995],[-66.84251774999996,-29.40199998999998],[-66.84287627999998,-29.402624699999933],[-66.84335318999996,-29.402738959999965],[-66.84406491999994,-29.40284270999996],[-66.84367274999994,-29.40213701999994],[-66.84426054999994,-29.402205469999956],[-66.84433811999997,-29.40161858999994],[-66.84437585999996,-29.401198859999965],[-66.84446114999997,-29.40054878999996],[-66.84448866999998,-29.400138149999975],[-66.84456731999995,-29.399433989999977],[-66.84465018999998,-29.398865119999982],[-66.84348488999996,-29.398723649999965],[-66.84318374999998,-29.39868495999997]]]}},{"type":"Feature","properties":{"radio_id":"460141207","population":625,"population_density":5743.04227872223,"households":199,"dwellings":233,"area_km2":0.108827337440228,"demographic_residential_component":0.22813688212927755,"density_component":0.7186311787072244,"territorial_context_score":0.47338403041825095,"percentile":42.585551330798474,"relative_level":"low"},"geometry":{"type":"Polygon","coordinates":[[[-66.84426054999994,-29.402205469999956],[-66.84367274999994,-29.40213701999994],[-66.84406491999994,-29.40284270999996],[-66.84466450999997,-29.403713979999964],[-66.84481063999993,-29.403943099999935],[-66.84527505999995,-29.40403938999998],[-66.84659572999993,-29.404274579999935],[-66.84732889999998,-29.40447740999997],[-66.84793119999995,-29.404676559999928],[-66.84838232999994,-29.40478644999996],[-66.84877776999997,-29.404887679999945],[-66.84882541999997,-29.404174689999934],[-66.85002620999995,-29.404239209999957],[-66.85012732999996,-29.403638649999948],[-66.85023467999997,-29.40292076999998],[-66.84896847999994,-29.402793519999932],[-66.84805902999994,-29.40270007999993],[-66.84676994999995,-29.402545889999942],[-66.84553450999994,-29.402400369999953],[-66.84426054999994,-29.402205469999956]]]}},{"type":"Feature","properties":{"radio_id":"460141208","population":403,"population_density":3195.7830858756756,"households":159,"dwellings":183,"area_km2":0.12610367761852462,"demographic_residential_component":0.0570342205323194,"density_component":0.33840304182509506,"territorial_context_score":0.19771863117870722,"percentile":7.224334600760455,"relative_level":"very_low"},"geometry":{"type":"Polygon","coordinates":[[[-66.85271228999994,-29.402904939999928],[-66.85260757999998,-29.402702629999965],[-66.85125907999998,-29.40283754999996],[-66.85023467999997,-29.40292076999998],[-66.85012732999996,-29.403638649999948],[-66.85002620999995,-29.404239209999957],[-66.84882541999997,-29.404174689999934],[-66.84877776999997,-29.404887679999945],[-66.84983270999999,-29.405129039999963],[-66.85056546999994,-29.405282239999963],[-66.85104339999998,-29.405391949999967],[-66.85153913999994,-29.405537639999977],[-66.85222340999997,-29.40605198999998],[-66.85296686999993,-29.406620079999982],[-66.85316801999994,-29.406650369999966],[-66.85445555999996,-29.40685862999993],[-66.85439527999995,-29.406425999999954],[-66.85391826999995,-29.405441219999943],[-66.85389949999995,-29.405414279999945],[-66.85375288999995,-29.405131049999966],[-66.85340509999997,-29.404443149999963],[-66.85324509999998,-29.404159999999933],[-66.85302259999997,-29.403669759999957],[-66.85271228999994,-29.402904939999928]]]}},{"type":"Feature","properties":{"radio_id":"460141209","population":791,"population_density":5981.904591989176,"households":301,"dwellings":309,"area_km2":0.13223213239798046,"demographic_residential_component":0.5918884664131813,"density_component":0.7490494296577946,"territorial_context_score":0.670468948035488,"percentile":81.36882129277566,"relative_level":"high"},"geometry":{"type":"Polygon","coordinates":[[[-66.85657020999997,-29.40224870999998],[-66.85510966999993,-29.40228965999995],[-66.85361063999994,-29.402285739999968],[-66.85362926999994,-29.40291259999998],[-66.85271228999994,-29.402904939999928],[-66.85302259999997,-29.403669759999957],[-66.85324509999998,-29.404159999999933],[-66.85340509999997,-29.404443149999963],[-66.85375288999995,-29.405131049999966],[-66.85389949999995,-29.405414279999945],[-66.85391826999995,-29.405441219999943],[-66.85439527999995,-29.406425999999954],[-66.85445555999996,-29.40685862999993],[-66.85591186999994,-29.40704323999995],[-66.85598230999994,-29.406474449999962],[-66.85609458999994,-29.40573397999998],[-66.85614536999998,-29.40539986999994],[-66.85622460999997,-29.405020469999954],[-66.85632379999998,-29.40419437999998],[-66.85642434999994,-29.403652459999932],[-66.85656004999998,-29.40288025999996],[-66.85657020999997,-29.40224870999998]]]}},{"type":"Feature","properties":{"radio_id":"460141210","population":861,"population_density":4633.972996553082,"households":291,"dwellings":294,"area_km2":0.18580168694130136,"demographic_residential_component":0.6007604562737643,"density_component":0.5437262357414449,"territorial_context_score":0.5722433460076046,"percentile":61.97718631178707,"relative_level":"medium"},"geometry":{"type":"Polygon","coordinates":[[[-66.85641426999996,-29.40023795999997],[-66.85573125999997,-29.40085579999993],[-66.85647842999998,-29.401500529999964],[-66.85668127999998,-29.401733779999972],[-66.85657020999997,-29.40224870999998],[-66.85656004999998,-29.40288025999996],[-66.85642434999994,-29.403652459999932],[-66.85632379999998,-29.40419437999998],[-66.85622460999997,-29.405020469999954],[-66.85614536999998,-29.40539986999994],[-66.85609458999994,-29.40573397999998],[-66.85598230999994,-29.406474449999962],[-66.85591186999994,-29.40704323999995],[-66.85714160999999,-29.40711652999994],[-66.85744766999994,-29.40712357999996],[-66.85864150999998,-29.40721512999994],[-66.85888053999997,-29.406234779999977],[-66.85936717999994,-29.404684489999966],[-66.85992743999998,-29.404292959999964],[-66.85916801999997,-29.40366636999994],[-66.85981897999994,-29.40303518999997],[-66.85865190999994,-29.40207743999997],[-66.85747741999995,-29.40109265999996],[-66.85641426999996,-29.40023795999997]]]}},{"type":"Feature","properties":{"radio_id":"460141211","population":604,"population_density":4939.841656092149,"households":219,"dwellings":229,"area_km2":0.1222711256858013,"demographic_residential_component":0.24714828897338403,"density_component":0.6083650190114068,"territorial_context_score":0.42775665399239543,"percentile":36.50190114068441,"relative_level":"low"},"geometry":{"type":"Polygon","coordinates":[[[-66.85981897999994,-29.40303518999997],[-66.85916801999997,-29.40366636999994],[-66.85992743999998,-29.404292959999964],[-66.85936717999994,-29.404684489999966],[-66.85888053999997,-29.406234779999977],[-66.85864150999998,-29.40721512999994],[-66.86004455999995,-29.407436119999943],[-66.86043207999995,-29.407573449999973],[-66.86079814999994,-29.407611679999945],[-66.86139977999994,-29.40748149999996],[-66.86166523999998,-29.407195609999974],[-66.86182992999994,-29.406932929999982],[-66.86193150999998,-29.40676086999997],[-66.86218350999997,-29.406100679999952],[-66.86247390999995,-29.406328849999966],[-66.86333563999995,-29.40589024999997],[-66.86258312999996,-29.40523204999994],[-66.86245309999998,-29.40532761999998],[-66.86234973999996,-29.405044119999957],[-66.86159613999996,-29.40449868999997],[-66.86070915999994,-29.40377369999993],[-66.85981897999994,-29.40303518999997]]]}},{"type":"Feature","properties":{"radio_id":"460141212","population":907,"population_density":6349.994472397867,"households":306,"dwellings":324,"area_km2":0.14283477000531958,"demographic_residential_component":0.679340937896071,"density_component":0.8060836501901141,"territorial_context_score":0.7427122940430926,"percentile":88.212927756654,"relative_level":"high"},"geometry":{"type":"Polygon","coordinates":[[[-66.86513089999994,-29.402788819999955],[-66.86421468999998,-29.40201892999994],[-66.86335182999994,-29.401343419999932],[-66.86267395999994,-29.401956739999946],[-66.86205038999998,-29.402533629999937],[-66.86137047999995,-29.403151469999955],[-66.86048351999995,-29.402426479999974],[-66.85981897999994,-29.40303518999997],[-66.86070915999994,-29.40377369999993],[-66.86159613999996,-29.40449868999997],[-66.86234973999996,-29.405044119999957],[-66.86245309999998,-29.40532761999998],[-66.86258312999996,-29.40523204999994],[-66.86333563999995,-29.40589024999997],[-66.86424169999998,-29.40545585999996],[-66.86511897999998,-29.40503067999998],[-66.86539388999995,-29.405254429999957],[-66.86598148999997,-29.404686779999963],[-66.86544928999996,-29.40425270999998],[-66.86443766999997,-29.403411269999935],[-66.86476781999994,-29.403102409999974],[-66.86513089999994,-29.402788819999955]]]}},{"type":"Feature","properties":{"radio_id":"460141301","population":867,"population_density":3635.163926024034,"households":299,"dwellings":325,"area_km2":0.23850368721838702,"demographic_residential_component":0.6514575411913816,"density_component":0.41064638783269963,"territorial_context_score":0.5310519645120406,"percentile":54.752851711026615,"relative_level":"medium"},"geometry":{"type":"Polygon","coordinates":[[[-66.83011716999994,-29.386827239999946],[-66.82999231999997,-29.387689559999956],[-66.82892494999999,-29.387538329999984],[-66.82775776999995,-29.387401239999974],[-66.82766049999998,-29.388110019999942],[-66.82752389999996,-29.388796489999947],[-66.82742611999998,-29.389442119999956],[-66.82728741999995,-29.390124089999972],[-66.82950245999996,-29.390412539999943],[-66.83167850999996,-29.390719239999953],[-66.83180363999998,-29.390019309999957],[-66.83398241999998,-29.390280839999946],[-66.83501895999996,-29.390436739999984],[-66.83585945999994,-29.390553259999933],[-66.83579684999995,-29.39045441999997],[-66.83536365999998,-29.389757979999956],[-66.83466165999994,-29.38868883999993],[-66.83432070999999,-29.388185779999958],[-66.83381741999995,-29.387480749999952],[-66.83370543999996,-29.387264939999966],[-66.83321657999994,-29.38731760999997],[-66.83211292999994,-29.38713956999993],[-66.83166629999994,-29.38706566999997],[-66.83039571999996,-29.38687963999996],[-66.83011716999994,-29.386827239999946]]]}},{"type":"Feature","properties":{"radio_id":"460141302","population":960,"population_density":3883.726600905157,"households":323,"dwellings":344,"area_km2":0.2471852678240169,"demographic_residential_component":0.7490494296577946,"density_component":0.4372623574144487,"territorial_context_score":0.5931558935361216,"percentile":68.8212927756654,"relative_level":"medium"},"geometry":{"type":"Polygon","coordinates":[[[-66.82014328999998,-29.385856029999957],[-66.82000377999998,-29.387083789999963],[-66.82071514999996,-29.387160609999967],[-66.82253523999998,-29.38740649999994],[-66.82240883999998,-29.388083879999954],[-66.82346579999995,-29.388221699999974],[-66.82333222999995,-29.38890362999996],[-66.82323444999997,-29.389553769999964],[-66.82507334999997,-29.389826579999976],[-66.82728741999995,-29.390124089999972],[-66.82742611999998,-29.389442119999956],[-66.82752389999996,-29.388796489999947],[-66.82766049999998,-29.388110019999942],[-66.82775776999995,-29.387401239999974],[-66.82892494999999,-29.387538329999984],[-66.82999231999997,-29.387689559999956],[-66.83011716999994,-29.386827239999946],[-66.82952104999998,-29.38673622999994],[-66.82894669999996,-29.38666311999998],[-66.82821147999994,-29.386568459999978],[-66.82787623999997,-29.38651189999996],[-66.82722121999996,-29.386398689999965],[-66.82455321999998,-29.386004739999976],[-66.82298692999996,-29.385933229999978],[-66.82225762999997,-29.38593321999997],[-66.82014328999998,-29.385856029999957]]]}},{"type":"Feature","properties":{"radio_id":"460141303","population":1059,"population_density":817.095052091046,"households":345,"dwellings":342,"area_km2":1.2960548436682975,"demographic_residential_component":0.7934093789607098,"density_component":0.10646387832699619,"territorial_context_score":0.44993662864385303,"percentile":39.543726235741445,"relative_level":"low"},"geometry":{"type":"Polygon","coordinates":[[[-66.80644567999997,-29.383553439999957],[-66.80708771999997,-29.385029059999965],[-66.81068296999996,-29.392472419999933],[-66.81119972999994,-29.393723249999937],[-66.81128165999996,-29.39392121999998],[-66.81128690999998,-29.393934719999947],[-66.81214127999993,-29.395147399999928],[-66.81259100999995,-29.395997179999938],[-66.81292749999994,-29.39595001999993],[-66.81329416999995,-29.396069569999952],[-66.81346103999994,-29.396325659999945],[-66.81347384999998,-29.396641329999966],[-66.81415909999998,-29.396921319999933],[-66.81475282999997,-29.39709359999995],[-66.81542677999994,-29.397378169999968],[-66.81712324999995,-29.39824735999997],[-66.81813125999997,-29.39701877999994],[-66.81822991999996,-29.396860299999958],[-66.81829611999996,-29.39676516999998],[-66.81856599999998,-29.396375599999942],[-66.81913150999998,-29.395596289999958],[-66.81949590999994,-29.394791149999946],[-66.81955722999999,-29.39434420999993],[-66.81917230999994,-29.394260879999933],[-66.81800949999996,-29.394033459999946],[-66.81685058999994,-29.393778949999955],[-66.81694782999995,-29.393313759999955],[-66.81710107999999,-29.392509919999952],[-66.81830294999997,-29.392728079999983],[-66.81847448999997,-29.39202335999994],[-66.81855193999996,-29.390759899999978],[-66.81868344999998,-29.39007345999994],[-66.81875679999996,-29.389585859999954],[-66.82010450999996,-29.389753489999975],[-66.82014875999994,-29.38949159999993],[-66.82019022999998,-29.38913950999995],[-66.82058730999995,-29.389200219999964],[-66.82175247999999,-29.38934188999997],[-66.82323444999997,-29.389553769999964],[-66.82333222999995,-29.38890362999996],[-66.82346579999995,-29.388221699999974],[-66.82240883999998,-29.388083879999954],[-66.82253523999998,-29.38740649999994],[-66.82071514999996,-29.387160609999967],[-66.82000377999998,-29.387083789999963],[-66.82014328999998,-29.385856029999957],[-66.81943133999994,-29.385707039999943],[-66.81855973999996,-29.385559039999976],[-66.81788104999998,-29.38544591999994],[-66.81776759999997,-29.38542857999994],[-66.81631818999995,-29.385157799999945],[-66.81480697999996,-29.384887379999952],[-66.81318030999995,-29.38460411999995],[-66.81193279999997,-29.384462869999936],[-66.81080037999993,-29.384284819999948],[-66.80960913999996,-29.384093589999964],[-66.80644567999997,-29.383553439999957]]]}},{"type":"Feature","properties":{"radio_id":"460141304","population":1089,"population_density":2515.8180630604293,"households":316,"dwellings":321,"area_km2":0.43286118976157556,"demographic_residential_component":0.7477820025348544,"density_component":0.2623574144486692,"territorial_context_score":0.5050697084917618,"percentile":49.049429657794676,"relative_level":"low"},"geometry":{"type":"Polygon","coordinates":[[[-66.82175247999999,-29.38934188999997],[-66.82058730999995,-29.389200219999964],[-66.82019022999998,-29.38913950999995],[-66.82014875999994,-29.38949159999993],[-66.82010450999996,-29.389753489999975],[-66.81875679999996,-29.389585859999954],[-66.81868344999998,-29.39007345999994],[-66.81855193999996,-29.390759899999978],[-66.81847448999997,-29.39202335999994],[-66.81830294999997,-29.392728079999983],[-66.81710107999999,-29.392509919999952],[-66.81694782999995,-29.393313759999955],[-66.81685058999994,-29.393778949999955],[-66.81800949999996,-29.394033459999946],[-66.81917230999994,-29.394260879999933],[-66.81955722999999,-29.39434420999993],[-66.82025828999997,-29.39441206999993],[-66.82125466999997,-29.39469461999994],[-66.82162633999997,-29.394796079999935],[-66.82201030999994,-29.39488842999998],[-66.82244118999995,-29.394921859999954],[-66.82261353999996,-29.394961389999935],[-66.82284361999996,-29.395005079999976],[-66.82309841999995,-29.395048609999947],[-66.82326136999995,-29.395070159999932],[-66.82351395999996,-29.39509565999998],[-66.82370982999998,-29.395112499999982],[-66.82506599999994,-29.395298069999967],[-66.82514047999996,-29.39469768999993],[-66.82520264999994,-29.39435899999995],[-66.82526076999994,-29.393903059999957],[-66.82605497999998,-29.394024439999953],[-66.82637154999998,-29.394063079999967],[-66.82661394999997,-29.39410216999994],[-66.82666156999994,-29.393876339999963],[-66.82673785999998,-29.39350147999994],[-66.82679479999996,-29.393153809999944],[-66.82686907999994,-29.392530869999973],[-66.82743617999995,-29.39259501999993],[-66.82796718999998,-29.392654869999944],[-66.82848796999997,-29.392723799999942],[-66.82907883999997,-29.392796809999936],[-66.82921200999994,-29.39206975999997],[-66.82700190999998,-29.391758729999935],[-66.82582923999996,-29.39158556999996],[-66.82481049999996,-29.39146557999993],[-66.82488879999994,-29.39095538999993],[-66.82499019999995,-29.390372879999973],[-66.82311545999994,-29.39012735999995],[-66.82164078999995,-29.38992896999997],[-66.82175247999999,-29.38934188999997]]]}},{"type":"Feature","properties":{"radio_id":"460141305","population":1186,"population_density":8464.190689721205,"households":395,"dwellings":394,"area_km2":0.14011971651823274,"demographic_residential_component":0.9074778200253486,"density_component":0.9581749049429658,"territorial_context_score":0.9328263624841572,"percentile":98.09885931558935,"relative_level":"high"},"geometry":{"type":"Polygon","coordinates":[[[-66.82323444999997,-29.389553769999964],[-66.82175247999999,-29.38934188999997],[-66.82164078999995,-29.38992896999997],[-66.82311545999994,-29.39012735999995],[-66.82499019999995,-29.390372879999973],[-66.82488879999994,-29.39095538999993],[-66.82481049999996,-29.39146557999993],[-66.82582923999996,-29.39158556999996],[-66.82700190999998,-29.391758729999935],[-66.82921200999994,-29.39206975999997],[-66.82979451999995,-29.392129289999957],[-66.83144133999997,-29.392335539999976],[-66.83151926999994,-29.391784749999943],[-66.83160602999993,-29.391306079999936],[-66.83167850999996,-29.390719239999953],[-66.82950245999996,-29.390412539999943],[-66.82728741999995,-29.390124089999972],[-66.82507334999997,-29.389826579999976],[-66.82323444999997,-29.389553769999964]]]}},{"type":"Feature","properties":{"radio_id":"460141306","population":732,"population_density":5839.423902992721,"households":230,"dwellings":236,"area_km2":0.12535483159988572,"demographic_residential_component":0.35614702154626104,"density_component":0.7376425855513308,"territorial_context_score":0.5468948035487959,"percentile":57.79467680608364,"relative_level":"medium"},"geometry":{"type":"Polygon","coordinates":[[[-66.83585945999994,-29.390553259999933],[-66.83501895999996,-29.390436739999984],[-66.83398241999998,-29.390280839999946],[-66.83180363999998,-29.390019309999957],[-66.83167850999996,-29.390719239999953],[-66.83160602999993,-29.391306079999936],[-66.83151926999994,-29.391784749999943],[-66.83144133999997,-29.392335539999976],[-66.83209113999999,-29.392435229999933],[-66.83361525999999,-29.39262868999998],[-66.83574692999997,-29.392917549999936],[-66.83655121999993,-29.393011739999963],[-66.83674711999998,-29.393033069999944],[-66.83630195999996,-29.392386319999957],[-66.83712948999994,-29.39255253999994],[-66.83675359999995,-29.39193692999993],[-66.83627367999998,-29.39119568999996],[-66.83585945999994,-29.390553259999933]]]}},{"type":"Feature","properties":{"radio_id":"460141307","population":1511,"population_density":9626.9358741722,"households":469,"dwellings":467,"area_km2":0.15695544457232896,"demographic_residential_component":0.9847908745247148,"density_component":0.973384030418251,"territorial_context_score":0.9790874524714829,"percentile":99.61977186311786,"relative_level":"high"},"geometry":{"type":"Polygon","coordinates":[[[-66.83674711999998,-29.393033069999944],[-66.83655121999993,-29.393011739999963],[-66.83574692999997,-29.392917549999936],[-66.83361525999999,-29.39262868999998],[-66.83209113999999,-29.392435229999933],[-66.83144133999997,-29.392335539999976],[-66.83137230999995,-29.392714869999963],[-66.83129820999994,-29.393103249999967],[-66.83100502999997,-29.394674789999954],[-66.83216194999994,-29.394807399999934],[-66.83261564999998,-29.394858689999978],[-66.83286106999998,-29.394888729999934],[-66.83322410999995,-29.394940589999976],[-66.83375505999999,-29.39499139999998],[-66.83435635999996,-29.39507784999995],[-66.83483789999997,-29.395133469999962],[-66.83539471999995,-29.395197649999943],[-66.83626096999996,-29.39530948999993],[-66.83756859999994,-29.39547719999996],[-66.83820988999997,-29.39554082999996],[-66.83712242999997,-29.393829099999948],[-66.83674711999998,-29.393033069999944]]]}},{"type":"Feature","properties":{"radio_id":"460141308","population":706,"population_density":5773.582047264349,"households":225,"dwellings":220,"area_km2":0.12228110629076769,"demographic_residential_component":0.3054499366286439,"density_component":0.7300380228136882,"territorial_context_score":0.517743979721166,"percentile":51.33079847908745,"relative_level":"medium"},"geometry":{"type":"Polygon","coordinates":[[[-66.83144133999997,-29.392335539999976],[-66.82979451999995,-29.392129289999957],[-66.82921200999994,-29.39206975999997],[-66.82907883999997,-29.392796809999936],[-66.82970479999994,-29.392878619999976],[-66.83018434999997,-29.39294328999995],[-66.83013503999996,-29.393214239999963],[-66.82996146999994,-29.394293369999957],[-66.82991899999996,-29.394519169999967],[-66.82938061999994,-29.39444132999995],[-66.82878959999994,-29.39435027999997],[-66.82865185999998,-29.39514951999996],[-66.82855914999993,-29.395786099999953],[-66.82850635999995,-29.396517159999974],[-66.82844473999995,-29.397176099999967],[-66.82751201999997,-29.39712776999994],[-66.82771784999994,-29.397482829999944],[-66.82776500999995,-29.39758176999993],[-66.82786193999993,-29.397720999999933],[-66.82791326999995,-29.39769812999998],[-66.82803651999996,-29.397652259999973],[-66.82813430999994,-29.39764262999995],[-66.82829408999999,-29.39765516999995],[-66.82861596999999,-29.397711799999968],[-66.82888961999998,-29.39779128999993],[-66.82926134999997,-29.397897239999963],[-66.82996805999994,-29.39802364999997],[-66.83047396999996,-29.39816032999994],[-66.83047551999994,-29.397970869999938],[-66.83056070999999,-29.397424549999982],[-66.83065292999999,-29.39672932999997],[-66.83077100999998,-29.396047489999944],[-66.83086869999994,-29.395392829999935],[-66.83100502999997,-29.394674789999954],[-66.83129820999994,-29.393103249999967],[-66.83137230999995,-29.392714869999963],[-66.83144133999997,-29.392335539999976]]]}},{"type":"Feature","properties":{"radio_id":"460141309","population":879,"population_density":15505.050281932845,"households":267,"dwellings":273,"area_km2":0.05669120602751278,"demographic_residential_component":0.541191381495564,"density_component":1.0,"territorial_context_score":0.770595690747782,"percentile":90.11406844106465,"relative_level":"high"},"geometry":{"type":"Polygon","coordinates":[[[-66.82907883999997,-29.392796809999936],[-66.82848796999997,-29.392723799999942],[-66.82796718999998,-29.392654869999944],[-66.82743617999995,-29.39259501999993],[-66.82686907999994,-29.392530869999973],[-66.82679479999996,-29.393153809999944],[-66.82673785999998,-29.39350147999994],[-66.82666156999994,-29.393876339999963],[-66.82661394999997,-29.39410216999994],[-66.82710365999998,-29.394148749999943],[-66.82725628999998,-29.394170359999976],[-66.82771516999998,-29.39422614999995],[-66.82818124999994,-29.394281889999945],[-66.82878959999994,-29.39435027999997],[-66.82938061999994,-29.39444132999995],[-66.82991899999996,-29.394519169999967],[-66.82996146999994,-29.394293369999957],[-66.83013503999996,-29.393214239999963],[-66.83018434999997,-29.39294328999995],[-66.82970479999994,-29.392878619999976],[-66.82907883999997,-29.392796809999936]]]}},{"type":"Feature","properties":{"radio_id":"460141310","population":942,"population_density":5735.258721510778,"households":295,"dwellings":292,"area_km2":0.1642471675195603,"demographic_residential_component":0.641318124207858,"density_component":0.714828897338403,"territorial_context_score":0.6780735107731306,"percentile":82.12927756653993,"relative_level":"high"},"geometry":{"type":"Polygon","coordinates":[[[-66.83820988999997,-29.39554082999996],[-66.83756859999994,-29.39547719999996],[-66.83626096999996,-29.39530948999993],[-66.83539471999995,-29.395197649999943],[-66.83483789999997,-29.395133469999962],[-66.83435635999996,-29.39507784999995],[-66.83375505999999,-29.39499139999998],[-66.83322410999995,-29.394940589999976],[-66.83310111999998,-29.395649539999965],[-66.83300324999993,-29.396281639999984],[-66.83407053999997,-29.39641028999995],[-66.83395549999995,-29.397083089999967],[-66.83386837999996,-29.39776925999996],[-66.83499962999997,-29.397906519999935],[-66.83560071999995,-29.397965899999974],[-66.83622961999998,-29.398025109999935],[-66.83683505999994,-29.39811151999993],[-66.83761149999998,-29.398196859999928],[-66.83925650999998,-29.398421059999976],[-66.84005053999994,-29.398515289999978],[-66.83964557999997,-29.39787732999997],[-66.83929389999997,-29.397329249999927],[-66.83901223999999,-29.39690250999996],[-66.83864349999993,-29.39628235999993],[-66.83820988999997,-29.39554082999996]]]}},{"type":"Feature","properties":{"radio_id":"460141311","population":780,"population_density":5726.4356945565205,"households":225,"dwellings":257,"area_km2":0.13621038314312311,"demographic_residential_component":0.4068441064638783,"density_component":0.7110266159695817,"territorial_context_score":0.55893536121673,"percentile":59.6958174904943,"relative_level":"medium"},"geometry":{"type":"Polygon","coordinates":[[[-66.83322410999995,-29.394940589999976],[-66.83286106999998,-29.394888729999934],[-66.83261564999998,-29.394858689999978],[-66.83216194999994,-29.394807399999934],[-66.83100502999997,-29.394674789999954],[-66.83086869999994,-29.395392829999935],[-66.83077100999998,-29.396047489999944],[-66.83065292999999,-29.39672932999997],[-66.83056070999999,-29.397424549999982],[-66.83047551999994,-29.397970869999938],[-66.83047396999996,-29.39816032999994],[-66.83072053999996,-29.398330199999975],[-66.83083174999996,-29.39870388999998],[-66.83082940999998,-29.399430119999977],[-66.83092062999998,-29.40013320999998],[-66.83105142999995,-29.400127889999965],[-66.83138604999994,-29.400103249999972],[-66.83173688999995,-29.40017322999995],[-66.83211599999998,-29.400170859999946],[-66.83242721999994,-29.40018244999993],[-66.83253398999994,-29.39937888999998],[-66.83272579999993,-29.398516149999978],[-66.83282384999995,-29.397653999999932],[-66.83386837999996,-29.39776925999996],[-66.83395549999995,-29.397083089999967],[-66.83407053999997,-29.39641028999995],[-66.83300324999993,-29.396281639999984],[-66.83310111999998,-29.395649539999965],[-66.83322410999995,-29.394940589999976]]]}},{"type":"Feature","properties":{"radio_id":"460141312","population":934,"population_density":4084.4447531513106,"households":284,"dwellings":305,"area_km2":0.22867245279285076,"demographic_residential_component":0.6362484157160962,"density_component":0.4752851711026616,"territorial_context_score":0.555766793409379,"percentile":58.935361216730044,"relative_level":"medium"},"geometry":{"type":"Polygon","coordinates":[[[-66.82661394999997,-29.39410216999994],[-66.82637154999998,-29.394063079999967],[-66.82605497999998,-29.394024439999953],[-66.82526076999994,-29.393903059999957],[-66.82520264999994,-29.39435899999995],[-66.82514047999996,-29.39469768999993],[-66.82506599999994,-29.395298069999967],[-66.82370982999998,-29.395112499999982],[-66.82351395999996,-29.39509565999998],[-66.82326136999995,-29.395070159999932],[-66.82309841999995,-29.395048609999947],[-66.82284361999996,-29.395005079999976],[-66.82261353999996,-29.394961389999935],[-66.82244118999995,-29.394921859999954],[-66.82201030999994,-29.39488842999998],[-66.82162633999997,-29.394796079999935],[-66.82125466999997,-29.39469461999994],[-66.82025828999997,-29.39441206999993],[-66.81955722999999,-29.39434420999993],[-66.81949590999994,-29.394791149999946],[-66.81998564999998,-29.39484225999996],[-66.82033458999996,-29.394934839999962],[-66.82065936999999,-29.394968929999948],[-66.82113496999995,-29.395182509999984],[-66.82163119999996,-29.395400479999978],[-66.82194226999997,-29.395651159999943],[-66.82211527999993,-29.395771879999984],[-66.82217596999993,-29.39588877999995],[-66.82233139999994,-29.39600058999997],[-66.82245267999997,-29.396094559999938],[-66.82254143999995,-29.39624286999998],[-66.82270741999997,-29.39638617999998],[-66.82290837999994,-29.39665106999996],[-66.82313402999995,-29.396911299999942],[-66.82344329999995,-29.39719355999995],[-66.82352795999998,-29.39747269999998],[-66.82356778999997,-29.39768444999993],[-66.82382478999995,-29.39787230999997],[-66.82408017999995,-29.39798800999995],[-66.82422501999997,-29.39806379999993],[-66.82436224999998,-29.398090009999976],[-66.82449155999996,-29.39815686999998],[-66.82467705999994,-29.398164749999978],[-66.82483698999994,-29.398195329999965],[-66.82526714999995,-29.398264839999968],[-66.82556098999999,-29.39829459999993],[-66.82587842999993,-29.398310669999944],[-66.82610189999997,-29.398300269999936],[-66.82630582999997,-29.398294489999955],[-66.82647565999997,-29.39827538999998],[-66.82671446999996,-29.39825135999996],[-66.82688882999997,-29.398155549999956],[-66.82704077999995,-29.398091459999932],[-66.82755108999999,-29.39788079999994],[-66.82786193999993,-29.397720999999933],[-66.82776500999995,-29.39758176999993],[-66.82771784999994,-29.397482829999944],[-66.82751201999997,-29.39712776999994],[-66.82844473999995,-29.397176099999967],[-66.82850635999995,-29.396517159999974],[-66.82855914999993,-29.395786099999953],[-66.82865185999998,-29.39514951999996],[-66.82878959999994,-29.39435027999997],[-66.82818124999994,-29.394281889999945],[-66.82771516999998,-29.39422614999995],[-66.82725628999998,-29.394170359999976],[-66.82710365999998,-29.394148749999943],[-66.82661394999997,-29.39410216999994]]]}},{"type":"Feature","properties":{"radio_id":"460141313","population":1154,"population_density":4476.174173667498,"households":341,"dwellings":337,"area_km2":0.2578094495939787,"demographic_residential_component":0.8022813688212928,"density_component":0.5209125475285171,"territorial_context_score":0.6615969581749049,"percentile":79.08745247148289,"relative_level":"high"},"geometry":{"type":"Polygon","coordinates":[[[-66.82313402999995,-29.396911299999942],[-66.82290837999994,-29.39665106999996],[-66.82270741999997,-29.39638617999998],[-66.82254143999995,-29.39624286999998],[-66.82245267999997,-29.396094559999938],[-66.82233139999994,-29.39600058999997],[-66.82217596999993,-29.39588877999995],[-66.82211527999993,-29.395771879999984],[-66.82194226999997,-29.395651159999943],[-66.82163119999996,-29.395400479999978],[-66.82113496999995,-29.395182509999984],[-66.82065936999999,-29.394968929999948],[-66.82033458999996,-29.394934839999962],[-66.81998564999998,-29.39484225999996],[-66.81949590999994,-29.394791149999946],[-66.81913150999998,-29.395596289999958],[-66.81856599999998,-29.396375599999942],[-66.81829611999996,-29.39676516999998],[-66.81822991999996,-29.396860299999958],[-66.81813125999997,-29.39701877999994],[-66.81712324999995,-29.39824735999997],[-66.81741839999995,-29.398439509999946],[-66.82258764999995,-29.401344149999943],[-66.82270978999998,-29.401415559999975],[-66.82281439999997,-29.400972869999976],[-66.82298618999994,-29.40055682999997],[-66.82317309999996,-29.400100099999975],[-66.82317961999996,-29.399373839999953],[-66.82318258999999,-29.398719779999965],[-66.82317731999996,-29.39806575999995],[-66.82321336999996,-29.397425029999965],[-66.82321125999994,-29.39716341999997],[-66.82313402999995,-29.396911299999942]]]}},{"type":"Feature","properties":{"radio_id":"460141401","population":358,"population_density":248.95055781473513,"households":122,"dwellings":254,"area_km2":1.4380365448564998,"demographic_residential_component":0.138149556400507,"density_component":0.049429657794676805,"territorial_context_score":0.0937896070975919,"percentile":2.2813688212927756,"relative_level":"very_low"},"geometry":{"type":"Polygon","coordinates":[[[-66.97298195999997,-29.38557241999996],[-66.97242189999997,-29.385711829999934],[-66.97175021999993,-29.38602795999998],[-66.97086463999995,-29.386598229999947],[-66.97030640999998,-29.387256329999957],[-66.96946701999997,-29.38802923999998],[-66.96897578999994,-29.388150079999946],[-66.96854909999996,-29.388234369999964],[-66.96792092999993,-29.38825246999994],[-66.96741148999996,-29.388517779999972],[-66.96703580999997,-29.388876839999966],[-66.96668005999999,-29.389055329999962],[-66.96614999999997,-29.388883259999943],[-66.96558922999998,-29.38895046999994],[-66.96494919999998,-29.38902276999994],[-66.96453529999997,-29.389152059999958],[-66.96417061999995,-29.389258439999935],[-66.96406903999997,-29.38962903999993],[-66.96412046999995,-29.389948919999938],[-66.96446063999997,-29.390519309999945],[-66.96428092999997,-29.390579239999965],[-66.96395178999995,-29.390631239999948],[-66.96362723999994,-29.390624569999943],[-66.96325353999998,-29.390320549999956],[-66.96317398999997,-29.390077549999944],[-66.96315801999998,-29.38969426999995],[-66.96300513999995,-29.38932098999993],[-66.96265354999997,-29.388958179999975],[-66.96228979999995,-29.38883450999998],[-66.96198146999996,-29.388908899999933],[-66.96159639999996,-29.389037969999947],[-66.96127296999998,-29.389148559999967],[-66.96089967999995,-29.389435419999984],[-66.96061558999997,-29.389897549999944],[-66.96015981999994,-29.390505249999933],[-66.95989303999994,-29.39083643999993],[-66.95972727999998,-29.391284179999957],[-66.95966190999997,-29.39233110999993],[-66.95966612999996,-29.39354893999996],[-66.95897716999997,-29.394009469999958],[-66.95801510999996,-29.39412914999997],[-66.95693483999997,-29.393726449999974],[-66.95616723999996,-29.39338012999997],[-66.95539379999997,-29.393290949999937],[-66.95472129999996,-29.39330929999994],[-66.95364321999995,-29.393691399999966],[-66.95314336999996,-29.394218199999955],[-66.95273761999994,-29.39456390999993],[-66.95210525999994,-29.394690209999965],[-66.95151024999996,-29.39473505999996],[-66.95047816999994,-29.395080709999945],[-66.95011079999995,-29.395123929999954],[-66.94894438999995,-29.395204409999963],[-66.94726913999995,-29.395847809999964],[-66.94622537999999,-29.396937759999958],[-66.94516455999997,-29.397522649999928],[-66.94396653999996,-29.39797767999994],[-66.94343869999994,-29.398270099999934],[-66.94283284999995,-29.399041189999934],[-66.94249102999999,-29.39973372999998],[-66.94248127999998,-29.40035174999997],[-66.94275235999999,-29.400701649999974],[-66.94311695999994,-29.400802819999967],[-66.94350081999994,-29.40109328999995],[-66.94352589999994,-29.40135472999998],[-66.94288402999996,-29.401796799999943],[-66.94260346999994,-29.40243025999996],[-66.94282451999999,-29.403497709999954],[-66.94325444999998,-29.403756279999982],[-66.94350402999999,-29.404007109999952],[-66.94355567999997,-29.404245799999956],[-66.94303432999993,-29.404687019999983],[-66.94267819999993,-29.404946639999935],[-66.94220914999994,-29.405139409999947],[-66.94164663999999,-29.404805089999968],[-66.94141240999994,-29.404206829999964],[-66.94137575999997,-29.403359099999932],[-66.94106771999998,-29.402576429999954],[-66.94083821999993,-29.402266819999966],[-66.94061535999998,-29.402119549999952],[-66.94016793999998,-29.40197385999994],[-66.93969237999994,-29.402017799999953],[-66.93925391999994,-29.40228701999996],[-66.93895699999996,-29.40271310999998],[-66.93951145999995,-29.40307004999994],[-66.93599447999998,-29.40354585999995],[-66.93350487999999,-29.404163229999938],[-66.93336443999993,-29.40435365999997],[-66.93300218999997,-29.40417125999994],[-66.93256085999997,-29.40401647999994],[-66.93200427999994,-29.40398879999998],[-66.93143532999994,-29.40407395999995],[-66.93105040999995,-29.404230009999935],[-66.93078411999994,-29.40440327999994],[-66.93061618999997,-29.40462997999998],[-66.93027070999995,-29.404817329999958],[-66.93007887999994,-29.405021639999973],[-66.92983523999999,-29.405645809999953],[-66.92959156999996,-29.40581439999994],[-66.92919096999998,-29.406173529999933],[-66.92895792999997,-29.40637812999995],[-66.92849350999995,-29.40651667999998],[-66.92822362999993,-29.40663583999998],[-66.92795863999999,-29.40695342999993],[-66.92746865999999,-29.407114709999973],[-66.92706826999995,-29.407270859999983],[-66.92652983999994,-29.40731519999997],[-66.92602538999995,-29.407584829999962],[-66.92558557999996,-29.407939709999937],[-66.92570429999995,-29.407965949999948],[-66.92561509999996,-29.408354479999957],[-66.92551662999995,-29.408630309999978],[-66.92538959999996,-29.408825149999984],[-66.92493697999998,-29.409130499999947],[-66.92529434999994,-29.40911448999998],[-66.92545634999993,-29.409027659999936],[-66.92595334999999,-29.409299359999977],[-66.92683558999994,-29.40944657999995],[-66.92736199999996,-29.40955116999993],[-66.92801627999995,-29.40955563999995],[-66.92839375999995,-29.409485349999954],[-66.92867880999995,-29.40933451999996],[-66.92911296999995,-29.408925539999927],[-66.92947330999993,-29.408670429999972],[-66.92964198999994,-29.408524909999983],[-66.92980814999999,-29.408329799999933],[-66.93006689999999,-29.408233269999982],[-66.93013980999996,-29.407980169999973],[-66.93154808999998,-29.407401999999934],[-66.93224604999995,-29.40677464999993],[-66.93278376999996,-29.406428079999955],[-66.93311817999995,-29.40615510999993],[-66.93339785999996,-29.405981749999967],[-66.93380350999996,-29.405839079999964],[-66.93430364999995,-29.405664169999966],[-66.93579707999999,-29.406402449999973],[-66.93628416999996,-29.40671476999995],[-66.93672294999993,-29.406815429999938],[-66.93712959999993,-29.40678098999996],[-66.93743288999997,-29.40671119999996],[-66.93764975999994,-29.40654277999994],[-66.93787445999993,-29.40632919999996],[-66.93813667999996,-29.405713919999982],[-66.93840929999993,-29.40567139999996],[-66.93870495999994,-29.40555655999998],[-66.93892153999997,-29.405356559999973],[-66.93903278999994,-29.405130249999957],[-66.93902823999997,-29.404859649999935],[-66.93890237999994,-29.40461695999994],[-66.93864988999997,-29.404384189999973],[-66.93955174999996,-29.403529839999976],[-66.93980947999995,-29.403325049999978],[-66.94000475999997,-29.403274059999944],[-66.94020939999996,-29.40334477999994],[-66.94031737999995,-29.403659759999982],[-66.94039413999997,-29.404164409999964],[-66.94072555999998,-29.405136349999964],[-66.94086585999997,-29.405604469999957],[-66.94118261999995,-29.40610289999995],[-66.94161812999994,-29.40640654999993],[-66.94188190999995,-29.406521959999964],[-66.94220316999997,-29.40650163999993],[-66.94323119999996,-29.406259819999946],[-66.94434974999996,-29.40544449999993],[-66.94506290999993,-29.404911709999965],[-66.94551053999999,-29.40452061999997],[-66.94552224999995,-29.40389356999998],[-66.94520454999997,-29.403516929999967],[-66.94476894999997,-29.403204279999954],[-66.94470983999997,-29.402938579999955],[-66.94484723999994,-29.40275717999998],[-66.94505360999995,-29.402458019999983],[-66.94529591999998,-29.40225782999994],[-66.94533720999993,-29.40193277999998],[-66.94537532999993,-29.40159871999998],[-66.94541390999996,-29.40131427999995],[-66.94544993999995,-29.401088499999958],[-66.94533453999998,-29.40086378999996],[-66.94501946999998,-29.40043751999997],[-66.94477217999997,-29.39987543999996],[-66.94498634999997,-29.39941835999997],[-66.94589386999996,-29.399186389999954],[-66.94777377999998,-29.398388189999935],[-66.94896301999995,-29.397766289999936],[-66.95046491999994,-29.396979769999973],[-66.95122027999997,-29.396784929999967],[-66.95158327999997,-29.396714679999945],[-66.95212621999997,-29.396940849999964],[-66.95234983999995,-29.397169289999965],[-66.95277545999994,-29.397518069999933],[-66.95325479999997,-29.397550729999978],[-66.95390937999997,-29.397374639999953],[-66.95453488999993,-29.396734169999945],[-66.95484425999996,-29.396547019999957],[-66.95523792999995,-29.39623296999997],[-66.95571988999995,-29.395994969999947],[-66.95634596999997,-29.395967919999975],[-66.95717130999998,-29.396097319999967],[-66.95857817999996,-29.395951889999935],[-66.95930836999997,-29.39604135999997],[-66.95985738999997,-29.396145659999945],[-66.96054750999997,-29.396136169999977],[-66.96120110999993,-29.39574805999996],[-66.96159638999995,-29.395059599999968],[-66.96181971999994,-29.394489659999977],[-66.96189189999996,-29.393402089999938],[-66.96230791999994,-29.392948029999957],[-66.96258054999998,-29.392364189999967],[-66.96275149999997,-29.39192091999996],[-66.96288511999995,-29.391342599999973],[-66.96384845999995,-29.391362699999945],[-66.96414448999997,-29.391622179999956],[-66.96480999999994,-29.39151812999995],[-66.96558450999999,-29.39139523999995],[-66.96590840999994,-29.39078847999997],[-66.96712798999994,-29.390454879999936],[-66.96820205999995,-29.390420009999957],[-66.96919882999998,-29.39048944999996],[-66.96977916999998,-29.390313829999968],[-66.97036509999998,-29.389858509999954],[-66.97110409999993,-29.389577979999956],[-66.97130521999998,-29.38938706999994],[-66.97128741999995,-29.38859784999994],[-66.97164985999996,-29.38825690999994],[-66.97217477999993,-29.38788772999993],[-66.97268698999994,-29.387374299999976],[-66.97345399999995,-29.387007849999975],[-66.97316293999995,-29.386189049999928],[-66.97298195999997,-29.38557241999996]]]}},{"type":"Feature","properties":{"radio_id":"460141402","population":887,"population_density":3112.069935816094,"households":270,"dwellings":295,"area_km2":0.2850193017167519,"demographic_residential_component":0.5855513307984791,"density_component":0.3193916349809886,"territorial_context_score":0.4524714828897338,"percentile":39.92395437262358,"relative_level":"low"},"geometry":{"type":"Polygon","coordinates":[[[-66.90628500999998,-29.404432309999947],[-66.90614917999994,-29.404451279999932],[-66.90485479999995,-29.40464049999997],[-66.90407292999998,-29.40476758999995],[-66.90276641999998,-29.404983939999966],[-66.90290635999997,-29.40566408999996],[-66.90303849999998,-29.40627663999993],[-66.90324323999994,-29.407060099999967],[-66.90330500999994,-29.40705516999998],[-66.90338750999996,-29.407063629999982],[-66.90344733999996,-29.407072249999942],[-66.90349904999994,-29.40709444999993],[-66.90354255999995,-29.407121219999965],[-66.90439068999996,-29.406912489999968],[-66.90473029999998,-29.40686958999993],[-66.90620198999994,-29.406688179999946],[-66.90679351999995,-29.406589439999948],[-66.90690450999995,-29.406557109999937],[-66.90730243999997,-29.406468699999948],[-66.90887458999998,-29.406232449999948],[-66.90945725999995,-29.406296139999938],[-66.91012383999998,-29.406526139999983],[-66.91112318999996,-29.406871139999964],[-66.91140637999996,-29.40685566999997],[-66.91175640999995,-29.406826209999963],[-66.91191338999994,-29.406752969999957],[-66.91232688999997,-29.406677969999976],[-66.91260177999999,-29.406540759999928],[-66.91318594999996,-29.406541269999934],[-66.91343555999998,-29.40645836999994],[-66.91392664999995,-29.406418919999965],[-66.91446770999994,-29.40643775999996],[-66.91479019999997,-29.406440059999966],[-66.91506494999999,-29.406402089999972],[-66.91539380999996,-29.406309619999945],[-66.91562800999998,-29.40623132999997],[-66.91614655999996,-29.406038319999936],[-66.91631098999994,-29.405992079999976],[-66.91663232999997,-29.405980849999935],[-66.91691908999996,-29.406019469999933],[-66.91733902999994,-29.40608874999998],[-66.91760797999996,-29.40620868999997],[-66.91779430999998,-29.40630663999997],[-66.91790082999995,-29.40635100999998],[-66.91804755999993,-29.406399609999937],[-66.91843190999998,-29.40640598999994],[-66.91886929999998,-29.40635335999997],[-66.91930668999998,-29.406300719999933],[-66.91984899999994,-29.406229319999966],[-66.92039249999993,-29.406175949999977],[-66.92065689999998,-29.406133529999977],[-66.92090377999995,-29.40609122999996],[-66.92125178999999,-29.40606626999994],[-66.92138801999994,-29.40609238999997],[-66.92154283999997,-29.40612288999995],[-66.92168045999995,-29.406189599999948],[-66.92177914999996,-29.406279129999973],[-66.92194238999997,-29.406444889999932],[-66.92207559999997,-29.406592819999958],[-66.92233606999997,-29.406685739999944],[-66.92258360999995,-29.406715599999984],[-66.92282396999997,-29.406750019999947],[-66.92301702999998,-29.406793789999938],[-66.92318729999994,-29.406824189999952],[-66.92335228999997,-29.406841089999944],[-66.92350476999997,-29.406840029999955],[-66.92367507999995,-29.406874929999958],[-66.92380672999997,-29.40696422999997],[-66.92392629999995,-29.407085189999975],[-66.92403103999999,-29.407273909999958],[-66.92407201999998,-29.40747659999994],[-66.92409797999994,-29.407498979999957],[-66.92410836999994,-29.407507919999944],[-66.92411874999993,-29.407516869999938],[-66.92412607999995,-29.407530349999945],[-66.92413963999996,-29.407548299999974],[-66.92414700999996,-29.407566289999977],[-66.92415022999995,-29.40757979999995],[-66.92415240999998,-29.407593319999933],[-66.92415565999994,-29.40761133999996],[-66.92415578999999,-29.40762486999995],[-66.92415285999994,-29.40764292999995],[-66.92449347999997,-29.407712739999965],[-66.92541526999997,-29.407904809999934],[-66.92452045999994,-29.406936729999984],[-66.92449651999993,-29.40690982999996],[-66.92413231999996,-29.40651091999996],[-66.92333704999999,-29.405952599999978],[-66.92224509999994,-29.40539633999998],[-66.92075693999993,-29.404887909999957],[-66.91907496999994,-29.40493560999994],[-66.91885862999999,-29.404937099999984],[-66.91860155999996,-29.404992999999934],[-66.91825157999995,-29.405026989999953],[-66.91792995999998,-29.40500664999996],[-66.91734809999997,-29.405033209999942],[-66.91531186999998,-29.40544413999993],[-66.91505946999996,-29.405445879999945],[-66.91485342999994,-29.405447289999984],[-66.91463419999997,-29.40547134999997],[-66.91429837999993,-29.40559092999996],[-66.91389455999996,-29.405710969999973],[-66.91373321999998,-29.405757189999974],[-66.91332109999996,-29.40575549999994],[-66.91294789999995,-29.405843759999982],[-66.91252603999993,-29.405905289999964],[-66.91100648999998,-29.405915679999964],[-66.91040272999999,-29.405798019999963],[-66.90971128999996,-29.405667429999937],[-66.90938078999994,-29.405574959999967],[-66.90912547999994,-29.405481979999934],[-66.90888491999993,-29.405424979999964],[-66.90776462999997,-29.405148449999956],[-66.90751146999997,-29.405064469999957],[-66.90709604999995,-29.404922959999965],[-66.90657998999995,-29.40481821999998],[-66.90652136999995,-29.40459759999993],[-66.90628500999998,-29.404432309999947]]]}},{"type":"Feature","properties":{"radio_id":"460141403","population":982,"population_density":4887.6857690640445,"households":281,"dwellings":299,"area_km2":0.20091307960414276,"demographic_residential_component":0.6501901140684411,"density_component":0.596958174904943,"territorial_context_score":0.623574144486692,"percentile":73.38403041825094,"relative_level":"medium"},"geometry":{"type":"Polygon","coordinates":[[[-66.90095120999996,-29.396232089999955],[-66.90075889999997,-29.396621299999936],[-66.90066889999997,-29.396928629999934],[-66.90068586999996,-29.39745174999996],[-66.90070124999994,-29.39767717999996],[-66.90080834999998,-29.397906499999976],[-66.90097764999996,-29.398063219999983],[-66.90165865999995,-29.39853673999994],[-66.90191983999995,-29.398598129999982],[-66.90224965999994,-29.398965759999953],[-66.90246461999993,-29.399392819999946],[-66.90254462999997,-29.399703509999938],[-66.90262143999996,-29.400235239999972],[-66.90270555999996,-29.401010499999984],[-66.90233121999995,-29.401202479999938],[-66.90201698999994,-29.401434649999942],[-66.90217427999994,-29.402096639999968],[-66.90222737999994,-29.402276709999967],[-66.90237801999996,-29.403001899999936],[-66.90250257999998,-29.403691179999953],[-66.90265781999994,-29.404353189999938],[-66.90276641999998,-29.404983939999966],[-66.90407292999998,-29.40476758999995],[-66.90485479999995,-29.40464049999997],[-66.90614917999994,-29.404451279999932],[-66.90628500999998,-29.404432309999947],[-66.90652136999995,-29.40459759999993],[-66.90657998999995,-29.40481821999998],[-66.90709604999995,-29.404922959999965],[-66.90751146999997,-29.405064469999957],[-66.90776462999997,-29.405148449999956],[-66.90735909999995,-29.40437989999998],[-66.90705005999996,-29.40415195999998],[-66.90678341999995,-29.40394177999997],[-66.90653630999998,-29.403726949999964],[-66.90625108999996,-29.40351237999994],[-66.90617254999995,-29.40336856999994],[-66.90599423999998,-29.403243489999966],[-66.90570608999997,-29.403046979999942],[-66.90551699999997,-29.402867839999942],[-66.90521846999997,-29.40266237999998],[-66.90502925999994,-29.402469709999934],[-66.90478287999997,-29.402336059999982],[-66.90453293999997,-29.402265589999956],[-66.90436795999995,-29.40224866999995],[-66.90422887999995,-29.402249609999956],[-66.90406591999994,-29.402228159999936],[-66.90394724999999,-29.40220641999997],[-66.90384793999993,-29.402044709999984],[-66.90383991999994,-29.401719999999955],[-66.90384433999998,-29.400705079999966],[-66.90391536999994,-29.400582809999946],[-66.90402225999998,-29.40043774999998],[-66.90419646999999,-29.40033281999996],[-66.90428762999994,-29.400156289999984],[-66.90433891999999,-29.399898829999984],[-66.90489191999995,-29.39952520999998],[-66.90477965999997,-29.399295929999937],[-66.90484421999997,-29.39902485999994],[-66.90483290999998,-29.398677609999936],[-66.90477258999994,-29.398497599999928],[-66.90458694999995,-29.398241749999954],[-66.90399799999994,-29.398277319999977],[-66.90375655999998,-29.39835112999998],[-66.90353447999996,-29.39828497999997],[-66.90330946999995,-29.398236889999964],[-66.90324282999995,-29.398273419999953],[-66.90313454999995,-29.39826062999998],[-66.90298743999995,-29.39816689999998],[-66.90286535999996,-29.398109089999934],[-66.90273124999999,-29.398087439999983],[-66.90261091999997,-29.398110809999935],[-66.90247763999997,-29.398183879999976],[-66.90239748999994,-29.39820697999994],[-66.90208297999993,-29.398173019999945],[-66.90179627999999,-29.398021599999936],[-66.90157249999999,-29.397761499999945],[-66.90142053999995,-29.39746933999993],[-66.90124448999995,-29.396780399999955],[-66.90119189999996,-29.39642441999996],[-66.90095120999996,-29.396232089999955]]]}},{"type":"Feature","properties":{"radio_id":"460141404","population":889,"population_density":6295.994916380448,"households":280,"dwellings":281,"area_km2":0.14120087639954512,"demographic_residential_component":0.5728770595690748,"density_component":0.7946768060836502,"territorial_context_score":0.6837769328263625,"percentile":82.88973384030417,"relative_level":"high"},"geometry":{"type":"Polygon","coordinates":[[[-66.90095120999996,-29.396232089999955],[-66.89998778999995,-29.39679340999993],[-66.89996457999996,-29.397082239999975],[-66.89997357999994,-29.397285159999967],[-66.89996826999999,-29.397501709999972],[-66.90002616999993,-29.398227519999978],[-66.90005327999995,-29.39873252999996],[-66.90012867999997,-29.40027464999997],[-66.90016114999997,-29.401271279999946],[-66.90018517999994,-29.40201085999996],[-66.89936599999999,-29.401993839999932],[-66.89940324999998,-29.402363459999947],[-66.89946534999996,-29.402980989999946],[-66.89956242999995,-29.40347650999996],[-66.90115167999994,-29.403195129999972],[-66.90237801999996,-29.403001899999936],[-66.90222737999994,-29.402276709999967],[-66.90217427999994,-29.402096639999968],[-66.90201698999994,-29.401434649999942],[-66.90233121999995,-29.401202479999938],[-66.90270555999996,-29.401010499999984],[-66.90262143999996,-29.400235239999972],[-66.90254462999997,-29.399703509999938],[-66.90246461999993,-29.399392819999946],[-66.90224965999994,-29.398965759999953],[-66.90191983999995,-29.398598129999982],[-66.90165865999995,-29.39853673999994],[-66.90097764999996,-29.398063219999983],[-66.90080834999998,-29.397906499999976],[-66.90070124999994,-29.39767717999996],[-66.90068586999996,-29.39745174999996],[-66.90066889999997,-29.396928629999934],[-66.90075889999997,-29.396621299999936],[-66.90095120999996,-29.396232089999955]]]}},{"type":"Feature","properties":{"radio_id":"460141405","population":754,"population_density":6625.066482086279,"households":213,"dwellings":225,"area_km2":0.11381017866594452,"demographic_residential_component":0.30925221799746516,"density_component":0.8365019011406845,"territorial_context_score":0.5728770595690749,"percentile":62.3574144486692,"relative_level":"medium"},"geometry":{"type":"Polygon","coordinates":[[[-66.89936599999999,-29.401993839999932],[-66.89859122999997,-29.40199003999993],[-66.89778218999999,-29.401954899999964],[-66.89777212999996,-29.402333859999942],[-66.89768166999994,-29.402826129999937],[-66.89706990999997,-29.402731009999968],[-66.89633273999993,-29.402668309999967],[-66.89565178999999,-29.40255561999993],[-66.89494762999993,-29.40237991999993],[-66.89476888999997,-29.402557039999976],[-66.89469494999997,-29.40270186999993],[-66.89447785999994,-29.402852179999968],[-66.89440826999999,-29.403141329999983],[-66.89438543999995,-29.403475269999944],[-66.89550793999996,-29.403774449999958],[-66.89585708999994,-29.40388035999996],[-66.89583203999996,-29.404313549999983],[-66.89578016999997,-29.40485967999996],[-66.89737625999999,-29.40500229999998],[-66.89805876999998,-29.40505633999993],[-66.89873702999995,-29.405096879999974],[-66.89878892999997,-29.40455524999993],[-66.89885881999999,-29.40406762999993],[-66.89964017999995,-29.40411648999998],[-66.89957471999998,-29.40370194999997],[-66.89956242999995,-29.40347650999996],[-66.89946534999996,-29.402980989999946],[-66.89940324999998,-29.402363459999947],[-66.89936599999999,-29.401993839999932]]]}},{"type":"Feature","properties":{"radio_id":"460141406","population":701,"population_density":3586.3324609724395,"households":222,"dwellings":230,"area_km2":0.19546431002381826,"demographic_residential_component":0.31305449936628643,"density_component":0.38783269961977185,"territorial_context_score":0.35044359949302917,"percentile":23.193916349809886,"relative_level":"very_low"},"geometry":{"type":"Polygon","coordinates":[[[-66.89494762999993,-29.40237991999993],[-66.89447347999999,-29.402351529999976],[-66.89416909999994,-29.40229944999993],[-66.89386645999997,-29.40244581999997],[-66.89347566999999,-29.40252511999995],[-66.89319025999998,-29.402639799999974],[-66.89301012999994,-29.40289359999997],[-66.89293107999998,-29.403042979999952],[-66.89274519999998,-29.403229159999967],[-66.89264628999996,-29.403464369999938],[-66.89243508999994,-29.403700339999943],[-66.89232095999995,-29.40396271999998],[-66.89208024999994,-29.40412219999996],[-66.89180000999994,-29.404475909999974],[-66.89161040999994,-29.404589939999937],[-66.89132531999996,-29.40462341999995],[-66.89103120999994,-29.404566749999958],[-66.89063608999999,-29.404506239999932],[-66.88989766999998,-29.404538239999965],[-66.88945194999997,-29.404581809999968],[-66.88964719999996,-29.404760929999952],[-66.89003613999995,-29.40482148999996],[-66.89046148999995,-29.404805109999984],[-66.89072914999997,-29.404780769999945],[-66.89091168999994,-29.404802099999984],[-66.89102020999997,-29.40484196999995],[-66.89108058999994,-29.404913739999984],[-66.89097367999995,-29.40564968999996],[-66.89091654999999,-29.406186829999967],[-66.89280059999999,-29.406386219999945],[-66.89395324999998,-29.40647772999995],[-66.89388304999994,-29.40705104999995],[-66.89385903999994,-29.40724967999995],[-66.89382450999994,-29.407660369999974],[-66.89375728999994,-29.40822013999997],[-66.89372291999996,-29.40841432999997],[-66.89456834999999,-29.408480819999966],[-66.89536962999995,-29.408565659999965],[-66.89538124999996,-29.408362599999975],[-66.89544536999995,-29.40780284999994],[-66.89548943999995,-29.407189109999933],[-66.89598121999995,-29.407226399999956],[-66.89604628999996,-29.406657629999984],[-66.89610291999998,-29.406066349999946],[-66.89567204999997,-29.406042189999937],[-66.89570082999995,-29.40544658999994],[-66.89578016999997,-29.40485967999996],[-66.89583203999996,-29.404313549999983],[-66.89585708999994,-29.40388035999996],[-66.89550793999996,-29.403774449999958],[-66.89438543999995,-29.403475269999944],[-66.89440826999999,-29.403141329999983],[-66.89447785999994,-29.402852179999968],[-66.89469494999997,-29.40270186999993],[-66.89476888999997,-29.402557039999976],[-66.89494762999993,-29.40237991999993]]]}},{"type":"Feature","properties":{"radio_id":"460141407","population":735,"population_density":5219.898138560478,"households":238,"dwellings":246,"area_km2":0.14080734537143577,"demographic_residential_component":0.39290240811153354,"density_component":0.6425855513307985,"territorial_context_score":0.517743979721166,"percentile":51.71102661596958,"relative_level":"medium"},"geometry":{"type":"Polygon","coordinates":[[[-66.89873702999995,-29.405096879999974],[-66.89805876999998,-29.40505633999993],[-66.89737625999999,-29.40500229999998],[-66.89578016999997,-29.40485967999996],[-66.89570082999995,-29.40544658999994],[-66.89567204999997,-29.406042189999937],[-66.89610291999998,-29.406066349999946],[-66.89604628999996,-29.406657629999984],[-66.89598121999995,-29.407226399999956],[-66.89548943999995,-29.407189109999933],[-66.89544536999995,-29.40780284999994],[-66.89538124999996,-29.408362599999975],[-66.89536962999995,-29.408565659999965],[-66.89576674999995,-29.408617109999966],[-66.89638036999997,-29.408685159999948],[-66.89696042999998,-29.40868575999997],[-66.89801558999994,-29.408583929999963],[-66.89805204999993,-29.408628799999974],[-66.89810605999998,-29.408678049999935],[-66.89815264999999,-29.408704799999953],[-66.89822496999994,-29.408726859999945],[-66.89829708999997,-29.408726379999962],[-66.89837224999997,-29.40872135999996],[-66.89847491999996,-29.408680069999946],[-66.89853118999997,-29.408634589999963],[-66.89855341999998,-29.40858481999993],[-66.89856335999997,-29.408544159999963],[-66.89856089999995,-29.408499069999948],[-66.89877391999994,-29.408470569999963],[-66.89895710999997,-29.408446779999963],[-66.89906008999998,-29.40844156999998],[-66.89930393999998,-29.40840383999995],[-66.89941171999993,-29.408358009999972],[-66.89951948999993,-29.40831217999994],[-66.89957595999994,-29.40828923999993],[-66.89963542999993,-29.40825726999998],[-66.90010207999995,-29.40801504999996],[-66.89954704999997,-29.406994889999964],[-66.89891015999996,-29.406038429999967],[-66.89868992999993,-29.40559786999995],[-66.89873702999995,-29.405096879999974]]]}},{"type":"Feature","properties":{"radio_id":"460141408","population":939,"population_density":5525.333425772946,"households":286,"dwellings":295,"area_km2":0.1699444952263025,"demographic_residential_component":0.632446134347275,"density_component":0.6920152091254753,"territorial_context_score":0.6622306717363752,"percentile":79.84790874524715,"relative_level":"high"},"geometry":{"type":"Polygon","coordinates":[[[-66.90237801999996,-29.403001899999936],[-66.90115167999994,-29.403195129999972],[-66.89956242999995,-29.40347650999996],[-66.89957471999998,-29.40370194999997],[-66.89964017999995,-29.40411648999998],[-66.89885881999999,-29.40406762999993],[-66.89878892999997,-29.40455524999993],[-66.89873702999995,-29.405096879999974],[-66.89868992999993,-29.40559786999995],[-66.89891015999996,-29.406038429999967],[-66.89954704999997,-29.406994889999964],[-66.90010207999995,-29.40801504999996],[-66.90025284999996,-29.40793734999994],[-66.90033450999994,-29.40785109999996],[-66.90048289999999,-29.407737329999975],[-66.90062966999994,-29.40767318999997],[-66.90079089999995,-29.407613459999936],[-66.90101187999994,-29.407553329999928],[-66.90234394999999,-29.407309769999983],[-66.90306223999994,-29.407214689999932],[-66.90308763999997,-29.407173919999934],[-66.90311814999995,-29.407128609999972],[-66.90314884999998,-29.407105849999937],[-66.90318981999997,-29.407078499999955],[-66.90324323999994,-29.407060099999967],[-66.90303849999998,-29.40627663999993],[-66.90290635999997,-29.40566408999996],[-66.90276641999998,-29.404983939999966],[-66.90265781999994,-29.404353189999938],[-66.90250257999998,-29.403691179999953],[-66.90237801999996,-29.403001899999936]]]}},{"type":"Feature","properties":{"radio_id":"460141409","population":1342,"population_density":3623.776162218732,"households":420,"dwellings":431,"area_km2":0.3703319244691793,"demographic_residential_component":0.9619771863117871,"density_component":0.40304182509505704,"territorial_context_score":0.6825095057034221,"percentile":82.50950570342205,"relative_level":"high"},"geometry":{"type":"Polygon","coordinates":[[[-66.90025284999996,-29.40793734999994],[-66.90010207999995,-29.40801504999996],[-66.89963542999993,-29.40825726999998],[-66.89957595999994,-29.40828923999993],[-66.89951948999993,-29.40831217999994],[-66.89941171999993,-29.408358009999972],[-66.89930393999998,-29.40840383999995],[-66.89906008999998,-29.40844156999998],[-66.89895710999997,-29.408446779999963],[-66.89877391999994,-29.408470569999963],[-66.89856089999995,-29.408499069999948],[-66.89856335999997,-29.408544159999963],[-66.89855341999998,-29.40858481999993],[-66.89853118999997,-29.408634589999963],[-66.89847491999996,-29.408680069999946],[-66.89837224999997,-29.40872135999996],[-66.89829708999997,-29.408726379999962],[-66.89822496999994,-29.408726859999945],[-66.89815264999999,-29.408704799999953],[-66.89810605999998,-29.408678049999935],[-66.89805204999993,-29.408628799999974],[-66.89801558999994,-29.408583929999963],[-66.89696042999998,-29.40868575999997],[-66.89638036999997,-29.408685159999948],[-66.89576674999995,-29.408617109999966],[-66.89536962999995,-29.408565659999965],[-66.89456834999999,-29.408480819999966],[-66.89372291999996,-29.40841432999997],[-66.89344451999995,-29.408389129999932],[-66.89319389999997,-29.40835923999998],[-66.89338818999994,-29.409016479999934],[-66.89359654999998,-29.409867589999976],[-66.89369448999997,-29.410227789999965],[-66.89376658999998,-29.410461849999933],[-66.89384903999996,-29.410817639999948],[-66.89396131999996,-29.411285989999953],[-66.89408833999994,-29.41190759999995],[-66.89415901999996,-29.412331129999984],[-66.89438236999996,-29.41312800999998],[-66.89458701999996,-29.41390696999997],[-66.89494167999999,-29.413814379999963],[-66.89560530999995,-29.413706169999955],[-66.89640254999995,-29.413560979999943],[-66.89824132999996,-29.41316519999998],[-66.89892249999997,-29.41306136999998],[-66.89994270999995,-29.41272971999996],[-66.90130040999998,-29.412463439999954],[-66.90182492999998,-29.41235613999993],[-66.90133114999998,-29.411276939999937],[-66.90105302999996,-29.41046690999997],[-66.90087762999997,-29.409854649999943],[-66.90072809999998,-29.409255749999943],[-66.90025284999996,-29.40793734999994]]]}},{"type":"Feature","properties":{"radio_id":"460141410","population":555,"population_density":2328.115946522112,"households":207,"dwellings":233,"area_km2":0.23839018878294888,"demographic_residential_component":0.22053231939163498,"density_component":0.23954372623574144,"territorial_context_score":0.2300380228136882,"percentile":11.02661596958175,"relative_level":"very_low"},"geometry":{"type":"Polygon","coordinates":[[[-66.89369448999997,-29.410227789999965],[-66.89298304999994,-29.41040395999994],[-66.89217638999997,-29.41064842999998],[-66.89146905999996,-29.41082455999998],[-66.89079577999996,-29.411004979999973],[-66.88971112999997,-29.41127383999998],[-66.88903042999993,-29.411431749999963],[-66.88919197999996,-29.41199900999993],[-66.88937551999999,-29.41260671999993],[-66.88956781999997,-29.41315572999997],[-66.88972766999996,-29.413763589999974],[-66.88982092999998,-29.41406066999997],[-66.88989785999996,-29.414375899999982],[-66.89006559999996,-29.414943119999975],[-66.89023043999998,-29.415532909999968],[-66.89042825999996,-29.416122479999956],[-66.89059825999993,-29.416712229999973],[-66.89079394999999,-29.417292789999976],[-66.89151363999997,-29.417112059999965],[-66.89259093999993,-29.416820679999944],[-66.89242610999997,-29.416235409999956],[-66.89225320999998,-29.415668229999937],[-66.89222970999998,-29.41557365999995],[-66.89210395999999,-29.415096379999966],[-66.89193715999994,-29.41452013999998],[-66.89291432999994,-29.414328659999967],[-66.89303466999996,-29.414305299999967],[-66.89404242999996,-29.414077519999978],[-66.89415345999998,-29.414049709999972],[-66.89458701999996,-29.41390696999997],[-66.89438236999996,-29.41312800999998],[-66.89415901999996,-29.412331129999984],[-66.89408833999994,-29.41190759999995],[-66.89396131999996,-29.411285989999953],[-66.89384903999996,-29.410817639999948],[-66.89376658999998,-29.410461849999933],[-66.89369448999997,-29.410227789999965]]]}},{"type":"Feature","properties":{"radio_id":"460141411","population":649,"population_density":2078.802808277251,"households":216,"dwellings":249,"area_km2":0.31219892402292854,"demographic_residential_component":0.30671736375158426,"density_component":0.21673003802281368,"territorial_context_score":0.261723700887199,"percentile":14.82889733840304,"relative_level":"very_low"},"geometry":{"type":"Polygon","coordinates":[[[-66.90269878999999,-29.412138229999982],[-66.90182492999998,-29.41235613999993],[-66.90130040999998,-29.412463439999954],[-66.89994270999995,-29.41272971999996],[-66.89892249999997,-29.41306136999998],[-66.89824132999996,-29.41316519999998],[-66.89640254999995,-29.413560979999943],[-66.89560530999995,-29.413706169999955],[-66.89494167999999,-29.413814379999963],[-66.89458701999996,-29.41390696999997],[-66.89415345999998,-29.414049709999972],[-66.89404242999996,-29.414077519999978],[-66.89303466999996,-29.414305299999967],[-66.89291432999994,-29.414328659999967],[-66.89193715999994,-29.41452013999998],[-66.89210395999999,-29.415096379999966],[-66.89222970999998,-29.41557365999995],[-66.89225320999998,-29.415668229999937],[-66.89242610999997,-29.416235409999956],[-66.89259093999993,-29.416820679999944],[-66.89151363999997,-29.417112059999965],[-66.89079394999999,-29.417292789999976],[-66.89034677999996,-29.417413059999944],[-66.89033733999997,-29.41751234999998],[-66.89034292999997,-29.417561929999977],[-66.89033621999994,-29.41762061999998],[-66.89033177999994,-29.41770183999995],[-66.89031389999997,-29.417778639999938],[-66.89028904999998,-29.417882549999945],[-66.89025170999997,-29.41797300999997],[-66.89018591999996,-29.418108769999947],[-66.89103912999997,-29.41787752999994],[-66.89133237999994,-29.417830459999948],[-66.89327832999999,-29.41742500999993],[-66.89384869999998,-29.41725428999996],[-66.89446313999997,-29.41705620999994],[-66.89494279999997,-29.416881579999938],[-66.89522311999997,-29.416771449999942],[-66.89546972999995,-29.416693109999983],[-66.89638880999996,-29.416339609999966],[-66.89735036999997,-29.41589560999995],[-66.89890636999996,-29.41532579999995],[-66.89967425999998,-29.41500487999997],[-66.90074519999996,-29.414699939999934],[-66.90156696999998,-29.414414729999976],[-66.90347566999998,-29.41377030999996],[-66.90355459999995,-29.413724669999965],[-66.90313554999994,-29.41294266999995],[-66.90302572999997,-29.41275847999998],[-66.90285084999994,-29.412439409999934],[-66.90269878999999,-29.412138229999982]]]}},{"type":"Feature","properties":{"radio_id":"460141412","population":598,"population_density":1387.4321678914873,"households":188,"dwellings":232,"area_km2":0.43101206231133765,"demographic_residential_component":0.20025348542458807,"density_component":0.1520912547528517,"territorial_context_score":0.1761723700887199,"percentile":4.942965779467681,"relative_level":"very_low"},"geometry":{"type":"Polygon","coordinates":[[[-66.90679351999995,-29.406589439999948],[-66.90620198999994,-29.406688179999946],[-66.90473029999998,-29.40686958999993],[-66.90439068999996,-29.406912489999968],[-66.90354255999995,-29.407121219999965],[-66.90349904999994,-29.40709444999993],[-66.90344733999996,-29.407072249999942],[-66.90338750999996,-29.407063629999982],[-66.90330500999994,-29.40705516999998],[-66.90324323999994,-29.407060099999967],[-66.90318981999997,-29.407078499999955],[-66.90314884999998,-29.407105849999937],[-66.90311814999995,-29.407128609999972],[-66.90308763999997,-29.407173919999934],[-66.90306223999994,-29.407214689999932],[-66.90234394999999,-29.407309769999983],[-66.90101187999994,-29.407553329999928],[-66.90079089999995,-29.407613459999936],[-66.90062966999994,-29.40767318999997],[-66.90048289999999,-29.407737329999975],[-66.90033450999994,-29.40785109999996],[-66.90025284999996,-29.40793734999994],[-66.90072809999998,-29.409255749999943],[-66.90087762999997,-29.409854649999943],[-66.90105302999996,-29.41046690999997],[-66.90133114999998,-29.411276939999937],[-66.90182492999998,-29.41235613999993],[-66.90269878999999,-29.412138229999982],[-66.90285084999994,-29.412439409999934],[-66.90302572999997,-29.41275847999998],[-66.90313554999994,-29.41294266999995],[-66.90355459999995,-29.413724669999965],[-66.90481623999995,-29.41331465999997],[-66.90557845999996,-29.41305688999995],[-66.90640852999996,-29.41278060999997],[-66.90686563999998,-29.412624139999934],[-66.90765222999994,-29.41244286999995],[-66.90837838999994,-29.412185329999943],[-66.90885102999994,-29.412037769999984],[-66.90848100999995,-29.41098029999995],[-66.90829576999994,-29.41065679999997],[-66.90804607999996,-29.41015330999994],[-66.90792879999998,-29.409942109999974],[-66.90775698999994,-29.409505749999937],[-66.90769368999997,-29.409339289999934],[-66.90759222999998,-29.40916857999997],[-66.90711352999995,-29.407471339999972],[-66.90679351999995,-29.406589439999948]]]}},{"type":"Feature","properties":{"radio_id":"460141413","population":682,"population_density":1215.071630096111,"households":215,"dwellings":250,"area_km2":0.5612837820483509,"demographic_residential_component":0.33206590621039295,"density_component":0.13688212927756654,"territorial_context_score":0.23447401774397975,"percentile":12.167300380228136,"relative_level":"very_low"},"geometry":{"type":"Polygon","coordinates":[[[-66.92407201999998,-29.40747659999994],[-66.92403103999999,-29.407273909999958],[-66.92392629999995,-29.407085189999975],[-66.92380672999997,-29.40696422999997],[-66.92367507999995,-29.406874929999958],[-66.92350476999997,-29.406840029999955],[-66.92335228999997,-29.406841089999944],[-66.92318729999994,-29.406824189999952],[-66.92301702999998,-29.406793789999938],[-66.92282396999997,-29.406750019999947],[-66.92258360999995,-29.406715599999984],[-66.92233606999997,-29.406685739999944],[-66.92207559999997,-29.406592819999958],[-66.92194238999997,-29.406444889999932],[-66.92177914999996,-29.406279129999973],[-66.92168045999995,-29.406189599999948],[-66.92154283999997,-29.40612288999995],[-66.92138801999994,-29.40609238999997],[-66.92125178999999,-29.40606626999994],[-66.92090377999995,-29.40609122999996],[-66.92065689999998,-29.406133529999977],[-66.92039249999993,-29.406175949999977],[-66.91984899999994,-29.406229319999966],[-66.91930668999998,-29.406300719999933],[-66.91886929999998,-29.40635335999997],[-66.91843190999998,-29.40640598999994],[-66.91804755999993,-29.406399609999937],[-66.91790082999995,-29.40635100999998],[-66.91779430999998,-29.40630663999997],[-66.91760797999996,-29.40620868999997],[-66.91733902999994,-29.40608874999998],[-66.91691908999996,-29.406019469999933],[-66.91663232999997,-29.405980849999935],[-66.91631098999994,-29.405992079999976],[-66.91614655999996,-29.406038319999936],[-66.91562800999998,-29.40623132999997],[-66.91539380999996,-29.406309619999945],[-66.91506494999999,-29.406402089999972],[-66.91479019999997,-29.406440059999966],[-66.91446770999994,-29.40643775999996],[-66.91392664999995,-29.406418919999965],[-66.91343555999998,-29.40645836999994],[-66.91318594999996,-29.406541269999934],[-66.91260177999999,-29.406540759999928],[-66.91232688999997,-29.406677969999976],[-66.91191338999994,-29.406752969999957],[-66.91175640999995,-29.406826209999963],[-66.91140637999996,-29.40685566999997],[-66.91112318999996,-29.406871139999964],[-66.91012383999998,-29.406526139999983],[-66.90945725999995,-29.406296139999938],[-66.90887458999998,-29.406232449999948],[-66.90730243999997,-29.406468699999948],[-66.90690450999995,-29.406557109999937],[-66.90679351999995,-29.406589439999948],[-66.90711352999995,-29.407471339999972],[-66.90759222999998,-29.40916857999997],[-66.90769368999997,-29.409339289999934],[-66.90775698999994,-29.409505749999937],[-66.90792879999998,-29.409942109999974],[-66.90804607999996,-29.41015330999994],[-66.90829576999994,-29.41065679999997],[-66.90848100999995,-29.41098029999995],[-66.90885102999994,-29.412037769999984],[-66.90960899999993,-29.411766469999975],[-66.91332226999998,-29.410496139999964],[-66.91395578999999,-29.410252729999968],[-66.91523472999995,-29.40982897999993],[-66.91569708999998,-29.40968596999994],[-66.91599274999999,-29.409566669999947],[-66.91647743999994,-29.409387419999973],[-66.91677016999995,-29.409286169999973],[-66.91735388999996,-29.40911976999996],[-66.91744314999994,-29.409078559999955],[-66.91758491999997,-29.40903247999995],[-66.91863741999998,-29.40863731999997],[-66.92051882999993,-29.407961279999938],[-66.92059580999995,-29.40792916999993],[-66.92163344999994,-29.40760174999997],[-66.92195166999994,-29.407473249999953],[-66.92215195999995,-29.407404199999974],[-66.92228353999997,-29.407371719999958],[-66.92241218999999,-29.407357299999944],[-66.92271111999997,-29.407373269999937],[-66.92293812999998,-29.407412289999968],[-66.92377089999997,-29.40755987999995],[-66.92378099999996,-29.40753725999997],[-66.92379109999996,-29.40751463999993],[-66.92381462999998,-29.40749642999998],[-66.92383716999996,-29.407482739999978],[-66.92386074999996,-29.407469049999975],[-66.92388130999996,-29.407464389999973],[-66.92390697999997,-29.40745518999995],[-66.92393273999994,-29.40745501999993],[-66.92394814999994,-29.40745039999996],[-66.92398935999995,-29.407450109999957],[-66.92402755999996,-29.40745886999997],[-66.92407201999998,-29.40747659999994]]]}},{"type":"Feature","properties":{"radio_id":"460141414","population":929,"population_density":510.8314272681689,"households":308,"dwellings":383,"area_km2":1.818603849352258,"demographic_residential_component":0.7452471482889734,"density_component":0.07604562737642585,"territorial_context_score":0.41064638783269963,"percentile":32.69961977186312,"relative_level":"low"},"geometry":{"type":"Polygon","coordinates":[[[-66.92541526999997,-29.407904809999934],[-66.92449347999997,-29.407712739999965],[-66.92415285999994,-29.40764292999995],[-66.92415578999999,-29.40762486999995],[-66.92415565999994,-29.40761133999996],[-66.92415240999998,-29.407593319999933],[-66.92415022999995,-29.40757979999995],[-66.92414700999996,-29.407566289999977],[-66.92413963999996,-29.407548299999974],[-66.92412607999995,-29.407530349999945],[-66.92411874999993,-29.407516869999938],[-66.92410836999994,-29.407507919999944],[-66.92409797999994,-29.407498979999957],[-66.92407201999998,-29.40747659999994],[-66.92402755999996,-29.40745886999997],[-66.92398935999995,-29.407450109999957],[-66.92394814999994,-29.40745039999996],[-66.92393273999994,-29.40745501999993],[-66.92390697999997,-29.40745518999995],[-66.92388130999996,-29.407464389999973],[-66.92386074999996,-29.407469049999975],[-66.92383716999996,-29.407482739999978],[-66.92381462999998,-29.40749642999998],[-66.92379109999996,-29.40751463999993],[-66.92378099999996,-29.40753725999997],[-66.92377089999997,-29.40755987999995],[-66.92293812999998,-29.407412289999968],[-66.92271111999997,-29.407373269999937],[-66.92241218999999,-29.407357299999944],[-66.92228353999997,-29.407371719999958],[-66.92215195999995,-29.407404199999974],[-66.92195166999994,-29.407473249999953],[-66.92163344999994,-29.40760174999997],[-66.92059580999995,-29.40792916999993],[-66.92051882999993,-29.407961279999938],[-66.91863741999998,-29.40863731999997],[-66.91758491999997,-29.40903247999995],[-66.91744314999994,-29.409078559999955],[-66.91735388999996,-29.40911976999996],[-66.91677016999995,-29.409286169999973],[-66.91647743999994,-29.409387419999973],[-66.91599274999999,-29.409566669999947],[-66.91569708999998,-29.40968596999994],[-66.91523472999995,-29.40982897999993],[-66.91395578999999,-29.410252729999968],[-66.91332226999998,-29.410496139999964],[-66.90960899999993,-29.411766469999975],[-66.90885102999994,-29.412037769999984],[-66.90837838999994,-29.412185329999943],[-66.90765222999994,-29.41244286999995],[-66.90686563999998,-29.412624139999934],[-66.90640852999996,-29.41278060999997],[-66.90557845999996,-29.41305688999995],[-66.90481623999995,-29.41331465999997],[-66.90355459999995,-29.413724669999965],[-66.90347566999998,-29.41377030999996],[-66.90378083999997,-29.414489939999953],[-66.90478242999995,-29.416476829999965],[-66.90480037999998,-29.416526319999946],[-66.90497421999999,-29.41695815999998],[-66.90517357999994,-29.417362759999946],[-66.90532930999996,-29.417727059999947],[-66.90563221999997,-29.41818959999995],[-66.90580098999993,-29.41863048999994],[-66.90599622999997,-29.41891783999995],[-66.90631383999994,-29.419294569999977],[-66.90639540999996,-29.419429329999957],[-66.90645279999995,-29.419510129999935],[-66.90653091999997,-29.419604319999962],[-66.90623703999995,-29.42016112999994],[-66.90612296999996,-29.420428029999982],[-66.90605030999996,-29.42059992999998],[-66.90585109999995,-29.421142549999956],[-66.90571832999996,-29.421508809999978],[-66.90627255999993,-29.421608789999937],[-66.90654977999998,-29.421728689999952],[-66.90679326999998,-29.421880389999956],[-66.90674938999996,-29.422160349999956],[-66.90647033999994,-29.42241483999993],[-66.90660205999995,-29.422743219999973],[-66.90680039999995,-29.423030549999964],[-66.90699840999997,-29.423281789999976],[-66.90730947999998,-29.42373072999993],[-66.90774409999995,-29.42451712999997],[-66.90728741999993,-29.424727729999972],[-66.90784122999997,-29.425589989999935],[-66.90823047999999,-29.426254899999947],[-66.90850045999997,-29.426717649999944],[-66.90901126999995,-29.427377219999983],[-66.90933584999993,-29.42772231999993],[-66.91016188999998,-29.426404099999957],[-66.91104430999997,-29.425171189999958],[-66.91225540999994,-29.423475929999938],[-66.91343636999994,-29.421871089999968],[-66.91461481999994,-29.419991109999955],[-66.91564339999996,-29.41829256999995],[-66.91598385999998,-29.41776699999997],[-66.91675507999997,-29.416444599999977],[-66.91731554999996,-29.415520579999964],[-66.91782863999998,-29.41471415999996],[-66.91836159999997,-29.414056449999975],[-66.91864183999996,-29.413711709999973],[-66.91905759999997,-29.413311909999948],[-66.91974247999997,-29.41270727999995],[-66.92053552999994,-29.412101889999974],[-66.92132683999995,-29.41153259999993],[-66.92196667999997,-29.41107710999995],[-66.92248077999994,-29.41073074999997],[-66.92306755999994,-29.410334259999956],[-66.92343121999994,-29.410101699999927],[-66.92395040999997,-29.409750789999975],[-66.92471665999994,-29.40926283999994],[-66.92493697999998,-29.409130499999947],[-66.92538959999996,-29.408825149999984],[-66.92551662999995,-29.408630309999978],[-66.92561509999996,-29.408354479999957],[-66.92570429999995,-29.407965949999948],[-66.92558557999996,-29.407939709999937],[-66.92549471999996,-29.407917789999942],[-66.92541526999997,-29.407904809999934]]]}},{"type":"Feature","properties":{"radio_id":"460141501","population":517,"population_density":3336.0773880712,"households":244,"dwellings":249,"area_km2":0.15497242415557716,"demographic_residential_component":0.30798479087452474,"density_component":0.3574144486692015,"territorial_context_score":0.33269961977186313,"percentile":21.292775665399237,"relative_level":"very_low"},"geometry":{"type":"Polygon","coordinates":[[[-66.85816881999995,-29.427349129999982],[-66.85711070999997,-29.427373989999978],[-66.85717780999994,-29.428370409999957],[-66.85719265999995,-29.428911589999984],[-66.85721586999995,-29.429466239999954],[-66.85754259999999,-29.42947315999993],[-66.85752395999998,-29.429707829999984],[-66.85784145999997,-29.429719319999947],[-66.85775588999996,-29.430328809999935],[-66.85772012999996,-29.43097856999998],[-66.85767344999994,-29.431799799999965],[-66.85762752999995,-29.432467669999937],[-66.85760566999994,-29.432932409999978],[-66.85858486999996,-29.432953159999954],[-66.85965684999996,-29.432977819999962],[-66.85971636999994,-29.432458709999935],[-66.86015735999996,-29.429758509999942],[-66.86020464999996,-29.42950109999998],[-66.86024611999994,-29.428918959999976],[-66.86032112999999,-29.42840426999993],[-66.86038793999995,-29.42777234999994],[-66.86042401999998,-29.42740675999994],[-66.85909620999996,-29.427343159999964],[-66.85882302999994,-29.42733138999995],[-66.85816881999995,-29.427349129999982]]]}},{"type":"Feature","properties":{"radio_id":"460141502","population":428,"population_density":8419.046019729725,"households":182,"dwellings":215,"area_km2":0.050837113729631324,"demographic_residential_component":0.11913814955640051,"density_component":0.9391634980988594,"territorial_context_score":0.5291508238276299,"percentile":54.372623574144484,"relative_level":"medium"},"geometry":{"type":"Polygon","coordinates":[[[-66.85711070999997,-29.427373989999978],[-66.85609576999997,-29.427385029999982],[-66.85484629999996,-29.427447179999945],[-66.85489567999997,-29.42842115999997],[-66.85490299999998,-29.428926299999944],[-66.85494061999998,-29.429480869999963],[-66.85502095999993,-29.429475839999952],[-66.85612048999997,-29.429473289999976],[-66.85623380999994,-29.42946804999997],[-66.85721586999995,-29.429466239999954],[-66.85719265999995,-29.428911589999984],[-66.85717780999994,-29.428370409999957],[-66.85711070999997,-29.427373989999978]]]}},{"type":"Feature","properties":{"radio_id":"460141503","population":666,"population_density":3750.1542307485765,"households":269,"dwellings":271,"area_km2":0.17759269593215057,"demographic_residential_component":0.4448669201520912,"density_component":0.4220532319391635,"territorial_context_score":0.43346007604562736,"percentile":38.02281368821293,"relative_level":"low"},"geometry":{"type":"Polygon","coordinates":[[[-66.85494061999998,-29.429480869999963],[-66.85320940999998,-29.42948745999996],[-66.85322954999998,-29.429676779999966],[-66.85324027999997,-29.43034427999993],[-66.85321120999998,-29.430935359999978],[-66.85320459999997,-29.43137743999995],[-66.85321921999997,-29.43250951999994],[-66.85320410999998,-29.43316815999998],[-66.85501300999994,-29.43320166999996],[-66.85676809999995,-29.43320842999998],[-66.85714410999998,-29.433192479999946],[-66.85713361999996,-29.43316999999996],[-66.85712517999997,-29.43314749999996],[-66.85712300999995,-29.43313397999998],[-66.85712285999995,-29.433115939999936],[-66.85712476999998,-29.433097879999934],[-66.85712770999999,-29.433079819999932],[-66.85713476999996,-29.433061729999963],[-66.85716301999997,-29.43298937999998],[-66.85723995999996,-29.432948289999956],[-66.85725537999997,-29.432943679999937],[-66.85727594999997,-29.43293903999995],[-66.85730373999996,-29.432934349999982],[-66.85733777999997,-29.432938639999975],[-66.85736357999997,-29.432942989999958],[-66.85738632999994,-29.432951859999946],[-66.85740701999998,-29.43296074999995],[-66.85743078999997,-29.432969619999938],[-66.85745357999997,-29.43298299999998],[-66.85749822999998,-29.433023309999953],[-66.85760566999994,-29.432932409999978],[-66.85762752999995,-29.432467669999937],[-66.85767344999994,-29.431799799999965],[-66.85772012999996,-29.43097856999998],[-66.85775588999996,-29.430328809999935],[-66.85784145999997,-29.429719319999947],[-66.85752395999998,-29.429707829999984],[-66.85754259999999,-29.42947315999993],[-66.85721586999995,-29.429466239999954],[-66.85623380999994,-29.42946804999997],[-66.85612048999997,-29.429473289999976],[-66.85502095999993,-29.429475839999952],[-66.85494061999998,-29.429480869999963]]]}},{"type":"Feature","properties":{"radio_id":"460141504","population":487,"population_density":5237.543946690817,"households":211,"dwellings":281,"area_km2":0.09298251336061746,"demographic_residential_component":0.2864385297845374,"density_component":0.6463878326996197,"territorial_context_score":0.46641318124207853,"percentile":41.825095057034225,"relative_level":"low"},"geometry":{"type":"Polygon","coordinates":[[[-66.84934372999999,-29.42933624999995],[-66.84842963999995,-29.42933304999997],[-66.84817460999994,-29.43063824999996],[-66.84796217999997,-29.43136581999994],[-66.84779196999995,-29.432336679999935],[-66.84884442999999,-29.432122489999983],[-66.84949452999996,-29.431978519999973],[-66.84977513999996,-29.431891029999974],[-66.85038913999995,-29.43174276999997],[-66.85066687999995,-29.43168234999996],[-66.85145166999996,-29.43150142999997],[-66.85161307999994,-29.431455289999974],[-66.85227461999995,-29.43132475999994],[-66.85320459999997,-29.43137743999995],[-66.85321120999998,-29.430935359999978],[-66.85324027999997,-29.43034427999993],[-66.85149799999994,-29.43026070999997],[-66.85051509999994,-29.430163239999956],[-66.84991502999998,-29.430126479999956],[-66.84919026999995,-29.43009049999995],[-66.84934372999999,-29.42933624999995]]]}},{"type":"Feature","properties":{"radio_id":"460141505","population":594,"population_density":4666.2209003523585,"households":201,"dwellings":256,"area_km2":0.1272978739508765,"demographic_residential_component":0.2661596958174905,"density_component":0.5551330798479087,"territorial_context_score":0.4106463878326996,"percentile":32.31939163498099,"relative_level":"low"},"geometry":{"type":"Polygon","coordinates":[[[-66.84842963999995,-29.42933304999997],[-66.84781639999994,-29.429323429999954],[-66.84628262999996,-29.429279049999934],[-66.84485834999998,-29.42926553999996],[-66.84478879999995,-29.42995159999998],[-66.84475590999995,-29.430335209999953],[-66.84468261999996,-29.43081830999995],[-66.84460695999996,-29.431265349999933],[-66.84447359999996,-29.43196082999998],[-66.84430269999996,-29.433103099999983],[-66.84479861999995,-29.433005239999943],[-66.84546731999995,-29.432865669999956],[-66.84647841999998,-29.432633719999956],[-66.84683543999995,-29.43256378999996],[-66.84760486999994,-29.432391999999936],[-66.84779196999995,-29.432336679999935],[-66.84796217999997,-29.43136581999994],[-66.84817460999994,-29.43063824999996],[-66.84842963999995,-29.42933304999997]]]}},{"type":"Feature","properties":{"radio_id":"460141506","population":1061,"population_density":5248.901338022694,"households":351,"dwellings":355,"area_km2":0.2021375392054307,"demographic_residential_component":0.8098859315589353,"density_component":0.6501901140684411,"territorial_context_score":0.7300380228136882,"percentile":85.55133079847909,"relative_level":"high"},"geometry":{"type":"Polygon","coordinates":[[[-66.85320459999997,-29.43137743999995],[-66.85227461999995,-29.43132475999994],[-66.85161307999994,-29.431455289999974],[-66.85145166999996,-29.43150142999997],[-66.85066687999995,-29.43168234999996],[-66.85038913999995,-29.43174276999997],[-66.84977513999996,-29.431891029999974],[-66.84949452999996,-29.431978519999973],[-66.84884442999999,-29.432122489999983],[-66.84779196999995,-29.432336679999935],[-66.84760486999994,-29.432391999999936],[-66.84683543999995,-29.43256378999996],[-66.84647841999998,-29.432633719999956],[-66.84546731999995,-29.432865669999956],[-66.84479861999995,-29.433005239999943],[-66.84430269999996,-29.433103099999983],[-66.84419942999995,-29.43407353999993],[-66.84408620999994,-29.434962859999928],[-66.84408426999994,-29.43510269999996],[-66.84526491999998,-29.434806529999946],[-66.84569701999999,-29.434718079999982],[-66.84729360999995,-29.43437414999994],[-66.84809082999993,-29.434197669999946],[-66.84928407999996,-29.433932959999936],[-66.84970436999998,-29.433912239999984],[-66.85059815999995,-29.43394712999998],[-66.85146186999998,-29.433959649999963],[-66.85149318999999,-29.43376097999993],[-66.85321838999994,-29.43388976999995],[-66.85320410999998,-29.43316815999998],[-66.85321921999997,-29.43250951999994],[-66.85320459999997,-29.43137743999995]]]}},{"type":"Feature","properties":{"radio_id":"460141507","population":627,"population_density":5130.929811599062,"households":247,"dwellings":281,"area_km2":0.12220007348036485,"demographic_residential_component":0.40937896070975915,"density_component":0.6387832699619772,"territorial_context_score":0.5240811153358682,"percentile":53.2319391634981,"relative_level":"medium"},"geometry":{"type":"Polygon","coordinates":[[[-66.85714410999998,-29.433192479999946],[-66.85676809999995,-29.43320842999998],[-66.85501300999994,-29.43320166999996],[-66.85320410999998,-29.43316815999998],[-66.85321838999994,-29.43388976999995],[-66.85317491999996,-29.434607239999934],[-66.85499440999996,-29.43467224999995],[-66.85671341999995,-29.434674739999934],[-66.85700920999994,-29.43467734999996],[-66.85843672999994,-29.434699729999977],[-66.85838777999999,-29.435250339999982],[-66.85837574999994,-29.435412799999938],[-66.85828368999995,-29.436108029999957],[-66.85929363999998,-29.436106019999954],[-66.85938454999996,-29.435275479999973],[-66.85961767999999,-29.43322164999995],[-66.85965684999996,-29.432977819999962],[-66.85858486999996,-29.432953159999954],[-66.85760566999994,-29.432932409999978],[-66.85749822999998,-29.433023309999953],[-66.85745357999997,-29.43298299999998],[-66.85743078999997,-29.432969619999938],[-66.85740701999998,-29.43296074999995],[-66.85738632999994,-29.432951859999946],[-66.85736357999997,-29.432942989999958],[-66.85733777999997,-29.432938639999975],[-66.85730373999996,-29.432934349999982],[-66.85727594999997,-29.43293903999995],[-66.85725537999997,-29.432943679999937],[-66.85723995999996,-29.432948289999956],[-66.85716301999997,-29.43298937999998],[-66.85713476999996,-29.433061729999963],[-66.85712770999999,-29.433079819999932],[-66.85712476999998,-29.433097879999934],[-66.85712285999995,-29.433115939999936],[-66.85712300999995,-29.43313397999998],[-66.85712517999997,-29.43314749999996],[-66.85713361999996,-29.43316999999996],[-66.85714410999998,-29.433192479999946]]]}},{"type":"Feature","properties":{"radio_id":"460141508","population":734,"population_density":6746.114905221193,"households":253,"dwellings":273,"area_km2":0.10880336464946908,"demographic_residential_component":0.4638783269961977,"density_component":0.8631178707224335,"territorial_context_score":0.6634980988593155,"percentile":80.22813688212928,"relative_level":"high"},"geometry":{"type":"Polygon","coordinates":[[[-66.85843672999994,-29.434699729999977],[-66.85700920999994,-29.43467734999996],[-66.85671341999995,-29.434674739999934],[-66.85499440999996,-29.43467224999995],[-66.85317491999996,-29.434607239999934],[-66.85316553999996,-29.435333509999964],[-66.85312541999997,-29.436082529999965],[-66.85312603999995,-29.436772649999966],[-66.85492980999999,-29.436801679999974],[-66.85662300999996,-29.43679530999998],[-66.85693430999999,-29.436802329999978],[-66.85693346999994,-29.436089659999936],[-66.85828368999995,-29.436108029999957],[-66.85837574999994,-29.435412799999938],[-66.85838777999999,-29.435250339999982],[-66.85843672999994,-29.434699729999977]]]}},{"type":"Feature","properties":{"radio_id":"460141509","population":659,"population_density":6127.424862264723,"households":271,"dwellings":327,"area_km2":0.10754925842639068,"demographic_residential_component":0.523447401774398,"density_component":0.7680608365019012,"territorial_context_score":0.6457541191381495,"percentile":76.80608365019012,"relative_level":"high"},"geometry":{"type":"Polygon","coordinates":[[[-66.85321838999994,-29.43388976999995],[-66.85149318999999,-29.43376097999993],[-66.85146186999998,-29.433959649999963],[-66.85059815999995,-29.43394712999998],[-66.84970436999998,-29.433912239999984],[-66.84965873999994,-29.43437260999997],[-66.84962240999994,-29.43458935999996],[-66.84959964999996,-29.434702269999946],[-66.84950419999996,-29.43524414999996],[-66.84945528999998,-29.435930079999935],[-66.84938403999996,-29.436656739999933],[-66.85041686999995,-29.43655542999994],[-66.85129984999998,-29.436527229999967],[-66.85129578999994,-29.436658069999964],[-66.85175238999994,-29.436664169999972],[-66.85312603999995,-29.436772649999966],[-66.85312541999997,-29.436082529999965],[-66.85316553999996,-29.435333509999964],[-66.85317491999996,-29.434607239999934],[-66.85321838999994,-29.43388976999995]]]}},{"type":"Feature","properties":{"radio_id":"460141510","population":679,"population_density":6214.592454656679,"households":275,"dwellings":329,"area_km2":0.10925897473634269,"demographic_residential_component":0.5437262357414449,"density_component":0.779467680608365,"territorial_context_score":0.6615969581749049,"percentile":79.46768060836501,"relative_level":"high"},"geometry":{"type":"Polygon","coordinates":[[[-66.84526491999998,-29.434806529999946],[-66.84544772999993,-29.43547744999995],[-66.84558670999996,-29.436080999999945],[-66.84599824999998,-29.435997189999966],[-66.84615603999998,-29.436632189999955],[-66.84631309999997,-29.437303269999973],[-66.84806193999998,-29.436922279999976],[-66.84938403999996,-29.436656739999933],[-66.84945528999998,-29.435930079999935],[-66.84950419999996,-29.43524414999996],[-66.84959964999996,-29.434702269999946],[-66.84962240999994,-29.43458935999996],[-66.84965873999994,-29.43437260999997],[-66.84970436999998,-29.433912239999984],[-66.84928407999996,-29.433932959999936],[-66.84809082999993,-29.434197669999946],[-66.84729360999995,-29.43437414999994],[-66.84569701999999,-29.434718079999982],[-66.84526491999998,-29.434806529999946]]]}},{"type":"Feature","properties":{"radio_id":"460141511","population":648,"population_density":2382.049181737406,"households":257,"dwellings":296,"area_km2":0.2720346855002235,"demographic_residential_component":0.4562737642585552,"density_component":0.24334600760456274,"territorial_context_score":0.349809885931559,"percentile":22.813688212927758,"relative_level":"very_low"},"geometry":{"type":"Polygon","coordinates":[[[-66.84408426999994,-29.43510269999996],[-66.84399196999993,-29.435779879999984],[-66.84391294999995,-29.436443439999948],[-66.84376437999998,-29.437170589999937],[-66.84370661999998,-29.437414529999955],[-66.84304947999993,-29.438334349999934],[-66.84311462999995,-29.438361009999937],[-66.84313222999998,-29.43836990999995],[-66.84315309999994,-29.438401359999943],[-66.84316663999994,-29.438419309999972],[-66.84317923999998,-29.438446299999953],[-66.84319277999998,-29.43846424999998],[-66.84320845999997,-29.438491219999946],[-66.84321582999996,-29.438509219999958],[-66.84322425999994,-29.43853170999995],[-66.84322951999997,-29.438545209999972],[-66.84323172999996,-29.43856323999995],[-66.84323721999993,-29.438603799999953],[-66.84322544999998,-29.43867604999997],[-66.84322246999994,-29.438689599999975],[-66.84322051999999,-29.438703139999973],[-66.84538834999995,-29.438883359999977],[-66.85062473999994,-29.439237919999982],[-66.85315309999999,-29.439393149999944],[-66.85315996999998,-29.43898263999995],[-66.85316210999997,-29.438251909999963],[-66.85314553999996,-29.437503249999963],[-66.85312603999995,-29.436772649999966],[-66.85175238999994,-29.436664169999972],[-66.85129578999994,-29.436658069999964],[-66.85129984999998,-29.436527229999967],[-66.85041686999995,-29.43655542999994],[-66.84938403999996,-29.436656739999933],[-66.84806193999998,-29.436922279999976],[-66.84631309999997,-29.437303269999973],[-66.84615603999998,-29.436632189999955],[-66.84599824999998,-29.435997189999966],[-66.84558670999996,-29.436080999999945],[-66.84544772999993,-29.43547744999995],[-66.84526491999998,-29.434806529999946],[-66.84408426999994,-29.43510269999996]]]}},{"type":"Feature","properties":{"radio_id":"460141512","population":709,"population_density":3663.70303956707,"households":257,"dwellings":267,"area_km2":0.1935200512549676,"demographic_residential_component":0.44866920152091255,"density_component":0.4144486692015209,"territorial_context_score":0.4315589353612167,"percentile":36.88212927756654,"relative_level":"low"},"geometry":{"type":"Polygon","coordinates":[[[-66.85828368999995,-29.436108029999957],[-66.85693346999994,-29.436089659999936],[-66.85693430999999,-29.436802329999978],[-66.85662300999996,-29.43679530999998],[-66.85492980999999,-29.436801679999974],[-66.85312603999995,-29.436772649999966],[-66.85314553999996,-29.437503249999963],[-66.85316210999997,-29.438251909999963],[-66.85315996999998,-29.43898263999995],[-66.85315309999999,-29.439393149999944],[-66.85488026999997,-29.43949934999995],[-66.85498858999995,-29.43951218999996],[-66.85585459999999,-29.43954721999995],[-66.85855423999993,-29.439723799999967],[-66.85855407999998,-29.43970575999998],[-66.85855396999995,-29.439692229999935],[-66.85855385999997,-29.439678699999945],[-66.85855579999998,-29.43966514999994],[-66.85855877999995,-29.439651599999934],[-66.85856072999997,-29.439638059999936],[-66.85856370999994,-29.43962450999993],[-66.85856874999996,-29.439610939999966],[-66.85857068999996,-29.43959739999997],[-66.85857881999993,-29.43958380999993],[-66.85858385999995,-29.439570249999974],[-66.85859095999996,-29.439556669999945],[-66.85859908999998,-29.439543089999972],[-66.85860618999993,-29.439529509999943],[-66.85861641999998,-29.43952041999995],[-66.85862454999994,-29.43950683999998],[-66.85863477999999,-29.43949774999993],[-66.85864500999998,-29.439488659999938],[-66.85865523999996,-29.439479579999954],[-66.85866752999993,-29.439470479999954],[-66.85867775999998,-29.439461389999963],[-66.85869107999997,-29.439452279999955],[-66.85870130999996,-29.439443189999963],[-66.85871672999997,-29.439438579999944],[-66.85872695999996,-29.43942949999996],[-66.85874237999997,-29.43942488999994],[-66.85875779999998,-29.43942027999998],[-66.85877009999996,-29.43941117999998],[-66.85878551999997,-29.43940656999996],[-66.85880096999995,-29.439406469999938],[-66.85881638999996,-29.439401859999975],[-66.85883181999998,-29.439397249999956],[-66.85884726999996,-29.439397149999934],[-66.85886268999997,-29.43939253999997],[-66.85887814999995,-29.43939243999995],[-66.85889360999994,-29.439392339999984],[-66.85890906999998,-29.43939223999996],[-66.85892452999997,-29.43939213999994],[-66.85896368999994,-29.43939187999996],[-66.85913405999997,-29.437960919999966],[-66.85915227999993,-29.43767662999994],[-66.85918480999999,-29.437256929999933],[-66.85929363999998,-29.436106019999954],[-66.85828368999995,-29.436108029999957]]]}},{"type":"Feature","properties":{"radio_id":"460141601","population":898,"population_density":2739.692706389871,"households":354,"dwellings":404,"area_km2":0.32777398644218986,"demographic_residential_component":0.8111533586818758,"density_component":0.28517110266159695,"territorial_context_score":0.5481622306717364,"percentile":58.174904942965775,"relative_level":"medium"},"geometry":{"type":"Polygon","coordinates":[[[-66.85059362999993,-29.439585439999973],[-66.85149364999995,-29.43962027999993],[-66.85329302999997,-29.439735059999975],[-66.85326110999995,-29.440601309999977],[-66.85326004999996,-29.44133654999996],[-66.85324248999996,-29.442071889999966],[-66.85323107999994,-29.442802679999943],[-66.85322124999993,-29.443474829999957],[-66.85321162999998,-29.44417403999995],[-66.85325118999998,-29.445576589999973],[-66.85450031999994,-29.44544678999995],[-66.85484194999998,-29.445381449999957],[-66.85622934999998,-29.444903429999954],[-66.85836770999998,-29.444258169999955],[-66.85840574999997,-29.443879039999956],[-66.85842311999994,-29.44373909999996],[-66.85843762999997,-29.443626239999958],[-66.85844728999996,-29.443549489999953],[-66.85846157999998,-29.44340956999997],[-66.85851063999996,-29.443116069999974],[-66.85852976999996,-29.44294002999993],[-66.85854648999998,-29.442845199999965],[-66.85861937999994,-29.442321499999935],[-66.85863866999995,-29.442163499999936],[-66.85873163999997,-29.441576519999956],[-66.85888659999995,-29.440028379999944],[-66.85893300999999,-29.44003258999993],[-66.85894846999997,-29.440032489999965],[-66.85896388999998,-29.440027879999946],[-66.85897934999997,-29.44002777999998],[-66.85899476999998,-29.44002316999996],[-66.85901022999997,-29.44002306999994],[-66.85902564999998,-29.440018459999976],[-66.85904106999993,-29.440013849999957],[-66.85905335999996,-29.440004749999957],[-66.85906877999997,-29.44000013999994],[-66.85908419999998,-29.439995529999976],[-66.85909442999997,-29.439986439999984],[-66.85910984999998,-29.439981829999965],[-66.85912316999998,-29.439972729999965],[-66.85913545999995,-29.439963629999966],[-66.85914568999993,-29.439954539999974],[-66.85915591999998,-29.439945449999982],[-66.85916614999996,-29.439936359999933],[-66.85917637999995,-29.43992727999995],[-66.85918660999994,-29.439918189999958],[-66.85919679999995,-29.43990458999997],[-66.85920702999994,-29.439895499999977],[-66.85921515999996,-29.439881919999948],[-66.85922534999997,-29.43986831999996],[-66.85923244999998,-29.43985473999993],[-66.85924057999995,-29.439841159999958],[-66.85924561999997,-29.439827599999944],[-66.85925065999999,-29.43981402999998],[-66.85925569999995,-29.439800469999966],[-66.85925764999996,-29.43978691999996],[-66.85926062999994,-29.439773369999955],[-66.85926256999994,-29.439759829999957],[-66.85926546999997,-29.43973725999996],[-66.85925654999994,-29.43965611999994],[-66.85923845999997,-29.439588579999963],[-66.85921227999995,-29.439539129999957],[-66.85918826999995,-29.439503199999933],[-66.85916540999995,-29.439480799999956],[-66.85914460999999,-29.439458379999962],[-66.85911868999995,-29.439440499999932],[-66.85908967999995,-29.439422649999983],[-66.85904624999995,-29.439404879999984],[-66.85900700999997,-29.43939611999997],[-66.85896368999994,-29.43939187999996],[-66.85892452999997,-29.43939213999994],[-66.85890906999998,-29.43939223999996],[-66.85889360999994,-29.439392339999984],[-66.85887814999995,-29.43939243999995],[-66.85886268999997,-29.43939253999997],[-66.85884726999996,-29.439397149999934],[-66.85883181999998,-29.439397249999956],[-66.85881638999996,-29.439401859999975],[-66.85880096999995,-29.439406469999938],[-66.85878551999997,-29.43940656999996],[-66.85877009999996,-29.43941117999998],[-66.85875779999998,-29.43942027999998],[-66.85874237999997,-29.43942488999994],[-66.85872695999996,-29.43942949999996],[-66.85871672999997,-29.439438579999944],[-66.85870130999996,-29.439443189999963],[-66.85869107999997,-29.439452279999955],[-66.85867775999998,-29.439461389999963],[-66.85866752999993,-29.439470479999954],[-66.85865523999996,-29.439479579999954],[-66.85864500999998,-29.439488659999938],[-66.85863477999999,-29.43949774999993],[-66.85862454999994,-29.43950683999998],[-66.85861641999998,-29.43952041999995],[-66.85860618999993,-29.439529509999943],[-66.85859908999998,-29.439543089999972],[-66.85859095999996,-29.439556669999945],[-66.85858385999995,-29.439570249999974],[-66.85857881999993,-29.43958380999993],[-66.85857068999996,-29.43959739999997],[-66.85856874999996,-29.439610939999966],[-66.85856370999994,-29.43962450999993],[-66.85856072999997,-29.439638059999936],[-66.85855877999995,-29.439651599999934],[-66.85855579999998,-29.43966514999994],[-66.85855385999997,-29.439678699999945],[-66.85855396999995,-29.439692229999935],[-66.85855407999998,-29.43970575999998],[-66.85855423999993,-29.439723799999967],[-66.85585459999999,-29.43954721999995],[-66.85498858999995,-29.43951218999996],[-66.85488026999997,-29.43949934999995],[-66.85315309999999,-29.439393149999944],[-66.85062473999994,-29.439237919999982],[-66.85060738999994,-29.439382369999976],[-66.85059362999993,-29.439585439999973]]]}},{"type":"Feature","properties":{"radio_id":"460141602","population":864,"population_density":1762.1911749950773,"households":288,"dwellings":291,"area_km2":0.4902986760232831,"demographic_residential_component":0.5944233206590621,"density_component":0.18631178707224336,"territorial_context_score":0.39036755386565275,"percentile":29.65779467680608,"relative_level":"low"},"geometry":{"type":"Polygon","coordinates":[[[-66.84304947999993,-29.438334349999934],[-66.84292551999994,-29.438299049999955],[-66.84285120999994,-29.43828598999994],[-66.84282234999995,-29.43828616999997],[-66.84280689999997,-29.438286269999935],[-66.84279143999998,-29.438286369999958],[-66.84275536999996,-29.43828659999997],[-66.84273482999998,-29.438295749999952],[-66.84271734999999,-29.43830036999998],[-66.84268856999995,-29.438309569999944],[-66.84267314999994,-29.438314179999963],[-66.84264745999997,-29.438323369999978],[-66.84263206999998,-29.43833247999993],[-66.84260641999998,-29.43834617999994],[-66.84259412999995,-29.43835527999994],[-66.84258389999997,-29.43836435999998],[-66.84257057999997,-29.43837346999993],[-66.84256034999999,-29.43838255999998],[-66.84255010999993,-29.438391639999963],[-66.84253987999995,-29.438400729999955],[-66.84252964999996,-29.43840980999994],[-66.84251941999997,-29.43841889999993],[-66.84250208999998,-29.438441559999944],[-66.84248681999998,-29.43846420999995],[-66.84247153999996,-29.438486859999955],[-66.84246340999994,-29.438500449999935],[-66.84245637999999,-29.43852303999995],[-66.84245133999997,-29.43853660999997],[-66.84244629999995,-29.438550169999928],[-66.84243849999996,-29.438604349999935],[-66.84243654999995,-29.438617889999932],[-66.84243356999997,-29.438631439999938],[-66.84243368999995,-29.438644969999928],[-66.84243695999999,-29.43866750999996],[-66.84243913999995,-29.438681019999933],[-66.84244233999993,-29.43869453999997],[-66.84244450999995,-29.438708049999946],[-66.84244771999994,-29.438721569999984],[-66.84245297999996,-29.438735059999942],[-66.84245514999998,-29.43874857999998],[-66.84246564999995,-29.438771069999973],[-66.84247399999998,-29.43878454999998],[-66.84248654999993,-29.438807019999956],[-66.84250219999996,-29.43882947999998],[-66.84252093999999,-29.438851909999983],[-66.84253863999999,-29.438874349999935],[-66.84255210999999,-29.43888328999998],[-66.84256248999998,-29.438892239999973],[-66.84257492999996,-29.438901189999967],[-66.84258840999996,-29.438910119999946],[-66.84260912999997,-29.438923519999946],[-66.84263499999997,-29.43893688999998],[-66.84265259999995,-29.438945799999942],[-66.84266808999996,-29.438950209999973],[-66.84269392999994,-29.438959069999953],[-66.84270942999996,-29.438963479999984],[-66.84273835999994,-29.438972319999948],[-66.84276106999994,-29.438976689999947],[-66.84274428999998,-29.439067009999974],[-66.84325523999996,-29.43916300999996],[-66.84273866999996,-29.440257849999966],[-66.84248097999995,-29.44087743999995],[-66.84224866999995,-29.441451749999942],[-66.84393692999998,-29.44158540999996],[-66.84470339999996,-29.441670759999965],[-66.84547876999994,-29.44171093999995],[-66.84550639999998,-29.44156191999997],[-66.84644176999996,-29.441632659999982],[-66.84794727999997,-29.44172681999993],[-66.84797150999998,-29.441541729999983],[-66.84896963999995,-29.441598519999957],[-66.84872634999994,-29.44394559999995],[-66.84863493999995,-29.44472651999996],[-66.84848178999994,-29.44552135999993],[-66.84838868999998,-29.446099309999965],[-66.84902232999997,-29.44607271999996],[-66.84966307999997,-29.446032549999984],[-66.85048439999997,-29.44589198999995],[-66.85183570999993,-29.44577960999993],[-66.85325118999998,-29.445576589999973],[-66.85321162999998,-29.44417403999995],[-66.85322124999993,-29.443474829999957],[-66.85323107999994,-29.442802679999943],[-66.85324248999996,-29.442071889999966],[-66.85326004999996,-29.44133654999996],[-66.85326110999995,-29.440601309999977],[-66.85329302999997,-29.439735059999975],[-66.85149364999995,-29.43962027999993],[-66.85059362999993,-29.439585439999973],[-66.85060738999994,-29.439382369999976],[-66.85062473999994,-29.439237919999982],[-66.84538834999995,-29.438883359999977],[-66.84322051999999,-29.438703139999973],[-66.84322246999994,-29.438689599999975],[-66.84322544999998,-29.43867604999997],[-66.84323721999993,-29.438603799999953],[-66.84323172999996,-29.43856323999995],[-66.84322951999997,-29.438545209999972],[-66.84322425999994,-29.43853170999995],[-66.84321582999996,-29.438509219999958],[-66.84320845999997,-29.438491219999946],[-66.84319277999998,-29.43846424999998],[-66.84317923999998,-29.438446299999953],[-66.84316663999994,-29.438419309999972],[-66.84315309999994,-29.438401359999943],[-66.84313222999998,-29.43836990999995],[-66.84311462999995,-29.438361009999937],[-66.84304947999993,-29.438334349999934]]]}},{"type":"Feature","properties":{"radio_id":"460141603","population":998,"population_density":1422.3142358484588,"households":346,"dwellings":405,"area_km2":0.7016733537822316,"demographic_residential_component":0.8479087452471483,"density_component":0.1596958174904943,"territorial_context_score":0.5038022813688213,"percentile":48.28897338403042,"relative_level":"low"},"geometry":{"type":"Polygon","coordinates":[[[-66.83695361999997,-29.43835475999998],[-66.83668817999995,-29.438284259999932],[-66.83651220999997,-29.43819063999996],[-66.83631231999993,-29.438070109999956],[-66.83623251999995,-29.43801647999993],[-66.83614988999994,-29.437994449999962],[-66.83604156999996,-29.437981599999944],[-66.83594881999994,-29.43798217999995],[-66.83588717999999,-29.438005119999957],[-66.83575879999995,-29.438060049999933],[-66.83568728999995,-29.438137179999956],[-66.83563848999995,-29.438218679999977],[-66.83562140999999,-29.438272919999974],[-66.83561912999994,-29.43837215999997],[-66.83564044999997,-29.438457729999982],[-66.83566675999998,-29.438525229999982],[-66.83571663999999,-29.438574529999983],[-66.83587482999997,-29.43876297999998],[-66.83597166999994,-29.43888415999993],[-66.83613906999994,-29.439189839999983],[-66.83620731999997,-29.43934276999994],[-66.83629809999996,-29.43973010999997],[-66.83633302999993,-29.43996895999993],[-66.83639060999997,-29.44032944999998],[-66.83640416999998,-29.441732169999966],[-66.83632319999998,-29.443798539999932],[-66.83628332999996,-29.445472239999958],[-66.83714547999995,-29.44540817999996],[-66.83796752999996,-29.445105309999974],[-66.83832242999995,-29.445021889999964],[-66.83928817999998,-29.44489851999998],[-66.83957682999994,-29.44490572999996],[-66.84030591999993,-29.444955249999964],[-66.84106703999998,-29.44501359999998],[-66.84189175999995,-29.445035449999978],[-66.84269321999994,-29.445111569999938],[-66.84353667999994,-29.445155849999935],[-66.84436691999997,-29.44522274999997],[-66.84517662999997,-29.44529880999994],[-66.84599130999999,-29.445352269999944],[-66.84685964999994,-29.445414409999955],[-66.84768982999998,-29.445472279999933],[-66.84848178999994,-29.44552135999993],[-66.84863493999995,-29.44472651999996],[-66.84872634999994,-29.44394559999995],[-66.84896963999995,-29.441598519999957],[-66.84797150999998,-29.441541729999983],[-66.84794727999997,-29.44172681999993],[-66.84644176999996,-29.441632659999982],[-66.84550639999998,-29.44156191999997],[-66.84547876999994,-29.44171093999995],[-66.84470339999996,-29.441670759999965],[-66.84393692999998,-29.44158540999996],[-66.84224866999995,-29.441451749999942],[-66.84248097999995,-29.44087743999995],[-66.84273866999996,-29.440257849999966],[-66.84325523999996,-29.43916300999996],[-66.84274428999998,-29.439067009999974],[-66.84276106999994,-29.438976689999947],[-66.84273835999994,-29.438972319999948],[-66.84270942999996,-29.438963479999984],[-66.84269392999994,-29.438959069999953],[-66.84266808999996,-29.438950209999973],[-66.84265259999995,-29.438945799999942],[-66.84263499999997,-29.43893688999998],[-66.84260912999997,-29.438923519999946],[-66.84258840999996,-29.438910119999946],[-66.84257492999996,-29.438901189999967],[-66.84256248999998,-29.438892239999973],[-66.84255210999999,-29.43888328999998],[-66.84253863999999,-29.438874349999935],[-66.84252093999999,-29.438851909999983],[-66.84250219999996,-29.43882947999998],[-66.84248654999993,-29.438807019999956],[-66.84247399999998,-29.43878454999998],[-66.84246564999995,-29.438771069999973],[-66.84245514999998,-29.43874857999998],[-66.84245297999996,-29.438735059999942],[-66.84244771999994,-29.438721569999984],[-66.84244450999995,-29.438708049999946],[-66.84244233999993,-29.43869453999997],[-66.84243913999995,-29.438681019999933],[-66.84243695999999,-29.43866750999996],[-66.84243368999995,-29.438644969999928],[-66.84243356999997,-29.438631439999938],[-66.84243654999995,-29.438617889999932],[-66.84243849999996,-29.438604349999935],[-66.83695361999997,-29.43835475999998]]]}},{"type":"Feature","properties":{"radio_id":"460141604","population":1097,"population_density":1569.1018414083549,"households":312,"dwellings":349,"area_km2":0.6991260675695737,"demographic_residential_component":0.7769328263624842,"density_component":0.17490494296577946,"territorial_context_score":0.4759188846641318,"percentile":43.346007604562736,"relative_level":"low"},"geometry":{"type":"Polygon","coordinates":[[[-66.84517662999997,-29.44529880999994],[-66.84436691999997,-29.44522274999997],[-66.84353667999994,-29.445155849999935],[-66.84269321999994,-29.445111569999938],[-66.84189175999995,-29.445035449999978],[-66.84106703999998,-29.44501359999998],[-66.84030591999993,-29.444955249999964],[-66.83957682999994,-29.44490572999996],[-66.83928817999998,-29.44489851999998],[-66.83832242999995,-29.445021889999964],[-66.83796752999996,-29.445105309999974],[-66.83714547999995,-29.44540817999996],[-66.83628332999996,-29.445472239999958],[-66.83624914999996,-29.446960959999956],[-66.83619040999997,-29.447967199999937],[-66.83593871999994,-29.449326479999968],[-66.83535140999999,-29.451238159999946],[-66.83436345999996,-29.453066649999982],[-66.83431795999996,-29.453175189999968],[-66.83487056999996,-29.453316059999963],[-66.83541176999995,-29.452315819999967],[-66.83669708999997,-29.45256484999993],[-66.83845535999995,-29.452666559999955],[-66.84027534999996,-29.45275431999994],[-66.84131370999995,-29.452801889999932],[-66.84178083999996,-29.45282599999996],[-66.84207078999998,-29.452738459999978],[-66.84227585999997,-29.45198388999995],[-66.84247543999999,-29.45118875999998],[-66.84451942999993,-29.45119384999998],[-66.84459855999995,-29.450791899999956],[-66.84469983999998,-29.45032666999998],[-66.84486641999996,-29.44953173999994],[-66.84490155999998,-29.448548199999948],[-66.84492540999997,-29.44794362999994],[-66.84498889999998,-29.44727113999994],[-66.84502484999996,-29.44663491999995],[-66.84505710999997,-29.446174629999973],[-66.84517662999997,-29.44529880999994]]]}},{"type":"Feature","properties":{"radio_id":"460141605","population":987,"population_density":2981.114528461204,"households":311,"dwellings":333,"area_km2":0.3310842272502261,"demographic_residential_component":0.7313054499366286,"density_component":0.3041825095057034,"territorial_context_score":0.517743979721166,"percentile":52.09125475285171,"relative_level":"medium"},"geometry":{"type":"Polygon","coordinates":[[[-66.84848178999994,-29.44552135999993],[-66.84768982999998,-29.445472279999933],[-66.84685964999994,-29.445414409999955],[-66.84599130999999,-29.445352269999944],[-66.84517662999997,-29.44529880999994],[-66.84505710999997,-29.446174629999973],[-66.84502484999996,-29.44663491999995],[-66.84498889999998,-29.44727113999994],[-66.84492540999997,-29.44794362999994],[-66.84490155999998,-29.448548199999948],[-66.84486641999996,-29.44953173999994],[-66.84469983999998,-29.45032666999998],[-66.84459855999995,-29.450791899999956],[-66.84451942999993,-29.45119384999998],[-66.84247543999999,-29.45118875999998],[-66.84227585999997,-29.45198388999995],[-66.84207078999998,-29.452738459999978],[-66.84460162999994,-29.452406689999975],[-66.84546886999993,-29.45232900999997],[-66.84650798999996,-29.452344959999948],[-66.84761255999996,-29.452297339999973],[-66.84873322999994,-29.452204499999937],[-66.84874823999996,-29.45190218999994],[-66.84879387999996,-29.451193729999943],[-66.84882842999997,-29.45039061999995],[-66.84890254999993,-29.449636879999957],[-66.84890995999996,-29.449041429999966],[-66.84892956999994,-29.448301559999948],[-66.84897134999994,-29.447376619999943],[-66.84902232999997,-29.44607271999996],[-66.84838868999998,-29.446099309999965],[-66.84848178999994,-29.44552135999993]]]}},{"type":"Feature","properties":{"radio_id":"460141606","population":571,"population_density":678.8331707653233,"households":186,"dwellings":281,"area_km2":0.8411492316385318,"demographic_residential_component":0.27756653992395436,"density_component":0.09885931558935361,"territorial_context_score":0.188212927756654,"percentile":6.083650190114068,"relative_level":"very_low"},"geometry":{"type":"Polygon","coordinates":[[[-66.85303914999997,-29.449799879999944],[-66.84976972999993,-29.45042069999994],[-66.84950592999996,-29.45030510999993],[-66.84882842999997,-29.45039061999995],[-66.84879387999996,-29.451193729999943],[-66.84874823999996,-29.45190218999994],[-66.84873322999994,-29.452204499999937],[-66.84761255999996,-29.452297339999973],[-66.84650798999996,-29.452344959999948],[-66.84546886999993,-29.45232900999997],[-66.84460162999994,-29.452406689999975],[-66.84207078999998,-29.452738459999978],[-66.84178083999996,-29.45282599999996],[-66.84131370999995,-29.452801889999932],[-66.84027534999996,-29.45275431999994],[-66.83845535999995,-29.452666559999955],[-66.83669708999997,-29.45256484999993],[-66.83541176999995,-29.452315819999967],[-66.83487056999996,-29.453316059999963],[-66.83431795999996,-29.453175189999968],[-66.83284819999994,-29.455584039999962],[-66.83130215999995,-29.45812867999996],[-66.83738130999996,-29.456556959999944],[-66.84026934999997,-29.456403449999982],[-66.84620388999997,-29.455197599999963],[-66.84753077999994,-29.455107969999972],[-66.84822398999995,-29.455171219999954],[-66.84917488999997,-29.455111029999955],[-66.84979955999995,-29.455237849999946],[-66.85016584999994,-29.45528061999994],[-66.85077889999997,-29.455249639999977],[-66.85129395999996,-29.455210259999944],[-66.85172944999994,-29.455270619999965],[-66.85219620999999,-29.455249589999937],[-66.85302299999995,-29.455262339999933],[-66.85297479999997,-29.454676269999936],[-66.85296916999994,-29.45375613999994],[-66.85300375999998,-29.45296204999994],[-66.85302966999996,-29.450760699999933],[-66.85303914999997,-29.449799879999944]]]}},{"type":"Feature","properties":{"radio_id":"460141607","population":1087,"population_density":1866.2777977348449,"households":336,"dwellings":391,"area_km2":0.5824427645869887,"demographic_residential_component":0.8365019011406843,"density_component":0.19771863117870722,"territorial_context_score":0.5171102661596958,"percentile":50.57034220532319,"relative_level":"medium"},"geometry":{"type":"Polygon","coordinates":[[[-66.85836770999998,-29.444258169999955],[-66.85622934999998,-29.444903429999954],[-66.85484194999998,-29.445381449999957],[-66.85450031999994,-29.44544678999995],[-66.85325118999998,-29.445576589999973],[-66.85183570999993,-29.44577960999993],[-66.85048439999997,-29.44589198999995],[-66.84966307999997,-29.446032549999984],[-66.84902232999997,-29.44607271999996],[-66.84897134999994,-29.447376619999943],[-66.84892956999994,-29.448301559999948],[-66.84890995999996,-29.449041429999966],[-66.84890254999993,-29.449636879999957],[-66.84882842999997,-29.45039061999995],[-66.84950592999996,-29.45030510999993],[-66.84976972999993,-29.45042069999994],[-66.85303914999997,-29.449799879999944],[-66.85302966999996,-29.450760699999933],[-66.85300375999998,-29.45296204999994],[-66.85296916999994,-29.45375613999994],[-66.85297479999997,-29.454676269999936],[-66.85302299999995,-29.455262339999933],[-66.85324290999995,-29.45505794999997],[-66.85343658999994,-29.454429739999966],[-66.85346984999995,-29.453847649999943],[-66.85357276999997,-29.45345907999996],[-66.85372080999997,-29.453043149999928],[-66.85396981999997,-29.45262206999996],[-66.85453134999995,-29.45222603999997],[-66.85461402999994,-29.452252579999936],[-66.85524979999997,-29.45186057999996],[-66.85553882999994,-29.45166476999998],[-66.85611918999996,-29.45142648999996],[-66.85633885999994,-29.45119502999995],[-66.85655810999998,-29.45091395999998],[-66.85708203999997,-29.450707609999938],[-66.85741229999996,-29.450389739999935],[-66.85785434999997,-29.45025157999993],[-66.85842466999998,-29.449801349999973],[-66.85869996999998,-29.449691319999943],[-66.85892102999998,-29.449626749999936],[-66.85924496999996,-29.449538949999976],[-66.85888896999995,-29.44863461999995],[-66.85882351999999,-29.448450109999953],[-66.85832832999995,-29.44717227999996],[-66.85819668999994,-29.446839349999948],[-66.85810928999996,-29.446618889999968],[-66.85817738999998,-29.44577045999995],[-66.85821110999996,-29.445490579999955],[-66.85825150999995,-29.44514750999997],[-66.85827041999994,-29.444944409999948],[-66.85828443999998,-29.444772919999934],[-66.85836770999998,-29.444258169999955]]]}},{"type":"Feature","properties":{"radio_id":"460141608","population":972,"population_density":4104.818805667201,"households":322,"dwellings":322,"area_km2":0.23679486136100233,"demographic_residential_component":0.7313054499366286,"density_component":0.49049429657794674,"territorial_context_score":0.6108998732572877,"percentile":71.48288973384031,"relative_level":"medium"},"geometry":{"type":"Polygon","coordinates":[[[-66.86794227999997,-29.443862319999937],[-66.86628666999997,-29.443697189999966],[-66.86618559999994,-29.443688829999928],[-66.86608554999998,-29.44368045999994],[-66.86443193999997,-29.443506269999943],[-66.86290516999998,-29.44334024999995],[-66.86122166999996,-29.443166219999966],[-66.85953520999993,-29.443005709999966],[-66.85852976999996,-29.44294002999993],[-66.85851063999996,-29.443116069999974],[-66.85846157999998,-29.44340956999997],[-66.85844728999996,-29.443549489999953],[-66.85843762999997,-29.443626239999958],[-66.85842311999994,-29.44373909999996],[-66.85840574999997,-29.443879039999956],[-66.85836770999998,-29.444258169999955],[-66.85828443999998,-29.444772919999934],[-66.85827041999994,-29.444944409999948],[-66.85825150999995,-29.44514750999997],[-66.85821110999996,-29.445490579999955],[-66.85817738999998,-29.44577045999995],[-66.85810928999996,-29.446618889999968],[-66.85819668999994,-29.446839349999948],[-66.85832832999995,-29.44717227999996],[-66.85858732999998,-29.447084909999944],[-66.85929652999994,-29.446850299999937],[-66.86071464999998,-29.44634947999998],[-66.86181238999995,-29.445990549999976],[-66.86317624999998,-29.44553516999997],[-66.86460307999994,-29.445092889999955],[-66.86532758999994,-29.44484460999996],[-66.86597533999998,-29.444659969999975],[-66.86617325999998,-29.44466319999998],[-66.86788822999995,-29.444778329999963],[-66.86791491999998,-29.444038409999962],[-66.86794227999997,-29.443862319999937]]]}},{"type":"Feature","properties":{"radio_id":"460141609","population":857,"population_density":6002.033317771566,"households":240,"dwellings":237,"area_km2":0.14278494547214324,"demographic_residential_component":0.42458808618504434,"density_component":0.752851711026616,"territorial_context_score":0.5887198986058302,"percentile":67.30038022813687,"relative_level":"medium"},"geometry":{"type":"Polygon","coordinates":[[[-66.87215116999994,-29.444308429999978],[-66.87144657999994,-29.444231859999945],[-66.87077911999995,-29.44415953999993],[-66.86967010999996,-29.444035979999967],[-66.86874897999996,-29.443947269999967],[-66.86794227999997,-29.443862319999937],[-66.86791491999998,-29.444038409999962],[-66.86788822999995,-29.444778329999963],[-66.86814117999995,-29.44543522999993],[-66.86722821999996,-29.445702789999928],[-66.86675848999994,-29.445854699999984],[-66.86688534999996,-29.44622825999994],[-66.86699597999996,-29.446511699999974],[-66.86728221999994,-29.447204469999974],[-66.86871110999994,-29.446762139999976],[-66.87009310999997,-29.44626145999996],[-66.87036649999993,-29.446895669999947],[-66.87153599999994,-29.446495599999935],[-66.87286683999997,-29.44604032999996],[-66.87277539999997,-29.44535079999997],[-66.87283055999995,-29.444570109999972],[-66.87285778999996,-29.44438047999995],[-66.87215116999994,-29.444308429999978]]]}},{"type":"Feature","properties":{"radio_id":"460141610","population":732,"population_density":6508.639032580288,"households":239,"dwellings":237,"area_km2":0.11246590820843319,"demographic_residential_component":0.3726235741444867,"density_component":0.8250950570342205,"territorial_context_score":0.5988593155893536,"percentile":69.58174904942965,"relative_level":"medium"},"geometry":{"type":"Polygon","coordinates":[[[-66.86788822999995,-29.444778329999963],[-66.86617325999998,-29.44466319999998],[-66.86597533999998,-29.444659969999975],[-66.86532758999994,-29.44484460999996],[-66.86460307999994,-29.445092889999955],[-66.86317624999998,-29.44553516999997],[-66.86345298999998,-29.44620544999998],[-66.86371049999997,-29.446794669999974],[-66.86377885999997,-29.446956609999972],[-66.86405900999995,-29.447541169999965],[-66.86435304999998,-29.448184279999964],[-66.86575604999996,-29.447724109999967],[-66.86637068999994,-29.447521639999934],[-66.86658329999995,-29.44743454999997],[-66.86728221999994,-29.447204469999974],[-66.86699597999996,-29.446511699999974],[-66.86688534999996,-29.44622825999994],[-66.86675848999994,-29.445854699999984],[-66.86722821999996,-29.445702789999928],[-66.86814117999995,-29.44543522999993],[-66.86788822999995,-29.444778329999963]]]}},{"type":"Feature","properties":{"radio_id":"460141611","population":853,"population_density":5067.841601416573,"households":269,"dwellings":284,"area_km2":0.16831623146263444,"demographic_residential_component":0.5513307984790874,"density_component":0.6273764258555133,"territorial_context_score":0.5893536121673004,"percentile":67.68060836501901,"relative_level":"medium"},"geometry":{"type":"Polygon","coordinates":[[[-66.86317624999998,-29.44553516999997],[-66.86181238999995,-29.445990549999976],[-66.86071464999998,-29.44634947999998],[-66.85929652999994,-29.446850299999937],[-66.85858732999998,-29.447084909999944],[-66.85832832999995,-29.44717227999996],[-66.85882351999999,-29.448450109999953],[-66.85888896999995,-29.44863461999995],[-66.85924496999996,-29.449538949999976],[-66.85931038999996,-29.449718959999984],[-66.85943138999994,-29.45001136999997],[-66.85962394999996,-29.450479229999928],[-66.85995796999998,-29.450364299999933],[-66.86071341999997,-29.450111339999978],[-66.86045763999994,-29.44948150999994],[-66.86185024999997,-29.449007909999978],[-66.86293965999994,-29.44863548999996],[-66.86435304999998,-29.448184279999964],[-66.86405900999995,-29.447541169999965],[-66.86377885999997,-29.446956609999972],[-66.86371049999997,-29.446794669999974],[-66.86345298999998,-29.44620544999998],[-66.86317624999998,-29.44553516999997]]]}},{"type":"Feature","properties":{"radio_id":"460141612","population":712,"population_density":4277.072910306694,"households":229,"dwellings":241,"area_km2":0.166468988238254,"demographic_residential_component":0.3548795944233207,"density_component":0.49809885931558934,"territorial_context_score":0.426489226869455,"percentile":36.12167300380228,"relative_level":"low"},"geometry":{"type":"Polygon","coordinates":[[[-66.86435304999998,-29.448184279999964],[-66.86293965999994,-29.44863548999996],[-66.86185024999997,-29.449007909999978],[-66.86045763999994,-29.44948150999994],[-66.86071341999997,-29.450111339999978],[-66.85995796999998,-29.450364299999933],[-66.85962394999996,-29.450479229999928],[-66.85980254999998,-29.450879519999944],[-66.86011420999995,-29.45153604999996],[-66.86021906999997,-29.451747369999964],[-66.86029281999998,-29.451936339999975],[-66.86039560999996,-29.45214767999994],[-66.86067601999997,-29.452763819999973],[-66.86098953999993,-29.452662559999965],[-66.86171911999998,-29.45239621999997],[-66.86161693999998,-29.45213526999993],[-66.86294269999996,-29.451675619999946],[-66.86323342999998,-29.45229168999998],[-66.86438465999998,-29.45191434999998],[-66.86410633999998,-29.451302709999936],[-66.86547841999999,-29.45083822999993],[-66.86521863999997,-29.45022647999997],[-66.86515240999995,-29.450073549999956],[-66.86488216999999,-29.449443819999942],[-66.86462102999997,-29.448791469999946],[-66.86435304999998,-29.448184279999964]]]}},{"type":"Feature","properties":{"radio_id":"460141613","population":644,"population_density":6375.20093917635,"households":213,"dwellings":225,"area_km2":0.10101642381850981,"demographic_residential_component":0.25348542458808615,"density_component":0.8098859315589354,"territorial_context_score":0.5316856780735107,"percentile":55.51330798479087,"relative_level":"medium"},"geometry":{"type":"Polygon","coordinates":[[[-66.86728221999994,-29.447204469999974],[-66.86658329999995,-29.44743454999997],[-66.86637068999994,-29.447521639999934],[-66.86575604999996,-29.447724109999967],[-66.86435304999998,-29.448184279999964],[-66.86462102999997,-29.448791469999946],[-66.86488216999999,-29.449443819999942],[-66.86515240999995,-29.450073549999956],[-66.86521863999997,-29.45022647999997],[-66.86547841999999,-29.45083822999993],[-66.86686885999995,-29.450351059999946],[-66.86700742999994,-29.450647859999947],[-66.86768571999994,-29.450413399999945],[-66.86788619999999,-29.450353449999966],[-66.86858516999996,-29.45012786999996],[-66.86845188999996,-29.44984908999993],[-66.86817583999994,-29.449264509999978],[-66.86808974999997,-29.44908012999997],[-66.86781831999997,-29.44843237999993],[-66.86756077999996,-29.447843169999942],[-66.86728221999994,-29.447204469999974]]]}},{"type":"Feature","properties":{"radio_id":"460141614","population":848,"population_density":6899.408576238727,"households":242,"dwellings":233,"area_km2":0.12290908570344368,"demographic_residential_component":0.41825095057034223,"density_component":0.8745247148288974,"territorial_context_score":0.6463878326996197,"percentile":77.18631178707224,"relative_level":"high"},"geometry":{"type":"Polygon","coordinates":[[[-66.87009310999997,-29.44626145999996],[-66.86871110999994,-29.446762139999976],[-66.86728221999994,-29.447204469999974],[-66.86756077999996,-29.447843169999942],[-66.86781831999997,-29.44843237999993],[-66.86808974999997,-29.44908012999997],[-66.86817583999994,-29.449264509999978],[-66.86959413999995,-29.448786149999933],[-66.87095360999996,-29.44829913999996],[-66.87213231999993,-29.447889979999957],[-66.87239312999998,-29.448497199999963],[-66.87369001999997,-29.44804665999993],[-66.87344580999996,-29.44745285999994],[-66.87335134999995,-29.447255009999935],[-66.87311943999998,-29.446652109999945],[-66.87286683999997,-29.44604032999996],[-66.87153599999994,-29.446495599999935],[-66.87036649999993,-29.446895669999947],[-66.87009310999997,-29.44626145999996]]]}},{"type":"Feature","properties":{"radio_id":"460141701","population":707,"population_density":1118.4487331866826,"households":209,"dwellings":312,"area_km2":0.6321255315705142,"demographic_residential_component":0.41825095057034223,"density_component":0.12547528517110265,"territorial_context_score":0.2718631178707224,"percentile":15.96958174904943,"relative_level":"very_low"},"geometry":{"type":"Polygon","coordinates":[[[-66.87821585999995,-29.442784579999966],[-66.87843960999999,-29.44327475999995],[-66.87841725999994,-29.44367183999998],[-66.87805404999995,-29.44434180999997],[-66.87757671999998,-29.44480503999995],[-66.87623053999994,-29.444669559999966],[-66.87620627999996,-29.444845639999983],[-66.87617175999998,-29.44502628999993],[-66.87610543999995,-29.44546424999993],[-66.87603184999995,-29.446136819999936],[-66.87590480999995,-29.447305899999947],[-66.87585512999993,-29.447761799999967],[-66.87686340999994,-29.447552179999946],[-66.87767597999994,-29.44735737999997],[-66.87908029999994,-29.447059439999975],[-66.87956345999999,-29.446911909999983],[-66.87981037999998,-29.44686065999997],[-66.88028574999998,-29.446767309999927],[-66.88030425999995,-29.44676267999995],[-66.88153054999998,-29.446497459999932],[-66.88198632999996,-29.446404229999928],[-66.88232978999997,-29.44619445999996],[-66.88298277999996,-29.445784179999976],[-66.88318253999995,-29.44564302999993],[-66.88518054999997,-29.448083529999963],[-66.88550349999997,-29.448478309999928],[-66.88564106999996,-29.44865330999994],[-66.88691760999995,-29.450255089999928],[-66.88720305999993,-29.45072228999993],[-66.88813008999995,-29.45183473999998],[-66.88923477999998,-29.45003214999997],[-66.88957778999998,-29.448825529999965],[-66.88975183999997,-29.44845449999997],[-66.88974652999997,-29.44843648999995],[-66.88990819999998,-29.44806553999996],[-66.88998930999998,-29.44732074999996],[-66.89048804999999,-29.44683477999996],[-66.89096558999995,-29.44663762999994],[-66.89155171999994,-29.44624579999993],[-66.89221679999997,-29.445691049999937],[-66.89247044999996,-29.44487743999997],[-66.89242419999994,-29.444656729999963],[-66.89225917999994,-29.444644309999944],[-66.88144837999994,-29.443787129999976],[-66.88099978999998,-29.44375852999997],[-66.88044233999995,-29.44365395999995],[-66.87965779999996,-29.44351028999995],[-66.87925715999995,-29.443422729999952],[-66.87884859999997,-29.443254019999983],[-66.87835393999995,-29.442900949999967],[-66.87821585999995,-29.442784579999966]]]}},{"type":"Feature","properties":{"radio_id":"460141702","population":1016,"population_density":3143.4192437563593,"households":356,"dwellings":373,"area_km2":0.32321492019177456,"demographic_residential_component":0.8301647655259822,"density_component":0.3269961977186312,"territorial_context_score":0.5785804816223067,"percentile":63.49809885931559,"relative_level":"medium"},"geometry":{"type":"Polygon","coordinates":[[[-66.87981037999998,-29.44686065999997],[-66.88020781999995,-29.447530119999954],[-66.88109545999998,-29.448629339999968],[-66.88224157999997,-29.450056119999942],[-66.88221627999997,-29.45011041999993],[-66.88285068999994,-29.450408419999974],[-66.88229728999994,-29.451372849999927],[-66.88176901999998,-29.452264929999956],[-66.88201216999994,-29.452371579999976],[-66.88263826999997,-29.45266061999996],[-66.88396285999994,-29.453265269999974],[-66.88535652999997,-29.453869449999956],[-66.88571201999997,-29.45326265999995],[-66.88607254999994,-29.45264230999993],[-66.88642089999996,-29.452044599999965],[-66.88720305999993,-29.45072228999993],[-66.88691760999995,-29.450255089999928],[-66.88564106999996,-29.44865330999994],[-66.88550349999997,-29.448478309999928],[-66.88518054999997,-29.448083529999963],[-66.88318253999995,-29.44564302999993],[-66.88298277999996,-29.445784179999976],[-66.88232978999997,-29.44619445999996],[-66.88198632999996,-29.446404229999928],[-66.88153054999998,-29.446497459999932],[-66.88030425999995,-29.44676267999995],[-66.88028574999998,-29.446767309999927],[-66.87981037999998,-29.44686065999997]]]}},{"type":"Feature","properties":{"radio_id":"460141703","population":1418,"population_density":4718.879556439974,"households":397,"dwellings":405,"area_km2":0.3004950609652284,"demographic_residential_component":0.944233206590621,"density_component":0.5703422053231939,"territorial_context_score":0.7572877059569074,"percentile":89.35361216730038,"relative_level":"high"},"geometry":{"type":"Polygon","coordinates":[[[-66.87686340999994,-29.447552179999946],[-66.87657332999999,-29.449177909999946],[-66.87631930999999,-29.44936451999996],[-66.87614518999999,-29.449491959999932],[-66.87598655999994,-29.449623809999935],[-66.87585682999998,-29.449759979999953],[-66.87547374999997,-29.449920369999973],[-66.87586329999993,-29.451113119999945],[-66.87638130999994,-29.451420939999934],[-66.87643717999998,-29.451325849999932],[-66.87778446999994,-29.451939439999933],[-66.87912757999999,-29.452544019999948],[-66.88047470999999,-29.453135019999934],[-66.88109370999996,-29.453437649999955],[-66.88176901999998,-29.452264929999956],[-66.88229728999994,-29.451372849999927],[-66.88285068999994,-29.450408419999974],[-66.88221627999997,-29.45011041999993],[-66.88224157999997,-29.450056119999942],[-66.88109545999998,-29.448629339999968],[-66.88020781999995,-29.447530119999954],[-66.87981037999998,-29.44686065999997],[-66.87956345999999,-29.446911909999983],[-66.87908029999994,-29.447059439999975],[-66.87767597999994,-29.44735737999997],[-66.87686340999994,-29.447552179999946]]]}},{"type":"Feature","properties":{"radio_id":"460141704","population":1501,"population_density":4102.73485876382,"households":434,"dwellings":425,"area_km2":0.365853522509193,"demographic_residential_component":0.9759188846641318,"density_component":0.4866920152091255,"territorial_context_score":0.7313054499366286,"percentile":85.93155893536122,"relative_level":"high"},"geometry":{"type":"Polygon","coordinates":[[[-66.87585512999993,-29.447761799999967],[-66.87590480999995,-29.447305899999947],[-66.87504960999996,-29.44757764999997],[-66.87460266999994,-29.44774296999998],[-66.87441765999995,-29.447802819999936],[-66.87369001999997,-29.44804665999993],[-66.87239312999998,-29.448497199999963],[-66.87213231999993,-29.447889979999957],[-66.87095360999996,-29.44829913999996],[-66.86959413999995,-29.448786149999933],[-66.86817583999994,-29.449264509999978],[-66.86845188999996,-29.44984908999993],[-66.86858516999996,-29.45012786999996],[-66.86788619999999,-29.450353449999966],[-66.86768571999994,-29.450413399999945],[-66.86700742999994,-29.450647859999947],[-66.86715433999996,-29.45095361999995],[-66.86743817999997,-29.451605809999933],[-66.86758553999994,-29.45196569999996],[-66.86769384999997,-29.452217589999975],[-66.86795872999994,-29.45282027999997],[-66.86811468999997,-29.453220709999982],[-66.86872197999998,-29.452878449999957],[-66.86881740999996,-29.45282820999995],[-66.86989006999994,-29.455324589999975],[-66.87035242999997,-29.455150169999968],[-66.87073295999994,-29.454809379999972],[-66.87096720999995,-29.454478579999943],[-66.87117428999994,-29.454224629999942],[-66.87135196999998,-29.45390771999996],[-66.87144345999997,-29.45375826999998],[-66.87157311999994,-29.453613089999976],[-66.87166522999996,-29.45353579999994],[-66.87182230999997,-29.453462599999966],[-66.87191577999994,-29.453304119999927],[-66.87202574999998,-29.453145529999972],[-66.87214130999996,-29.452797459999942],[-66.87220781999997,-29.45249931999996],[-66.87219266999995,-29.45217465999997],[-66.87214497999997,-29.452021609999974],[-66.87211316999998,-29.451918069999977],[-66.87204173999999,-29.451760669999942],[-66.87193777999994,-29.451657609999984],[-66.87178178999994,-29.451496249999934],[-66.87173199999995,-29.45133869999995],[-66.87178451999995,-29.451212059999932],[-66.87188172999998,-29.451130229999933],[-66.87211029999997,-29.450979889999928],[-66.87230008999995,-29.450874899999974],[-66.87246635999998,-29.45079261999996],[-66.87263385999995,-29.450732879999975],[-66.87288273999997,-29.450668099999973],[-66.87301679999996,-29.450676249999958],[-66.87329957999998,-29.450597709999954],[-66.87358071999995,-29.450568799999928],[-66.87389014999997,-29.450593839999954],[-66.87420117999994,-29.45056472999994],[-66.87453044999995,-29.45049941999997],[-66.87488967999997,-29.45032114999998],[-66.87508987999996,-29.45022961999996],[-66.87516996999994,-29.450193009999964],[-66.87530004999996,-29.45009742999997],[-66.87547374999997,-29.449920369999973],[-66.87585682999998,-29.449759979999953],[-66.87598655999994,-29.449623809999935],[-66.87614518999999,-29.449491959999932],[-66.87631930999999,-29.44936451999996],[-66.87657332999999,-29.449177909999946],[-66.87686340999994,-29.447552179999946],[-66.87585512999993,-29.447761799999967]]]}},{"type":"Feature","properties":{"radio_id":"460141705","population":775,"population_density":6728.922689164468,"households":213,"dwellings":213,"area_km2":0.11517445448555629,"demographic_residential_component":0.2991128010139417,"density_component":0.8555133079847909,"territorial_context_score":0.5773130544993663,"percentile":63.11787072243346,"relative_level":"medium"},"geometry":{"type":"Polygon","coordinates":[[[-66.86686885999995,-29.450351059999946],[-66.86547841999999,-29.45083822999993],[-66.86410633999998,-29.451302709999936],[-66.86438465999998,-29.45191434999998],[-66.86323342999998,-29.45229168999998],[-66.86294269999996,-29.451675619999946],[-66.86161693999998,-29.45213526999993],[-66.86171911999998,-29.45239621999997],[-66.86098953999993,-29.452662559999965],[-66.86067601999997,-29.452763819999973],[-66.86069720999996,-29.452831339999932],[-66.86103425999994,-29.453686179999977],[-66.86139733999994,-29.453593619999936],[-66.86214279999996,-29.453376789999936],[-66.86349148999994,-29.452944049999928],[-66.86374194999996,-29.45355135999995],[-66.86491884999998,-29.453160319999938],[-66.86628797999998,-29.45270937999993],[-66.86769384999997,-29.452217589999975],[-66.86758553999994,-29.45196569999996],[-66.86743817999997,-29.451605809999933],[-66.86715433999996,-29.45095361999995],[-66.86700742999994,-29.450647859999947],[-66.86686885999995,-29.450351059999946]]]}},{"type":"Feature","properties":{"radio_id":"460141706","population":767,"population_density":2439.3611082315683,"households":211,"dwellings":286,"area_km2":0.31442659203337137,"demographic_residential_component":0.41444866920152085,"density_component":0.2509505703422053,"territorial_context_score":0.3326996197718631,"percentile":20.912547528517113,"relative_level":"very_low"},"geometry":{"type":"Polygon","coordinates":[[[-66.86811468999997,-29.453220709999982],[-66.86795872999994,-29.45282027999997],[-66.86769384999997,-29.452217589999975],[-66.86628797999998,-29.45270937999993],[-66.86491884999998,-29.453160319999938],[-66.86374194999996,-29.45355135999995],[-66.86349148999994,-29.452944049999928],[-66.86214279999996,-29.453376789999936],[-66.86139733999994,-29.453593619999936],[-66.86103425999994,-29.453686179999977],[-66.86133673999996,-29.454351789999976],[-66.86151580999996,-29.45480619999995],[-66.86165464999993,-29.455134579999935],[-66.86189387999997,-29.455633709999972],[-66.86204813999996,-29.45595746999993],[-66.86259888999996,-29.45733414999995],[-66.86290360999993,-29.45801778999993],[-66.86311627999999,-29.458544149999966],[-66.86328455999995,-29.45796569999993],[-66.86395194999994,-29.457654649999938],[-66.86451926999996,-29.457457009999928],[-66.86499534999996,-29.45731859999995],[-66.86542298999996,-29.457058719999964],[-66.86575097999997,-29.45684006999994],[-66.86599583999998,-29.456784349999964],[-66.86637273999997,-29.456619519999947],[-66.86654061999997,-29.456361319999928],[-66.86680493999995,-29.456170159999942],[-66.86713036999998,-29.456014679999953],[-66.86778318999995,-29.45581195999995],[-66.86837898999994,-29.45581257999993],[-66.86859303999995,-29.455892379999966],[-66.86882975999998,-29.45585023999996],[-66.86911804999994,-29.455812269999967],[-66.86952302999998,-29.455557029999966],[-66.86989006999994,-29.455324589999975],[-66.86881740999996,-29.45282820999995],[-66.86872197999998,-29.452878449999957],[-66.86811468999997,-29.453220709999982]]]}},{"type":"Feature","properties":{"radio_id":"460141707","population":1167,"population_density":3400.643513233246,"households":325,"dwellings":355,"area_km2":0.34317034274799535,"demographic_residential_component":0.8035487959442332,"density_component":0.3650190114068441,"territorial_context_score":0.5842839036755387,"percentile":65.39923954372624,"relative_level":"medium"},"geometry":{"type":"Polygon","coordinates":[[[-66.86989006999994,-29.455324589999975],[-66.86952302999998,-29.455557029999966],[-66.86911804999994,-29.455812269999967],[-66.86882975999998,-29.45585023999996],[-66.86859303999995,-29.455892379999966],[-66.86837898999994,-29.45581257999993],[-66.86778318999995,-29.45581195999995],[-66.86713036999998,-29.456014679999953],[-66.86680493999995,-29.456170159999942],[-66.86654061999997,-29.456361319999928],[-66.86637273999997,-29.456619519999947],[-66.86599583999998,-29.456784349999964],[-66.86575097999997,-29.45684006999994],[-66.86542298999996,-29.457058719999964],[-66.86499534999996,-29.45731859999995],[-66.86451926999996,-29.457457009999928],[-66.86395194999994,-29.457654649999938],[-66.86328455999995,-29.45796569999993],[-66.86311627999999,-29.458544149999966],[-66.86313738999996,-29.458602649999932],[-66.86363807999999,-29.45990747999997],[-66.86408524999996,-29.460978099999977],[-66.86428362999999,-29.461518079999962],[-66.86439430999997,-29.461806039999942],[-66.86466711999998,-29.461763669999982],[-66.86496463999998,-29.461960209999972],[-66.86523706999998,-29.461872739999933],[-66.86610379999996,-29.461605479999946],[-66.86683063999993,-29.46137521999998],[-66.86725202999997,-29.461228139999946],[-66.86787697999995,-29.461016579999978],[-66.86760344999993,-29.460368829999936],[-66.86736630999997,-29.459756939999977],[-66.86827281999996,-29.45944430999998],[-66.86923388999998,-29.459122289999982],[-66.87030313999998,-29.458795049999935],[-66.87106693999993,-29.458550999999943],[-66.87220267999999,-29.458164669999974],[-66.87251104999996,-29.458063409999966],[-66.87256684999994,-29.45795930999998],[-66.87196651999994,-29.457670049999933],[-66.87171653999997,-29.457125899999937],[-66.87165669999996,-29.456999999999937],[-66.87160935999998,-29.45688753999997],[-66.87146196999998,-29.45652765999995],[-66.87124046999998,-29.45593821999995],[-66.87047973999995,-29.456177749999938],[-66.86989006999994,-29.455324589999975]]]}},{"type":"Feature","properties":{"radio_id":"460141708","population":1261,"population_density":2919.0686395330026,"households":363,"dwellings":364,"area_km2":0.4319871012699917,"demographic_residential_component":0.866920152091255,"density_component":0.2965779467680608,"territorial_context_score":0.5817490494296579,"percentile":64.63878326996198,"relative_level":"medium"},"geometry":{"type":"Polygon","coordinates":[[[-66.87547374999997,-29.449920369999973],[-66.87530004999996,-29.45009742999997],[-66.87516996999994,-29.450193009999964],[-66.87508987999996,-29.45022961999996],[-66.87488967999997,-29.45032114999998],[-66.87453044999995,-29.45049941999997],[-66.87420117999994,-29.45056472999994],[-66.87389014999997,-29.450593839999954],[-66.87358071999995,-29.450568799999928],[-66.87329957999998,-29.450597709999954],[-66.87301679999996,-29.450676249999958],[-66.87288273999997,-29.450668099999973],[-66.87263385999995,-29.450732879999975],[-66.87246635999998,-29.45079261999996],[-66.87230008999995,-29.450874899999974],[-66.87211029999997,-29.450979889999928],[-66.87188172999998,-29.451130229999933],[-66.87178451999995,-29.451212059999932],[-66.87173199999995,-29.45133869999995],[-66.87178178999994,-29.451496249999934],[-66.87193777999994,-29.451657609999984],[-66.87204173999999,-29.451760669999942],[-66.87211316999998,-29.451918069999977],[-66.87214497999997,-29.452021609999974],[-66.87219266999995,-29.45217465999997],[-66.87220781999997,-29.45249931999996],[-66.87214130999996,-29.452797459999942],[-66.87202574999998,-29.453145529999972],[-66.87191577999994,-29.453304119999927],[-66.87182230999997,-29.453462599999966],[-66.87166522999996,-29.45353579999994],[-66.87157311999994,-29.453613089999976],[-66.87144345999997,-29.45375826999998],[-66.87135196999998,-29.45390771999996],[-66.87117428999994,-29.454224629999942],[-66.87096720999995,-29.454478579999943],[-66.87073295999994,-29.454809379999972],[-66.87035242999997,-29.455150169999968],[-66.86989006999994,-29.455324589999975],[-66.87047973999995,-29.456177749999938],[-66.87124046999998,-29.45593821999995],[-66.87146196999998,-29.45652765999995],[-66.87160935999998,-29.45688753999997],[-66.87171275999998,-29.456683889999965],[-66.87201199999998,-29.456118109999977],[-66.87236734999993,-29.45548428999996],[-66.87270746999997,-29.45487763999995],[-66.87404737999998,-29.455468759999974],[-66.87441618999998,-29.45484387999994],[-66.87505468999996,-29.45513737999994],[-66.87572201999996,-29.45542617999996],[-66.87642889999995,-29.455759829999977],[-66.87702385999995,-29.45602202999993],[-66.87707561999997,-29.45604875999993],[-66.87769146999995,-29.456342399999983],[-66.87840561999997,-29.45668048999994],[-66.87900057999997,-29.45694268999995],[-66.87957984999997,-29.45598261999993],[-66.88030133999996,-29.45478253999994],[-66.88098177999996,-29.453605279999977],[-66.88109370999996,-29.453437649999955],[-66.88047470999999,-29.453135019999934],[-66.87912757999999,-29.452544019999948],[-66.87778446999994,-29.451939439999933],[-66.87643717999998,-29.451325849999932],[-66.87638130999994,-29.451420939999934],[-66.87586329999993,-29.451113119999945],[-66.87547374999997,-29.449920369999973]]]}},{"type":"Feature","properties":{"radio_id":"460141709","population":1374,"population_density":6030.053051412083,"households":384,"dwellings":392,"area_km2":0.22785869183659083,"demographic_residential_component":0.9163498098859316,"density_component":0.7604562737642585,"territorial_context_score":0.8384030418250951,"percentile":94.29657794676805,"relative_level":"high"},"geometry":{"type":"Polygon","coordinates":[[[-66.88176901999998,-29.452264929999956],[-66.88109370999996,-29.453437649999955],[-66.88098177999996,-29.453605279999977],[-66.88030133999996,-29.45478253999994],[-66.87957984999997,-29.45598261999993],[-66.87900057999997,-29.45694268999995],[-66.87925411999998,-29.457058289999964],[-66.87986679999995,-29.457342919999974],[-66.88050334999997,-29.457645429999957],[-66.88114814999994,-29.45794787999995],[-66.88184880999995,-29.45827251999998],[-66.88254205999993,-29.458574639999938],[-66.88310068999994,-29.457614689999957],[-66.88350040999995,-29.456994089999966],[-66.88385627999997,-29.456427899999937],[-66.88421852999994,-29.45576694999994],[-66.88453160999995,-29.455259679999983],[-66.88463513999994,-29.45507405999996],[-66.88497018999993,-29.454485459999944],[-66.88535652999997,-29.453869449999956],[-66.88396285999994,-29.453265269999974],[-66.88263826999997,-29.45266061999996],[-66.88201216999994,-29.452371579999976],[-66.88176901999998,-29.452264929999956]]]}},{"type":"Feature","properties":{"radio_id":"460141710","population":817,"population_density":392.2094852485962,"households":244,"dwellings":467,"area_km2":2.0830704782220058,"demographic_residential_component":0.6552598225602028,"density_component":0.07224334600760456,"territorial_context_score":0.36375158428390364,"percentile":25.09505703422053,"relative_level":"low"},"geometry":{"type":"Polygon","coordinates":[[[-66.89247044999996,-29.44487743999997],[-66.89221679999997,-29.445691049999937],[-66.89155171999994,-29.44624579999993],[-66.89096558999995,-29.44663762999994],[-66.89048804999999,-29.44683477999996],[-66.88998930999998,-29.44732074999996],[-66.88990819999998,-29.44806553999996],[-66.88974652999997,-29.44843648999995],[-66.88975183999997,-29.44845449999997],[-66.88957778999998,-29.448825529999965],[-66.88923477999998,-29.45003214999997],[-66.88813008999995,-29.45183473999998],[-66.88775251999994,-29.45262660999998],[-66.88789253999994,-29.45355485999994],[-66.88749247999993,-29.45436942999993],[-66.88688167999999,-29.45465766999996],[-66.88646977999997,-29.455652739999948],[-66.88646741999997,-29.457159299999944],[-66.88610052999996,-29.457878919999928],[-66.88562039999994,-29.458734619999973],[-66.88527063999999,-29.459648089999973],[-66.88479755999998,-29.460368419999952],[-66.88419527999997,-29.461049009999954],[-66.88357170999996,-29.461653059999946],[-66.88359466999998,-29.462279879999983],[-66.88354189999995,-29.462970349999978],[-66.88335936999994,-29.463914269999975],[-66.88319158999997,-29.464537839999934],[-66.88263679999994,-29.464992579999944],[-66.88195817999997,-29.465195549999976],[-66.88153304999997,-29.465505079999957],[-66.88091927999994,-29.466054929999927],[-66.88047221999994,-29.466572089999943],[-66.88011981999995,-29.467187869999975],[-66.88005032999996,-29.467855889999953],[-66.88010232999994,-29.468505069999935],[-66.88072118999997,-29.468541569999957],[-66.88367073999996,-29.46927077999993],[-66.88513236999995,-29.469603869999958],[-66.88656641999995,-29.469964189999928],[-66.88777197999997,-29.470249339999953],[-66.88921119999998,-29.470609599999932],[-66.89068329999998,-29.47095608999996],[-66.89173912999996,-29.47121063999998],[-66.89251167999998,-29.471372349999967],[-66.89407661999996,-29.47172268999998],[-66.89407142999994,-29.471483659999933],[-66.89406171999997,-29.47096500999993],[-66.89403310999995,-29.470288619999963],[-66.89400643999994,-29.469598679999933],[-66.89397980999996,-29.468913249999957],[-66.89395344999997,-29.468259389999957],[-66.89392879999997,-29.46756492999998],[-66.89390212999996,-29.46687498999995],[-66.89388335999996,-29.466144399999962],[-66.89380654999997,-29.464791739999953],[-66.89375769999998,-29.46298332999993],[-66.89344580999995,-29.45386050999997],[-66.89343931999997,-29.453707189999932],[-66.89333238999996,-29.45267949999993],[-66.89318844999997,-29.451309239999944],[-66.89305347999994,-29.450020119999976],[-66.89289349999996,-29.448465039999974],[-66.89272147999998,-29.446828849999974],[-66.89247044999996,-29.44487743999997]]]}},{"type":"Feature","properties":{"radio_id":"460141711","population":1040,"population_density":1373.2333964305199,"households":308,"dwellings":362,"area_km2":0.7573366644761904,"demographic_residential_component":0.7642585551330798,"density_component":0.1482889733840304,"territorial_context_score":0.45627376425855515,"percentile":40.3041825095057,"relative_level":"low"},"geometry":{"type":"Polygon","coordinates":[[[-66.88720305999993,-29.45072228999993],[-66.88642089999996,-29.452044599999965],[-66.88607254999994,-29.45264230999993],[-66.88571201999997,-29.45326265999995],[-66.88535652999997,-29.453869449999956],[-66.88497018999993,-29.454485459999944],[-66.88463513999994,-29.45507405999996],[-66.88453160999995,-29.455259679999983],[-66.88421852999994,-29.45576694999994],[-66.88385627999997,-29.456427899999937],[-66.88350040999995,-29.456994089999966],[-66.88310068999994,-29.457614689999957],[-66.88254205999993,-29.458574639999938],[-66.88184880999995,-29.45827251999998],[-66.88114814999994,-29.45794787999995],[-66.88050334999997,-29.457645429999957],[-66.87986679999995,-29.457342919999974],[-66.87925411999998,-29.457058289999964],[-66.87900057999997,-29.45694268999995],[-66.87825557999997,-29.45816997999998],[-66.87754224999998,-29.459365479999974],[-66.87721206999998,-29.45992696999997],[-66.87709218999998,-29.460130729999946],[-66.87676493999999,-29.46067415999994],[-66.87640622999999,-29.46127642999994],[-66.87607416999998,-29.461860489999935],[-66.87570327999998,-29.462485389999983],[-66.87511553999997,-29.463427459999934],[-66.87536405999998,-29.46355662999997],[-66.87597756999998,-29.463814209999953],[-66.87734040999999,-29.46441866999993],[-66.87869589999997,-29.465005129999952],[-66.88000000999995,-29.46560994999993],[-66.88091927999994,-29.466054929999927],[-66.88153304999997,-29.465505079999957],[-66.88195817999997,-29.465195549999976],[-66.88263679999994,-29.464992579999944],[-66.88319158999997,-29.464537839999934],[-66.88335936999994,-29.463914269999975],[-66.88354189999995,-29.462970349999978],[-66.88359466999998,-29.462279879999983],[-66.88357170999996,-29.461653059999946],[-66.88419527999997,-29.461049009999954],[-66.88479755999998,-29.460368419999952],[-66.88527063999999,-29.459648089999973],[-66.88562039999994,-29.458734619999973],[-66.88610052999996,-29.457878919999928],[-66.88646741999997,-29.457159299999944],[-66.88646977999997,-29.455652739999948],[-66.88688167999999,-29.45465766999996],[-66.88749247999993,-29.45436942999993],[-66.88789253999994,-29.45355485999994],[-66.88775251999994,-29.45262660999998],[-66.88813008999995,-29.45183473999998],[-66.88720305999993,-29.45072228999993]]]}},{"type":"Feature","properties":{"radio_id":"460141712","population":1078,"population_density":8354.02895470247,"households":273,"dwellings":266,"area_km2":0.12903953360051446,"demographic_residential_component":0.6121673003802282,"density_component":0.935361216730038,"territorial_context_score":0.7737642585551331,"percentile":90.49429657794677,"relative_level":"high"},"geometry":{"type":"Polygon","coordinates":[[[-66.87572201999996,-29.45542617999996],[-66.87536676999997,-29.456069019999973],[-66.87498855999996,-29.456680439999957],[-66.87463306999996,-29.457296219999932],[-66.87429279999998,-29.457884829999955],[-66.87560191999995,-29.458485159999952],[-66.87527886999999,-29.459037579999972],[-66.87513946999997,-29.45925048999993],[-66.87647441999997,-29.459855149999953],[-66.87709218999998,-29.460130729999946],[-66.87721206999998,-29.45992696999997],[-66.87754224999998,-29.459365479999974],[-66.87825557999997,-29.45816997999998],[-66.87900057999997,-29.45694268999995],[-66.87840561999997,-29.45668048999994],[-66.87769146999995,-29.456342399999983],[-66.87707561999997,-29.45604875999993],[-66.87702385999995,-29.45602202999993],[-66.87642889999995,-29.455759829999977],[-66.87572201999996,-29.45542617999996]]]}},{"type":"Feature","properties":{"radio_id":"460141713","population":955,"population_density":8461.979674752829,"households":248,"dwellings":243,"area_km2":0.11285775157902339,"demographic_residential_component":0.5082382762991128,"density_component":0.9505703422053232,"territorial_context_score":0.729404309252218,"percentile":85.17110266159695,"relative_level":"high"},"geometry":{"type":"Polygon","coordinates":[[[-66.87441618999998,-29.45484387999994],[-66.87404737999998,-29.455468759999974],[-66.87270746999997,-29.45487763999995],[-66.87236734999993,-29.45548428999996],[-66.87201199999998,-29.456118109999977],[-66.87171275999998,-29.456683889999965],[-66.87160935999998,-29.45688753999997],[-66.87165669999996,-29.456999999999937],[-66.87171653999997,-29.457125899999937],[-66.87196651999994,-29.457670049999933],[-66.87256684999994,-29.45795930999998],[-66.87251104999996,-29.458063409999966],[-66.87386126999996,-29.458649959999946],[-66.87513946999997,-29.45925048999993],[-66.87527886999999,-29.459037579999972],[-66.87560191999995,-29.458485159999952],[-66.87429279999998,-29.457884829999955],[-66.87463306999996,-29.457296219999932],[-66.87498855999996,-29.456680439999957],[-66.87536676999997,-29.456069019999973],[-66.87572201999996,-29.45542617999996],[-66.87505468999996,-29.45513737999994],[-66.87441618999998,-29.45484387999994]]]}},{"type":"Feature","properties":{"radio_id":"460141801","population":1201,"population_density":6347.93332997034,"households":328,"dwellings":337,"area_km2":0.18919543378468523,"demographic_residential_component":0.7972116603295311,"density_component":0.7984790874524715,"territorial_context_score":0.7978453738910013,"percentile":92.01520912547528,"relative_level":"high"},"geometry":{"type":"Polygon","coordinates":[[[-66.87251104999996,-29.458063409999966],[-66.87214663999998,-29.458602559999974],[-66.87191791999999,-29.458978439999953],[-66.87179615999997,-29.45920476999993],[-66.87151674999996,-29.45968020999993],[-66.87145086999993,-29.45981144999996],[-66.87109320999997,-29.460418209999943],[-66.87173699999994,-29.46072522999998],[-66.87242306999997,-29.461031959999957],[-66.87192535999998,-29.461896749999937],[-66.87325550999998,-29.462542069999984],[-66.87448217999997,-29.463138429999958],[-66.87511553999997,-29.463427459999934],[-66.87570327999998,-29.462485389999983],[-66.87607416999998,-29.461860489999935],[-66.87640622999999,-29.46127642999994],[-66.87676493999999,-29.46067415999994],[-66.87709218999998,-29.460130729999946],[-66.87647441999997,-29.459855149999953],[-66.87513946999997,-29.45925048999993],[-66.87386126999996,-29.458649959999946],[-66.87251104999996,-29.458063409999966]]]}},{"type":"Feature","properties":{"radio_id":"460141802","population":1162,"population_density":6828.005184159912,"households":329,"dwellings":366,"area_km2":0.1701814759449348,"demographic_residential_component":0.8174904942965778,"density_component":0.870722433460076,"territorial_context_score":0.8441064638783269,"percentile":94.67680608365019,"relative_level":"high"},"geometry":{"type":"Polygon","coordinates":[[[-66.86827281999996,-29.45944430999998],[-66.86736630999997,-29.459756939999977],[-66.86760344999993,-29.460368829999936],[-66.86787697999995,-29.461016579999978],[-66.86725202999997,-29.461228139999946],[-66.86683063999993,-29.46137521999998],[-66.86610379999996,-29.461605479999946],[-66.86523706999998,-29.461872739999933],[-66.86652892999996,-29.46250483999995],[-66.86784527999998,-29.463105189999965],[-66.86916243999997,-29.463678459999983],[-66.86953367999996,-29.46308965999998],[-66.86989464999994,-29.462505439999973],[-66.87024479999997,-29.461862639999936],[-66.87056436999995,-29.461260639999978],[-66.87109320999997,-29.460418209999943],[-66.87145086999993,-29.45981144999996],[-66.87151674999996,-29.45968020999993],[-66.87179615999997,-29.45920476999993],[-66.87191791999999,-29.458978439999953],[-66.87214663999998,-29.458602559999974],[-66.87251104999996,-29.458063409999966],[-66.87220267999999,-29.458164669999974],[-66.87106693999993,-29.458550999999943],[-66.87030313999998,-29.458795049999935],[-66.86923388999998,-29.459122289999982],[-66.86827281999996,-29.45944430999998]]]}},{"type":"Feature","properties":{"radio_id":"460141803","population":639,"population_density":6266.069689806185,"households":190,"dwellings":212,"area_km2":0.10197779974256316,"demographic_residential_component":0.19264892268694547,"density_component":0.7908745247148289,"territorial_context_score":0.49176172370088717,"percentile":47.14828897338403,"relative_level":"low"},"geometry":{"type":"Polygon","coordinates":[[[-66.87109320999997,-29.460418209999943],[-66.87056436999995,-29.461260639999978],[-66.87024479999997,-29.461862639999936],[-66.86989464999994,-29.462505439999973],[-66.86953367999996,-29.46308965999998],[-66.86916243999997,-29.463678459999983],[-66.87050751999993,-29.464260559999957],[-66.87182196999998,-29.464874419999944],[-66.87214719999997,-29.464331019999975],[-66.87250005999994,-29.46376487999993],[-66.87289658999998,-29.463121779999938],[-66.87325550999998,-29.462542069999984],[-66.87192535999998,-29.461896749999937],[-66.87242306999997,-29.461031959999957],[-66.87173699999994,-29.46072522999998],[-66.87109320999997,-29.460418209999943]]]}},{"type":"Feature","properties":{"radio_id":"460141804","population":1326,"population_density":4695.3612297118725,"households":375,"dwellings":396,"area_km2":0.28240638688439507,"demographic_residential_component":0.9112801013941697,"density_component":0.5665399239543726,"territorial_context_score":0.7389100126742711,"percentile":87.45247148288973,"relative_level":"high"},"geometry":{"type":"Polygon","coordinates":[[[-66.86496463999998,-29.461960209999972],[-66.86466711999998,-29.461763669999982],[-66.86439430999997,-29.461806039999942],[-66.86445004999996,-29.462058269999943],[-66.86444340999998,-29.462491329999978],[-66.86438023999995,-29.463186379999968],[-66.86432431999998,-29.463885879999964],[-66.86418470999996,-29.46444158999998],[-66.86403952999996,-29.46531307999993],[-66.86401513999994,-29.46547561999995],[-66.86434797999993,-29.465459929999952],[-66.86585445999998,-29.46538247999996],[-66.86599741999999,-29.466071669999963],[-66.86629905999996,-29.46675080999995],[-66.86653135999995,-29.46739881999997],[-66.86707548999993,-29.467377229999954],[-66.86849964999993,-29.46731381999996],[-66.86853469999994,-29.467435379999984],[-66.86890557999993,-29.467405889999952],[-66.86888070999998,-29.467270739999947],[-66.87010495999994,-29.467217629999936],[-66.87129720999997,-29.467160219999982],[-66.87124305999998,-29.466492999999957],[-66.87122940999996,-29.465861609999934],[-66.87136648999996,-29.46561713999995],[-66.87173061999994,-29.465041909999968],[-66.87182196999998,-29.464874419999944],[-66.87050751999993,-29.464260559999957],[-66.86916243999997,-29.463678459999983],[-66.86784527999998,-29.463105189999965],[-66.86652892999996,-29.46250483999995],[-66.86523706999998,-29.461872739999933],[-66.86496463999998,-29.461960209999972]]]}},{"type":"Feature","properties":{"radio_id":"460141805","population":520,"population_density":3934.0143853204313,"households":159,"dwellings":166,"area_km2":0.1321805029336834,"demographic_residential_component":0.07984790874524715,"density_component":0.4524714828897338,"territorial_context_score":0.2661596958174905,"percentile":15.209125475285171,"relative_level":"very_low"},"geometry":{"type":"Polygon","coordinates":[[[-66.87325550999998,-29.462542069999984],[-66.87289658999998,-29.463121779999938],[-66.87250005999994,-29.46376487999993],[-66.87214719999997,-29.464331019999975],[-66.87182196999998,-29.464874419999944],[-66.87311584999998,-29.465492909999966],[-66.87374414999994,-29.465790999999967],[-66.87399044999995,-29.46590213999997],[-66.87464249999994,-29.466204579999953],[-66.87506160999993,-29.466391269999974],[-66.87596691999994,-29.466773229999944],[-66.87627856999995,-29.46621185999993],[-66.87662388999996,-29.465609679999943],[-66.87699802999998,-29.46500279999998],[-66.87734040999999,-29.46441866999993],[-66.87597756999998,-29.463814209999953],[-66.87536405999998,-29.46355662999997],[-66.87511553999997,-29.463427459999934],[-66.87448217999997,-29.463138429999958],[-66.87325550999998,-29.462542069999984]]]}},{"type":"Feature","properties":{"radio_id":"460141806","population":832,"population_density":7190.96294081265,"households":241,"dwellings":239,"area_km2":0.11570077705142168,"demographic_residential_component":0.41951837769328265,"density_component":0.8973384030418251,"territorial_context_score":0.6584283903675539,"percentile":78.70722433460075,"relative_level":"high"},"geometry":{"type":"Polygon","coordinates":[[[-66.87596691999994,-29.466773229999944],[-66.87730394999994,-29.46736883999995],[-66.87862319999994,-29.467932979999944],[-66.87960115999994,-29.46836855999993],[-66.88010232999994,-29.468505069999935],[-66.88005032999996,-29.467855889999953],[-66.88011981999995,-29.467187869999975],[-66.88047221999994,-29.466572089999943],[-66.88091927999994,-29.466054929999927],[-66.88000000999995,-29.46560994999993],[-66.87869589999997,-29.465005129999952],[-66.87734040999999,-29.46441866999993],[-66.87699802999998,-29.46500279999998],[-66.87662388999996,-29.465609679999943],[-66.87627856999995,-29.46621185999993],[-66.87596691999994,-29.466773229999944]]]}},{"type":"Feature","properties":{"radio_id":"460141807","population":1331,"population_density":2634.545615963708,"households":389,"dwellings":415,"area_km2":0.5052104590389204,"demographic_residential_component":0.9404309252217997,"density_component":0.2813688212927757,"territorial_context_score":0.6108998732572877,"percentile":71.86311787072243,"relative_level":"medium"},"geometry":{"type":"Polygon","coordinates":[[[-66.86401513999994,-29.46547561999995],[-66.86394382999998,-29.46618424999997],[-66.86371430999998,-29.46768776999994],[-66.86370278999993,-29.467787079999937],[-66.86390022999996,-29.46918858999993],[-66.86402557999997,-29.46999065999995],[-66.86409091999997,-29.47040069999997],[-66.86419427999994,-29.471040529999982],[-66.86431661999995,-29.471851649999962],[-66.86436278999997,-29.47206785999998],[-66.86813556999994,-29.472981499999946],[-66.86901180999996,-29.47321483999997],[-66.86954604999994,-29.473360199999945],[-66.86979184999996,-29.473169149999933],[-66.87104407999993,-29.473124879999943],[-66.87170567999993,-29.473936959999946],[-66.87249895999997,-29.474112179999963],[-66.87231864999995,-29.47352247999993],[-66.87202611999999,-29.472829769999976],[-66.87185324999996,-29.472145289999958],[-66.87174681999994,-29.471514499999955],[-66.87164289999998,-29.47081603999993],[-66.87155887999995,-29.469670899999983],[-66.87146168999993,-29.468913759999964],[-66.87137246999998,-29.46812498999998],[-66.87130745999997,-29.467394699999943],[-66.87129720999997,-29.467160219999982],[-66.87010495999994,-29.467217629999936],[-66.86888070999998,-29.467270739999947],[-66.86890557999993,-29.467405889999952],[-66.86853469999994,-29.467435379999984],[-66.86849964999993,-29.46731381999996],[-66.86707548999993,-29.467377229999954],[-66.86653135999995,-29.46739881999997],[-66.86629905999996,-29.46675080999995],[-66.86599741999999,-29.466071669999963],[-66.86585445999998,-29.46538247999996],[-66.86434797999993,-29.465459929999952],[-66.86401513999994,-29.46547561999995]]]}},{"type":"Feature","properties":{"radio_id":"460141808","population":1399,"population_density":2406.3541044606254,"households":382,"dwellings":404,"area_km2":0.5813774445775428,"demographic_residential_component":0.9290240811153359,"density_component":0.24714828897338403,"territorial_context_score":0.5880861850443599,"percentile":66.92015209125475,"relative_level":"medium"},"geometry":{"type":"Polygon","coordinates":[[[-66.87182196999998,-29.464874419999944],[-66.87173061999994,-29.465041909999968],[-66.87136648999996,-29.46561713999995],[-66.87122940999996,-29.465861609999934],[-66.87124305999998,-29.466492999999957],[-66.87129720999997,-29.467160219999982],[-66.87130745999997,-29.467394699999943],[-66.87137246999998,-29.46812498999998],[-66.87146168999993,-29.468913759999964],[-66.87155887999995,-29.469670899999983],[-66.87164289999998,-29.47081603999993],[-66.87174681999994,-29.471514499999955],[-66.87185324999996,-29.472145289999958],[-66.87348355999995,-29.47207144999993],[-66.87375658999997,-29.472051609999937],[-66.87546680999998,-29.471918589999973],[-66.87718561999998,-29.47182607999997],[-66.87723767999995,-29.472484279999946],[-66.87728687999999,-29.473169569999982],[-66.87736795999996,-29.473845619999963],[-66.87735281999994,-29.47424264999995],[-66.87719574999994,-29.474559429999942],[-66.87707998999997,-29.474884949999932],[-66.87822902999994,-29.474827759999982],[-66.87856366999995,-29.475614899999982],[-66.88010979999996,-29.476173019999976],[-66.87996531999994,-29.47376982999998],[-66.87973249999999,-29.472476829999948],[-66.87961119999994,-29.47156198999994],[-66.87978797999995,-29.470902269999954],[-66.87990393999996,-29.47024295999995],[-66.88010232999994,-29.468505069999935],[-66.87960115999994,-29.46836855999993],[-66.87862319999994,-29.467932979999944],[-66.87730394999994,-29.46736883999995],[-66.87596691999994,-29.466773229999944],[-66.87506160999993,-29.466391269999974],[-66.87464249999994,-29.466204579999953],[-66.87399044999995,-29.46590213999997],[-66.87374414999994,-29.465790999999967],[-66.87311584999998,-29.465492909999966],[-66.87182196999998,-29.464874419999944]]]}},{"type":"Feature","properties":{"radio_id":"460141809","population":1180,"population_density":2977.937647376638,"households":382,"dwellings":407,"area_km2":0.3962473831644865,"demographic_residential_component":0.9150823827629911,"density_component":0.30038022813688214,"territorial_context_score":0.6077313054499367,"percentile":70.72243346007605,"relative_level":"medium"},"geometry":{"type":"Polygon","coordinates":[[[-66.88010232999994,-29.468505069999935],[-66.87990393999996,-29.47024295999995],[-66.87978797999995,-29.470902269999954],[-66.87961119999994,-29.47156198999994],[-66.87973249999999,-29.472476829999948],[-66.87996531999994,-29.47376982999998],[-66.88010979999996,-29.476173019999976],[-66.88064063999997,-29.476160479999976],[-66.88147306999997,-29.47644815999996],[-66.88288523999995,-29.47677257999993],[-66.88436786999995,-29.477137109999944],[-66.88457134999999,-29.476468189999935],[-66.88479941999998,-29.475781069999982],[-66.88501569999994,-29.47516167999993],[-66.88523653999994,-29.47447459999995],[-66.88541427999996,-29.473810369999967],[-66.88393902999996,-29.47345932999997],[-66.88414979999993,-29.47279937999997],[-66.88434823999995,-29.47214402999998],[-66.88453533999996,-29.471488749999935],[-66.88471838999993,-29.470842519999962],[-66.88492593999996,-29.47016906999994],[-66.88513236999995,-29.469603869999958],[-66.88367073999996,-29.46927077999993],[-66.88072118999997,-29.468541569999957],[-66.88010232999994,-29.468505069999935]]]}},{"type":"Feature","properties":{"radio_id":"460141810","population":1296,"population_density":4365.157151514595,"households":413,"dwellings":415,"area_km2":0.2968965274366633,"demographic_residential_component":0.9480354879594423,"density_component":0.5095057034220533,"territorial_context_score":0.7287705956907478,"percentile":84.79087452471484,"relative_level":"high"},"geometry":{"type":"Polygon","coordinates":[[[-66.88513236999995,-29.469603869999958],[-66.88492593999996,-29.47016906999994],[-66.88471838999993,-29.470842519999962],[-66.88453533999996,-29.471488749999935],[-66.88434823999995,-29.47214402999998],[-66.88579128999999,-29.47246821999994],[-66.88702609999996,-29.472793769999953],[-66.88845515999998,-29.47316763999993],[-66.88985226999995,-29.47354169999994],[-66.88964438999994,-29.474174569999946],[-66.89119071999994,-29.474516049999977],[-66.89262850999995,-29.474470329999974],[-66.89415182999994,-29.47441950999996],[-66.89411698999999,-29.473738639999965],[-66.89407928999998,-29.47296758999994],[-66.89407661999996,-29.47172268999998],[-66.89251167999998,-29.471372349999967],[-66.89173912999996,-29.47121063999998],[-66.89068329999998,-29.47095608999996],[-66.88921119999998,-29.470609599999932],[-66.88777197999997,-29.470249339999953],[-66.88656641999995,-29.469964189999928],[-66.88513236999995,-29.469603869999958]]]}},{"type":"Feature","properties":{"radio_id":"460141811","population":956,"population_density":3753.7527683516037,"households":334,"dwellings":371,"area_km2":0.2546784668559328,"demographic_residential_component":0.7870722433460076,"density_component":0.4296577946768061,"territorial_context_score":0.6083650190114068,"percentile":71.10266159695817,"relative_level":"medium"},"geometry":{"type":"Polygon","coordinates":[[[-66.89415182999994,-29.47441950999996],[-66.89262850999995,-29.474470329999974],[-66.89119071999994,-29.474516049999977],[-66.88964438999994,-29.474174569999946],[-66.88944398999996,-29.47483896999995],[-66.88923832999996,-29.475489869999933],[-66.88902440999993,-29.476140819999955],[-66.88882698999998,-29.476791659999947],[-66.88865227999997,-29.47744685999993],[-66.88842637999994,-29.478142999999932],[-66.88974571999995,-29.47845893999994],[-66.89117490999996,-29.478837289999944],[-66.89435405999996,-29.479605309999954],[-66.89426557999997,-29.477982099999963],[-66.89424587999997,-29.47726504999997],[-66.89420147999994,-29.476552669999933],[-66.89418189999998,-29.47584915999994],[-66.89417846999999,-29.475104939999937],[-66.89415182999994,-29.47441950999996]]]}},{"type":"Feature","properties":{"radio_id":"460141812","population":1193,"population_density":4984.505342167652,"households":416,"dwellings":415,"area_km2":0.23934170356033574,"demographic_residential_component":0.9404309252217997,"density_component":0.6159695817490495,"territorial_context_score":0.7782002534854247,"percentile":91.25475285171103,"relative_level":"high"},"geometry":{"type":"Polygon","coordinates":[[[-66.88434823999995,-29.47214402999998],[-66.88414979999993,-29.47279937999997],[-66.88393902999996,-29.47345932999997],[-66.88541427999996,-29.473810369999967],[-66.88523653999994,-29.47447459999995],[-66.88501569999994,-29.47516167999993],[-66.88479941999998,-29.475781069999982],[-66.88457134999999,-29.476468189999935],[-66.88436786999995,-29.477137109999944],[-66.88557469999995,-29.477440309999963],[-66.88694902999998,-29.47779651999997],[-66.88842637999994,-29.478142999999932],[-66.88865227999997,-29.47744685999993],[-66.88882698999998,-29.476791659999947],[-66.88902440999993,-29.476140819999955],[-66.88923832999996,-29.475489869999933],[-66.88944398999996,-29.47483896999995],[-66.88964438999994,-29.474174569999946],[-66.88985226999995,-29.47354169999994],[-66.88845515999998,-29.47316763999993],[-66.88702609999996,-29.472793769999953],[-66.88579128999999,-29.47246821999994],[-66.88434823999995,-29.47214402999998]]]}},{"type":"Feature","properties":{"radio_id":"460141813","population":1088,"population_density":249.0498591727999,"households":322,"dwellings":320,"area_km2":4.368603152853445,"demographic_residential_component":0.7541191381495564,"density_component":0.053231939163498096,"territorial_context_score":0.4036755386565273,"percentile":31.55893536121673,"relative_level":"low"},"geometry":{"type":"Polygon","coordinates":[[[-66.87718561999998,-29.47182607999997],[-66.87546680999998,-29.471918589999973],[-66.87375658999997,-29.472051609999937],[-66.87348355999995,-29.47207144999993],[-66.87185324999996,-29.472145289999958],[-66.87202611999999,-29.472829769999976],[-66.87231864999995,-29.47352247999993],[-66.87249895999997,-29.474112179999963],[-66.87170567999993,-29.473936959999946],[-66.87104407999993,-29.473124879999943],[-66.86979184999996,-29.473169149999933],[-66.86954604999994,-29.473360199999945],[-66.86901180999996,-29.47321483999997],[-66.86813556999994,-29.472981499999946],[-66.86436278999997,-29.47206785999998],[-66.86465448999996,-29.474005519999935],[-66.86472318999995,-29.47444710999997],[-66.86475595999997,-29.47466339999994],[-66.86482801999995,-29.475258329999974],[-66.86486685999995,-29.47558283999996],[-66.86490252999994,-29.475898349999966],[-66.86501147999996,-29.476587759999973],[-66.86520994999995,-29.47774118999996],[-66.86548991999996,-29.47950751999997],[-66.86577776999997,-29.481228689999966],[-66.86592216999998,-29.482084759999964],[-66.86611493999999,-29.483292339999934],[-66.86620767999995,-29.483891649999975],[-66.86668196999995,-29.487163239999973],[-66.86707853999997,-29.489537729999938],[-66.86729271999997,-29.490835379999965],[-66.86785705999995,-29.494742369999983],[-66.86790102999998,-29.495062339999947],[-66.86796650999997,-29.495485909999957],[-66.86813040999994,-29.49656736999998],[-66.86839030999994,-29.498022589999948],[-66.86888259999995,-29.499760459999948],[-66.86890065999995,-29.499823489999983],[-66.86893534999996,-29.499899939999978],[-66.86899985999997,-29.499967179999942],[-66.86910370999993,-29.50005219999997],[-66.86917920999997,-29.50007876999996],[-66.87005905999996,-29.50046543999997],[-66.87082638999993,-29.500717519999966],[-66.87114158999998,-29.500796649999984],[-66.87205661999997,-29.501074809999977],[-66.87511564999994,-29.50183955999995],[-66.87620892999996,-29.502098479999972],[-66.87704807999995,-29.50230494999994],[-66.87752495999996,-29.502594989999977],[-66.87866911999998,-29.50372860999994],[-66.88035526999994,-29.50552167999996],[-66.88070549999998,-29.506308709999928],[-66.88182649999999,-29.509282759999962],[-66.88225796999996,-29.50992039999994],[-66.88315971999998,-29.509607699999947],[-66.88332257999997,-29.50959758999994],[-66.88367499999998,-29.50956367999993],[-66.88431458999997,-29.509821039999963],[-66.88467916999997,-29.50999902999996],[-66.88484471999993,-29.510061079999957],[-66.88513362999998,-29.510077199999955],[-66.88532346999995,-29.50996767999993],[-66.88548713999995,-29.509813229999963],[-66.88582737999997,-29.50980194999994],[-66.88614980999995,-29.509759199999962],[-66.88639604999997,-29.50961321999995],[-66.88657689999997,-29.509418059999973],[-66.88676892999996,-29.509204789999956],[-66.88698628999998,-29.50905899999998],[-66.88719236999998,-29.508683249999933],[-66.87875168999994,-29.49477909999996],[-66.87812333999995,-29.492464809999944],[-66.87802216999995,-29.489939559999982],[-66.87810367999998,-29.488391899999954],[-66.87858503999996,-29.487058099999956],[-66.87903512999998,-29.485805699999958],[-66.87823746999999,-29.48441719999994],[-66.87879599999997,-29.483425689999933],[-66.87952874999996,-29.48147678999993],[-66.88021807999996,-29.480948999999953],[-66.88037476999995,-29.47999171999993],[-66.88032264999998,-29.479329009999958],[-66.88023761999995,-29.47784108999997],[-66.88010979999996,-29.476173019999976],[-66.87856366999995,-29.475614899999982],[-66.87822902999994,-29.474827759999982],[-66.87707998999997,-29.474884949999932],[-66.87719574999994,-29.474559429999942],[-66.87735281999994,-29.47424264999995],[-66.87736795999996,-29.473845619999963],[-66.87728687999999,-29.473169569999982],[-66.87723767999995,-29.472484279999946],[-66.87718561999998,-29.47182607999997]]]}},{"type":"Feature","properties":{"radio_id":"460141901","population":939,"population_density":3898.0013355614415,"households":333,"dwellings":336,"area_km2":0.24089268298435634,"demographic_residential_component":0.7389100126742711,"density_component":0.4448669201520912,"territorial_context_score":0.5918884664131812,"percentile":68.44106463878326,"relative_level":"medium"},"geometry":{"type":"Polygon","coordinates":[[[-66.84170144999996,-29.415713009999934],[-66.84091490999998,-29.415668359999984],[-66.84088748999994,-29.416092529999958],[-66.84087981999994,-29.416412839999964],[-66.84087494999994,-29.416697039999974],[-66.84086761999998,-29.41705793999995],[-66.84083301999993,-29.417861049999942],[-66.84071991999997,-29.419142789999967],[-66.84065575999995,-29.419860379999932],[-66.84209430999994,-29.419995639999968],[-66.84271617999997,-29.420059369999933],[-66.84325756999993,-29.420110069999964],[-66.84380116999995,-29.420178799999974],[-66.84457964999996,-29.420241519999934],[-66.84507463999995,-29.42028799999997],[-66.84567582999995,-29.42034282999998],[-66.84602633999998,-29.420363149999957],[-66.84617028999998,-29.419455599999935],[-66.84626293999997,-29.418823519999933],[-66.84631448999994,-29.41845331999997],[-66.84638474999997,-29.41797925999998],[-66.84641220999998,-29.41781218999995],[-66.84651497999994,-29.41690940999996],[-66.84660063999996,-29.416304439999976],[-66.84647890999997,-29.416287169999976],[-66.84628811999994,-29.41626582999993],[-66.84581695999998,-29.41623273999994],[-66.84345642999995,-29.416116889999955],[-66.84168087999996,-29.416092039999967],[-66.84170144999996,-29.415713009999934]]]}},{"type":"Feature","properties":{"radio_id":"460141902","population":936,"population_density":6148.0506651538035,"households":283,"dwellings":315,"area_km2":0.15224337777583757,"demographic_residential_component":0.6451204055766794,"density_component":0.7718631178707225,"territorial_context_score":0.708491761723701,"percentile":84.03041825095056,"relative_level":"high"},"geometry":{"type":"Polygon","coordinates":[[[-66.84091490999998,-29.415668359999984],[-66.83968826999995,-29.41560843999997],[-66.83937177999996,-29.415587879999975],[-66.83866566999995,-29.415551729999947],[-66.83843060999993,-29.41553516999994],[-66.83805736999994,-29.415505939999946],[-66.83763464999998,-29.415472509999972],[-66.83758784999998,-29.41579756999994],[-66.83754414999999,-29.416122619999953],[-66.83740785999998,-29.417093259999945],[-66.83736003999996,-29.417544629999952],[-66.83730139999994,-29.418812489999937],[-66.83726311999999,-29.41954795999993],[-66.83760140999993,-29.41958642999998],[-66.83827902999997,-29.41966335999996],[-66.83949563999994,-29.419750419999957],[-66.84028239999998,-29.419817629999955],[-66.84065575999995,-29.419860379999932],[-66.84071991999997,-29.419142789999967],[-66.84083301999993,-29.417861049999942],[-66.84086761999998,-29.41705793999995],[-66.84087494999994,-29.416697039999974],[-66.84087981999994,-29.416412839999964],[-66.84088748999994,-29.416092529999958],[-66.84091490999998,-29.415668359999984]]]}},{"type":"Feature","properties":{"radio_id":"460141903","population":1389,"population_density":8131.521441247733,"households":433,"dwellings":442,"area_km2":0.17081674198806102,"demographic_residential_component":0.9695817490494297,"density_component":0.9277566539923955,"territorial_context_score":0.9486692015209126,"percentile":98.85931558935361,"relative_level":"high"},"geometry":{"type":"Polygon","coordinates":[[[-66.84602633999998,-29.420363149999957],[-66.84567582999995,-29.42034282999998],[-66.84507463999995,-29.42028799999997],[-66.84457964999996,-29.420241519999934],[-66.84380116999995,-29.420178799999974],[-66.84325756999993,-29.420110069999964],[-66.84271617999997,-29.420059369999933],[-66.84209430999994,-29.419995639999968],[-66.84200605999996,-29.421164449999935],[-66.84198176999996,-29.421593119999955],[-66.84197220999994,-29.42168338999994],[-66.84195275999997,-29.421823339999946],[-66.84192791999993,-29.42231064999993],[-66.84190284999994,-29.422644599999956],[-66.84189369999996,-29.42278447999996],[-66.84187251999998,-29.423339429999942],[-66.84181929999994,-29.42413363999998],[-66.84234848999995,-29.424202459999947],[-66.84246765999995,-29.42428289999998],[-66.84283595999995,-29.424334699999974],[-66.84374050999998,-29.424310929999933],[-66.84401386999997,-29.424345279999955],[-66.84508829999999,-29.42442867999995],[-66.84544725999996,-29.424471509999933],[-66.84560005999998,-29.42363606999993],[-66.84569798999996,-29.422769409999944],[-66.84587608999993,-29.42150529999998],[-66.84599987999997,-29.42065199999996],[-66.84601353999994,-29.420435399999974],[-66.84602633999998,-29.420363149999957]]]}},{"type":"Feature","properties":{"radio_id":"460141904","population":738,"population_density":6665.988146973925,"households":204,"dwellings":203,"area_km2":0.11071126796632853,"demographic_residential_component":0.2623574144486692,"density_component":0.844106463878327,"territorial_context_score":0.5532319391634981,"percentile":58.55513307984791,"relative_level":"medium"},"geometry":{"type":"Polygon","coordinates":[[[-66.84065575999995,-29.419860379999932],[-66.84028239999998,-29.419817629999955],[-66.83949563999994,-29.419750419999957],[-66.83827902999997,-29.41966335999996],[-66.83760140999993,-29.41958642999998],[-66.83726311999999,-29.41954795999993],[-66.83724150999996,-29.420305889999952],[-66.83723067999995,-29.420869789999983],[-66.83719441999995,-29.42147443999994],[-66.83734599999997,-29.421487019999972],[-66.83751420999994,-29.421517539999968],[-66.83818966999996,-29.421580949999964],[-66.83861443999996,-29.42160984999998],[-66.83927933999996,-29.421641749999935],[-66.84019468999998,-29.421681079999928],[-66.84019946999996,-29.42163594999994],[-66.84053459999996,-29.421665409999946],[-66.84052194999998,-29.42175569999995],[-66.84050235999996,-29.422130209999978],[-66.84046721999994,-29.42261757999995],[-66.84190284999994,-29.422644599999956],[-66.84192791999993,-29.42231064999993],[-66.84195275999997,-29.421823339999946],[-66.84197220999994,-29.42168338999994],[-66.84198176999996,-29.421593119999955],[-66.84200605999996,-29.421164449999935],[-66.84209430999994,-29.419995639999968],[-66.84065575999995,-29.419860379999932]]]}},{"type":"Feature","properties":{"radio_id":"460141905","population":1271,"population_density":7206.75806768882,"households":369,"dwellings":366,"area_km2":0.1763622405611855,"demographic_residential_component":0.8732572877059569,"density_component":0.9011406844106464,"territorial_context_score":0.8871989860583016,"percentile":96.57794676806084,"relative_level":"high"},"geometry":{"type":"Polygon","coordinates":[[[-66.83736003999996,-29.417544629999952],[-66.83690892999994,-29.417443719999937],[-66.83554949999996,-29.417276329999936],[-66.83545482999995,-29.417921949999936],[-66.83479489999996,-29.417862939999964],[-66.83476391999994,-29.41848559999994],[-66.83474895999996,-29.419175819999964],[-66.83360617999995,-29.419043149999936],[-66.83246137999998,-29.418914989999962],[-66.83179620999994,-29.418846969999947],[-66.83155381999995,-29.418816909999975],[-66.83144881999993,-29.419462589999966],[-66.83135331999995,-29.419756379999967],[-66.83184350999994,-29.420226939999964],[-66.83109798999993,-29.420669119999957],[-66.83103947999996,-29.42082284999998],[-66.83218742999998,-29.420955509999942],[-66.83332702999996,-29.421074689999955],[-66.83448215999994,-29.42120277999993],[-66.83552063999997,-29.42130451999998],[-66.83667352999998,-29.421410049999963],[-66.83719441999995,-29.42147443999994],[-66.83723067999995,-29.420869789999983],[-66.83724150999996,-29.420305889999952],[-66.83726311999999,-29.41954795999993],[-66.83730139999994,-29.418812489999937],[-66.83736003999996,-29.417544629999952]]]}},{"type":"Feature","properties":{"radio_id":"460141906","population":889,"population_density":5763.955086802932,"households":230,"dwellings":241,"area_km2":0.15423437320589842,"demographic_residential_component":0.43472750316856784,"density_component":0.7262357414448669,"territorial_context_score":0.5804816223067174,"percentile":64.25855513307985,"relative_level":"medium"},"geometry":{"type":"Polygon","coordinates":[[[-66.83155381999995,-29.418816909999975],[-66.83035021999996,-29.418680079999945],[-66.83015116999997,-29.41865875999997],[-66.82842187999995,-29.41849811999998],[-66.82675329999995,-29.418328059999965],[-66.82385833999996,-29.41800318999998],[-66.82406775999993,-29.41841686999993],[-66.82425075999998,-29.418749529999957],[-66.82470776999997,-29.419581169999958],[-66.82504236999995,-29.420183529999974],[-66.82648605999998,-29.420318919999943],[-66.82816507999996,-29.420502449999958],[-66.82983066999998,-29.420681529999968],[-66.83103947999996,-29.42082284999998],[-66.83109798999993,-29.420669119999957],[-66.83184350999994,-29.420226939999964],[-66.83135331999995,-29.419756379999967],[-66.83144881999993,-29.419462589999966],[-66.83155381999995,-29.418816909999975]]]}},{"type":"Feature","properties":{"radio_id":"460141907","population":1435,"population_density":5931.5166507999,"households":381,"dwellings":380,"area_km2":0.24192800669395098,"demographic_residential_component":0.9074778200253486,"density_component":0.7452471482889734,"territorial_context_score":0.8263624841571611,"percentile":93.91634980988593,"relative_level":"high"},"geometry":{"type":"Polygon","coordinates":[[[-66.83103947999996,-29.42082284999998],[-66.82983066999998,-29.420681529999968],[-66.82816507999996,-29.420502449999958],[-66.82648605999998,-29.420318919999943],[-66.82504236999995,-29.420183529999974],[-66.82537092999996,-29.420930259999977],[-66.82542356999994,-29.421069759999966],[-66.82591032999994,-29.422009469999978],[-66.82598056999996,-29.422157889999937],[-66.82613024999995,-29.422445639999978],[-66.82615791999996,-29.42242742999997],[-66.82626898999996,-29.422399679999955],[-66.82634324999998,-29.42240823999998],[-66.82640830999998,-29.422425879999935],[-66.82652421999995,-29.42248829999994],[-66.82658460999994,-29.422564609999938],[-66.82855512999998,-29.422601989999976],[-66.82909129999996,-29.42264375999997],[-66.82978725999993,-29.422693549999963],[-66.83087001999996,-29.422790549999945],[-66.83202972999999,-29.42284645999996],[-66.83320801999997,-29.42290674999998],[-66.83436474999996,-29.42297618999993],[-66.83551408999995,-29.423023119999982],[-66.83662746999994,-29.423083789999964],[-66.83714598999995,-29.42310759999998],[-66.83718146999996,-29.422408219999966],[-66.83719441999995,-29.42147443999994],[-66.83667352999998,-29.421410049999963],[-66.83552063999997,-29.42130451999998],[-66.83448215999994,-29.42120277999993],[-66.83332702999996,-29.421074689999955],[-66.83218742999998,-29.420955509999942],[-66.83103947999996,-29.42082284999998]]]}},{"type":"Feature","properties":{"radio_id":"460141908","population":747,"population_density":6349.464365870414,"households":220,"dwellings":251,"area_km2":0.11764771907615829,"demographic_residential_component":0.3700887198986058,"density_component":0.8022813688212928,"territorial_context_score":0.5861850443599492,"percentile":66.15969581749049,"relative_level":"medium"},"geometry":{"type":"Polygon","coordinates":[[[-66.84053459999996,-29.421665409999946],[-66.84019946999996,-29.42163594999994],[-66.84019468999998,-29.421681079999928],[-66.83927933999996,-29.421641749999935],[-66.83861443999996,-29.42160984999998],[-66.83818966999996,-29.421580949999964],[-66.83751420999994,-29.421517539999968],[-66.83734599999997,-29.421487019999972],[-66.83719441999995,-29.42147443999994],[-66.83718146999996,-29.422408219999966],[-66.83714598999995,-29.42310759999998],[-66.83662746999994,-29.423083789999964],[-66.83661412999999,-29.42359357999993],[-66.83660196999995,-29.423995099999956],[-66.83659332999997,-29.42419812999998],[-66.83657680999994,-29.42444631999996],[-66.83712097999995,-29.42445643999997],[-66.83711775999996,-29.424064029999954],[-66.83806602999994,-29.424094149999974],[-66.83868136999996,-29.424112829999956],[-66.83922774999996,-29.42414096999994],[-66.84032429999996,-29.42428290999993],[-66.84036893999996,-29.423822539999946],[-66.84126399999997,-29.423898079999958],[-66.84153887999997,-29.424117369999976],[-66.84179353999997,-29.424133799999936],[-66.84181929999994,-29.42413363999998],[-66.84187251999998,-29.423339429999942],[-66.84189369999996,-29.42278447999996],[-66.84190284999994,-29.422644599999956],[-66.84046721999994,-29.42261757999995],[-66.84050235999996,-29.422130209999978],[-66.84052194999998,-29.42175569999995],[-66.84053459999996,-29.421665409999946]]]}},{"type":"Feature","properties":{"radio_id":"460141909","population":904,"population_density":1642.8873108458743,"households":269,"dwellings":284,"area_km2":0.5502507652424177,"demographic_residential_component":0.5804816223067174,"density_component":0.17870722433460076,"territorial_context_score":0.37959442332065907,"percentile":27.756653992395435,"relative_level":"low"},"geometry":{"type":"Polygon","coordinates":[[[-66.82613024999995,-29.422445639999978],[-66.82606565999998,-29.42248663999993],[-66.82600452999998,-29.42257271999995],[-66.82598277999995,-29.42268561999998],[-66.82599891999996,-29.42277121999996],[-66.82605628999994,-29.422856569999965],[-66.82614441999993,-29.42292367999994],[-66.82624977999996,-29.42295459999997],[-66.82636617999998,-29.42294936999997],[-66.82638361999994,-29.422940239999946],[-66.82671022999995,-29.423443409999948],[-66.82711891999998,-29.424284359999945],[-66.82744518999993,-29.424873229999946],[-66.82772201999995,-29.425336109999932],[-66.82799612999997,-29.42571780999998],[-66.82944317999994,-29.427905489999944],[-66.83365292999997,-29.42792431999993],[-66.83613656999995,-29.427940319999948],[-66.83662075999996,-29.426665279999952],[-66.84014061999994,-29.42675588999998],[-66.84016429999997,-29.426503149999974],[-66.84019625999997,-29.426254859999972],[-66.84021904999997,-29.42589386999998],[-66.84022559999994,-29.42581262999994],[-66.84025677999995,-29.425469629999952],[-66.84028147999999,-29.42509057999996],[-66.83923475999995,-29.424993429999972],[-66.83895661999998,-29.42500420999994],[-66.83882156999994,-29.425122329999965],[-66.83715176999993,-29.42506968999993],[-66.83712097999995,-29.42445643999997],[-66.83657680999994,-29.42444631999996],[-66.83659332999997,-29.42419812999998],[-66.83660196999995,-29.423995099999956],[-66.83661412999999,-29.42359357999993],[-66.83662746999994,-29.423083789999964],[-66.83551408999995,-29.423023119999982],[-66.83436474999996,-29.42297618999993],[-66.83320801999997,-29.42290674999998],[-66.83202972999999,-29.42284645999996],[-66.83087001999996,-29.422790549999945],[-66.82978725999993,-29.422693549999963],[-66.82909129999996,-29.42264375999997],[-66.82855512999998,-29.422601989999976],[-66.82658460999994,-29.422564609999938],[-66.82652421999995,-29.42248829999994],[-66.82640830999998,-29.422425879999935],[-66.82634324999998,-29.42240823999998],[-66.82626898999996,-29.422399679999955],[-66.82615791999996,-29.42242742999997],[-66.82613024999995,-29.422445639999978]]]}},{"type":"Feature","properties":{"radio_id":"460141910","population":1086,"population_density":6057.280165955855,"households":314,"dwellings":321,"area_km2":0.1792883885582377,"demographic_residential_component":0.743979721166033,"density_component":0.7642585551330798,"territorial_context_score":0.7541191381495564,"percentile":88.97338403041825,"relative_level":"high"},"geometry":{"type":"Polygon","coordinates":[[[-66.84181929999994,-29.42413363999998],[-66.84179353999997,-29.424133799999936],[-66.84153887999997,-29.424117369999976],[-66.84126399999997,-29.423898079999958],[-66.84036893999996,-29.423822539999946],[-66.84032429999996,-29.42428290999993],[-66.83922774999996,-29.42414096999994],[-66.83868136999996,-29.424112829999956],[-66.83806602999994,-29.424094149999974],[-66.83711775999996,-29.424064029999954],[-66.83712097999995,-29.42445643999997],[-66.83715176999993,-29.42506968999993],[-66.83882156999994,-29.425122329999965],[-66.83895661999998,-29.42500420999994],[-66.83923475999995,-29.424993429999972],[-66.84028147999999,-29.42509057999996],[-66.84025677999995,-29.425469629999952],[-66.84022559999994,-29.42581262999994],[-66.84021904999997,-29.42589386999998],[-66.84019625999997,-29.426254859999972],[-66.84016429999997,-29.426503149999974],[-66.84014061999994,-29.42675588999998],[-66.83662075999996,-29.426665279999952],[-66.83613656999995,-29.427940319999948],[-66.84004303999995,-29.428046549999976],[-66.84008764999999,-29.427207289999956],[-66.84063517999994,-29.42762332999996],[-66.84112907999997,-29.42790888999997],[-66.84141561999996,-29.427916099999948],[-66.84153621999997,-29.427919849999967],[-66.84235372999996,-29.42795978999993],[-66.84238278999999,-29.42773406999993],[-66.84243618999994,-29.427336799999978],[-66.84248096999994,-29.42689446999998],[-66.84252913999995,-29.426488209999945],[-66.84253667999997,-29.426402459999963],[-66.84256650999998,-29.42627146999996],[-66.84259522999997,-29.42600515999993],[-66.84262419999993,-29.425770419999935],[-66.84268733999994,-29.425305419999972],[-66.84276321999994,-29.424885449999977],[-66.84283595999995,-29.424334699999974],[-66.84246765999995,-29.42428289999998],[-66.84234848999995,-29.424202459999947],[-66.84181929999994,-29.42413363999998]]]}},{"type":"Feature","properties":{"radio_id":"460141911","population":797,"population_density":7808.002359194648,"households":264,"dwellings":261,"area_km2":0.10207476423997983,"demographic_residential_component":0.4803548795944233,"density_component":0.9201520912547528,"territorial_context_score":0.7002534854245881,"percentile":83.26996197718631,"relative_level":"high"},"geometry":{"type":"Polygon","coordinates":[[[-66.84544725999996,-29.424471509999933],[-66.84508829999999,-29.42442867999995],[-66.84401386999997,-29.424345279999955],[-66.84374050999998,-29.424310929999933],[-66.84283595999995,-29.424334699999974],[-66.84276321999994,-29.424885449999977],[-66.84268733999994,-29.425305419999972],[-66.84262419999993,-29.425770419999935],[-66.84259522999997,-29.42600515999993],[-66.84256650999998,-29.42627146999996],[-66.84253667999997,-29.426402459999963],[-66.84252913999995,-29.426488209999945],[-66.84248096999994,-29.42689446999998],[-66.84243618999994,-29.427336799999978],[-66.84238278999999,-29.42773406999993],[-66.84235372999996,-29.42795978999993],[-66.84322460999994,-29.42797231999998],[-66.84413890999997,-29.428002619999972],[-66.84459252999994,-29.42802679999994],[-66.84493798999995,-29.42805618999995],[-66.84506264999999,-29.427180329999942],[-66.84507660999998,-29.426999819999935],[-66.84510568999997,-29.42677860999993],[-66.84516396999999,-29.42634972999997],[-66.84517073999996,-29.42629555999997],[-66.84524236999994,-29.425862089999953],[-66.84528108999996,-29.425559629999952],[-66.84530546999997,-29.425392579999937],[-66.84539559999996,-29.424828179999963],[-66.84544725999996,-29.424471509999933]]]}},{"type":"Feature","properties":{"radio_id":"460141912","population":591,"population_density":711.0554946299966,"households":209,"dwellings":232,"area_km2":0.8311587554886016,"demographic_residential_component":0.229404309252218,"density_component":0.10266159695817491,"territorial_context_score":0.16603295310519645,"percentile":4.182509505703422,"relative_level":"very_low"},"geometry":{"type":"Polygon","coordinates":[[[-66.83613656999995,-29.427940319999948],[-66.83365292999997,-29.42792431999993],[-66.82944317999994,-29.427905489999944],[-66.82993717999994,-29.428714329999934],[-66.83246984999994,-29.43259120999994],[-66.83357708999995,-29.434032199999933],[-66.83424157999997,-29.43400547999994],[-66.83603407999993,-29.433922069999937],[-66.83705074999995,-29.43386155999997],[-66.83799633999996,-29.433805999999947],[-66.83878452999994,-29.43378298999994],[-66.83919142999997,-29.43376238999997],[-66.84102583999999,-29.433764349999933],[-66.84126473999999,-29.433740289999946],[-66.84213725999996,-29.433572389999938],[-66.84296024999998,-29.433395779999955],[-66.84369762999995,-29.433210679999945],[-66.84370710999997,-29.433111389999965],[-66.84377860999996,-29.433034259999943],[-66.84391750999998,-29.43300630999994],[-66.84402630999995,-29.43307778999997],[-66.84405041999997,-29.433127259999935],[-66.84430269999996,-29.433103099999983],[-66.84447359999996,-29.43196082999998],[-66.84460695999996,-29.431265349999933],[-66.84468261999996,-29.43081830999995],[-66.84475590999995,-29.430335209999953],[-66.84478879999995,-29.42995159999998],[-66.84485834999998,-29.42926553999996],[-66.84491255999995,-29.428345029999946],[-66.84493798999995,-29.42805618999995],[-66.84459252999994,-29.42802679999994],[-66.84413890999997,-29.428002619999972],[-66.84322460999994,-29.42797231999998],[-66.84235372999996,-29.42795978999993],[-66.84153621999997,-29.427919849999967],[-66.84141561999996,-29.427916099999948],[-66.84112907999997,-29.42790888999997],[-66.84063517999994,-29.42762332999996],[-66.84008764999999,-29.427207289999956],[-66.84004303999995,-29.428046549999976],[-66.83613656999995,-29.427940319999948]]]}},{"type":"Feature","properties":{"radio_id":"460141913","population":830,"population_density":1824.0119839804688,"households":287,"dwellings":348,"area_km2":0.455040869955648,"demographic_residential_component":0.6400506970849177,"density_component":0.19391634980988592,"territorial_context_score":0.4169835234474018,"percentile":33.840304182509506,"relative_level":"low"},"geometry":{"type":"Polygon","coordinates":[[[-66.84430269999996,-29.433103099999983],[-66.84405041999997,-29.433127259999935],[-66.84402630999995,-29.43307778999997],[-66.84391750999998,-29.43300630999994],[-66.84377860999996,-29.433034259999943],[-66.84370710999997,-29.433111389999965],[-66.84369762999995,-29.433210679999945],[-66.84296024999998,-29.433395779999955],[-66.84213725999996,-29.433572389999938],[-66.84126473999999,-29.433740289999946],[-66.84102583999999,-29.433764349999933],[-66.83919142999997,-29.43376238999997],[-66.83878452999994,-29.43378298999994],[-66.83799633999996,-29.433805999999947],[-66.83705074999995,-29.43386155999997],[-66.83603407999993,-29.433922069999937],[-66.83424157999997,-29.43400547999994],[-66.83357708999995,-29.434032199999933],[-66.83369706999997,-29.434211869999956],[-66.83396320999998,-29.43462066999996],[-66.83480486999997,-29.435842289999982],[-66.83492808999995,-29.436039989999983],[-66.83505551999997,-29.436246679999954],[-66.83526803999996,-29.436651299999937],[-66.83539884999993,-29.43689405999993],[-66.83551180999996,-29.43722262999995],[-66.83561144999999,-29.43743399999994],[-66.83564880999995,-29.437591639999937],[-66.83567406999998,-29.437780929999974],[-66.83568728999995,-29.438137179999956],[-66.83575879999995,-29.438060049999933],[-66.83588717999999,-29.438005119999957],[-66.83594881999994,-29.43798217999995],[-66.83604156999996,-29.437981599999944],[-66.83614988999994,-29.437994449999962],[-66.83623251999995,-29.43801647999993],[-66.83631231999993,-29.438070109999956],[-66.83651220999997,-29.43819063999996],[-66.83668817999995,-29.438284259999932],[-66.83695361999997,-29.43835475999998],[-66.84243849999996,-29.438604349999935],[-66.84244629999995,-29.438550169999928],[-66.84245133999997,-29.43853660999997],[-66.84245637999999,-29.43852303999995],[-66.84246340999994,-29.438500449999935],[-66.84247153999996,-29.438486859999955],[-66.84248681999998,-29.43846420999995],[-66.84250208999998,-29.438441559999944],[-66.84251941999997,-29.43841889999993],[-66.84252964999996,-29.43840980999994],[-66.84253987999995,-29.438400729999955],[-66.84255010999993,-29.438391639999963],[-66.84256034999999,-29.43838255999998],[-66.84257057999997,-29.43837346999993],[-66.84258389999997,-29.43836435999998],[-66.84259412999995,-29.43835527999994],[-66.84260641999998,-29.43834617999994],[-66.84263206999998,-29.43833247999993],[-66.84264745999997,-29.438323369999978],[-66.84267314999994,-29.438314179999963],[-66.84268856999995,-29.438309569999944],[-66.84271734999999,-29.43830036999998],[-66.84273482999998,-29.438295749999952],[-66.84275536999996,-29.43828659999997],[-66.84279143999998,-29.438286369999958],[-66.84280689999997,-29.438286269999935],[-66.84282234999995,-29.43828616999997],[-66.84285120999994,-29.43828598999994],[-66.84292551999994,-29.438299049999955],[-66.84304947999993,-29.438334349999934],[-66.84370661999998,-29.437414529999955],[-66.84376437999998,-29.437170589999937],[-66.84391294999995,-29.436443439999948],[-66.84399196999993,-29.435779879999984],[-66.84408426999994,-29.43510269999996],[-66.84408620999994,-29.434962859999928],[-66.84419942999995,-29.43407353999993],[-66.84430269999996,-29.433103099999983]]]}},{"type":"Feature","properties":{"radio_id":"460142001","population":850,"population_density":5756.166848377324,"households":251,"dwellings":254,"area_km2":0.14766771401694462,"demographic_residential_component":0.4790874524714828,"density_component":0.7224334600760456,"territorial_context_score":0.6007604562737642,"percentile":70.34220532319392,"relative_level":"medium"},"geometry":{"type":"Polygon","coordinates":[[[-66.87729571999995,-29.41631333999993],[-66.87673539999997,-29.41621779999997],[-66.87585931999996,-29.416187469999954],[-66.87580477999995,-29.41643591999997],[-66.87419740999997,-29.41607659999994],[-66.87421669999998,-29.416283969999938],[-66.87428411999997,-29.41693755999995],[-66.87427840999999,-29.41711351999993],[-66.87420456999996,-29.417876299999932],[-66.87414788999996,-29.418476579999947],[-66.87408619999997,-29.41909493999998],[-66.87404678999997,-29.419546259999947],[-66.87400439999993,-29.420011129999978],[-66.87399262999998,-29.420200659999978],[-66.87398153999999,-29.420349579999936],[-66.87397726999995,-29.420453349999946],[-66.87396827999999,-29.42060676999995],[-66.87392984999997,-29.42093178999994],[-66.87512309999994,-29.421054759999947],[-66.87583291999994,-29.421158349999928],[-66.87671814999999,-29.42140963999998],[-66.87667639999995,-29.420746849999944],[-66.87670331999993,-29.420282079999936],[-66.87676064999994,-29.419758469999977],[-66.87681367999994,-29.419334119999974],[-66.87691906999999,-29.41864780999998],[-66.87700928999993,-29.418114969999976],[-66.87716913999998,-29.417171189999976],[-66.87724230999999,-29.41669258999997],[-66.87729571999995,-29.41631333999993]]]}},{"type":"Feature","properties":{"radio_id":"460142002","population":778,"population_density":4808.324741024842,"households":242,"dwellings":263,"area_km2":0.16180271547844285,"demographic_residential_component":0.44106463878326996,"density_component":0.5855513307984791,"territorial_context_score":0.5133079847908746,"percentile":50.19011406844106,"relative_level":"medium"},"geometry":{"type":"Polygon","coordinates":[[[-66.87716913999998,-29.417171189999976],[-66.87700928999993,-29.418114969999976],[-66.87691906999999,-29.41864780999998],[-66.87681367999994,-29.419334119999974],[-66.87676064999994,-29.419758469999977],[-66.87670331999993,-29.420282079999936],[-66.87667639999995,-29.420746849999944],[-66.87671814999999,-29.42140963999998],[-66.87583291999994,-29.421158349999928],[-66.87591642999996,-29.421884019999936],[-66.87601058999996,-29.422650199999964],[-66.87605416999997,-29.422925059999955],[-66.87613635999998,-29.42349736999995],[-66.87637326999999,-29.42348678999997],[-66.87770200999995,-29.423423919999948],[-66.87764739999994,-29.422824359999936],[-66.87808297999999,-29.422789919999957],[-66.87851023999997,-29.422746509999968],[-66.87920012999996,-29.422687829999973],[-66.87910234999998,-29.422102089999953],[-66.87904352999993,-29.42125447999996],[-66.87908944999998,-29.420604649999973],[-66.87912859999994,-29.419526359999963],[-66.87919981999994,-29.418822229999932],[-66.87922946999998,-29.41831683999993],[-66.87929588999998,-29.417414279999946],[-66.87844489999998,-29.417307129999983],[-66.87785702999997,-29.41724333999997],[-66.87716913999998,-29.417171189999976]]]}},{"type":"Feature","properties":{"radio_id":"460142003","population":675,"population_density":4348.839634750471,"households":245,"dwellings":274,"area_km2":0.15521381717694227,"demographic_residential_component":0.4258555133079847,"density_component":0.5057034220532319,"territorial_context_score":0.4657794676806083,"percentile":41.44486692015209,"relative_level":"low"},"geometry":{"type":"Polygon","coordinates":[[[-66.87197170999997,-29.420651429999964],[-66.87178819999997,-29.42088266999997],[-66.87169335999994,-29.421239629999945],[-66.87159735999995,-29.42146127999996],[-66.87142705999997,-29.421669879999968],[-66.87129632999995,-29.421806059999938],[-66.87139422999996,-29.42204898999995],[-66.87174276999997,-29.42304355999994],[-66.87198797999997,-29.423763649999955],[-66.87218864999994,-29.424335189999965],[-66.87316453999995,-29.424220539999965],[-66.87377387999999,-29.42413985999997],[-66.87507152999996,-29.424054669999975],[-66.87507089999997,-29.424221559999978],[-66.87559635999997,-29.424213599999973],[-66.87641502999998,-29.42414957999995],[-66.87637326999999,-29.42348678999997],[-66.87613635999998,-29.42349736999995],[-66.87605416999997,-29.422925059999955],[-66.87601058999996,-29.422650199999964],[-66.87591642999996,-29.421884019999936],[-66.87583291999994,-29.421158349999928],[-66.87512309999994,-29.421054759999947],[-66.87392984999997,-29.42093178999994],[-66.87286651999995,-29.420699699999943],[-66.87277569999998,-29.42068224999997],[-66.87224374999994,-29.420532369999933],[-66.87221329999994,-29.420586699999944],[-66.87215693999997,-29.420623149999983],[-66.87210354999996,-29.420646059999967],[-66.87202325999993,-29.420655599999975],[-66.87197170999997,-29.420651429999964]]]}},{"type":"Feature","properties":{"radio_id":"460142004","population":527,"population_density":4583.479885807761,"households":222,"dwellings":241,"area_km2":0.11497814174592481,"demographic_residential_component":0.2585551330798479,"density_component":0.5399239543726235,"territorial_context_score":0.3992395437262357,"percentile":30.798479087452474,"relative_level":"low"},"geometry":{"type":"Polygon","coordinates":[[[-66.86841711999995,-29.41851405999995],[-66.86788820999993,-29.41847690999998],[-66.86622194999995,-29.418221629999948],[-66.86619439999998,-29.418618739999943],[-66.86616960999999,-29.418975239999952],[-66.86599034999995,-29.420316059999948],[-66.86755429999994,-29.420653209999955],[-66.86829933999996,-29.420779159999938],[-66.86913236999999,-29.42083236999997],[-66.86980508999994,-29.42093622999994],[-66.87081805999998,-29.42094314999997],[-66.87178819999997,-29.42088266999997],[-66.87197170999997,-29.420651429999964],[-66.87191785999994,-29.42062020999998],[-66.87189712999998,-29.42060680999998],[-66.87186281999993,-29.420570949999956],[-66.87183972999998,-29.420521489999942],[-66.87183113999998,-29.420480949999956],[-66.87182357999995,-29.42044039999996],[-66.87182846999997,-29.420408789999954],[-66.87156589999995,-29.420189489999927],[-66.87133767999995,-29.42001055999998],[-66.87049389999999,-29.419542459999946],[-66.87022415999996,-29.419327709999948],[-66.86956913999995,-29.418880929999943],[-66.86911244999993,-29.418491479999943],[-66.86887988999996,-29.418407299999956],[-66.86885592999994,-29.418375879999928],[-66.86883306999994,-29.41835347999995],[-66.86879371999999,-29.41833117999994],[-66.86874517999996,-29.418317959999968],[-66.86871414999996,-29.418304629999966],[-66.86867816999995,-29.41831388999998],[-66.86863905999996,-29.418318659999954],[-66.86860615999996,-29.418327889999944],[-66.86857223999993,-29.41833712999994],[-66.86853624999998,-29.418346389999954],[-66.86850339999995,-29.418360139999947],[-66.86847263999994,-29.41837837999998],[-66.86844397999994,-29.418401119999942],[-66.86842359999997,-29.418428319999975],[-66.86841154999996,-29.418464479999955],[-66.86841711999995,-29.41851405999995]]]}},{"type":"Feature","properties":{"radio_id":"460142005","population":618,"population_density":6240.660283828077,"households":305,"dwellings":357,"area_km2":0.09902798292056898,"demographic_residential_component":0.5665399239543726,"density_component":0.7832699619771863,"territorial_context_score":0.6749049429657794,"percentile":81.74904942965779,"relative_level":"high"},"geometry":{"type":"Polygon","coordinates":[[[-66.86622194999995,-29.418221629999948],[-66.86459999999994,-29.417966039999953],[-66.86307822999999,-29.417736839999975],[-66.86158564999994,-29.417669819999958],[-66.86146396999999,-29.418757669999934],[-66.86143652999993,-29.418924739999966],[-66.86137861999998,-29.41938970999996],[-66.86308976999999,-29.41971241999994],[-66.86369561999999,-29.41983027999993],[-66.86453677999998,-29.419991719999928],[-66.86478260999996,-29.420062289999976],[-66.86599034999995,-29.420316059999948],[-66.86616960999999,-29.418975239999952],[-66.86619439999998,-29.418618739999943],[-66.86622194999995,-29.418221629999948]]]}},{"type":"Feature","properties":{"radio_id":"460142006","population":933,"population_density":5816.56158858537,"households":389,"dwellings":467,"area_km2":0.16040404383080079,"demographic_residential_component":0.8770595690747781,"density_component":0.7338403041825095,"territorial_context_score":0.8054499366286438,"percentile":92.39543726235742,"relative_level":"high"},"geometry":{"type":"Polygon","coordinates":[[[-66.86599034999995,-29.420316059999948],[-66.86478260999996,-29.420062289999976],[-66.86453677999998,-29.419991719999928],[-66.86369561999999,-29.41983027999993],[-66.86308976999999,-29.41971241999994],[-66.86137861999998,-29.41938970999996],[-66.86129269999998,-29.420197669999936],[-66.86126750999995,-29.420509059999972],[-66.86115192999995,-29.42146606999995],[-66.86102340999997,-29.422477279999953],[-66.86259652999996,-29.422679099999982],[-66.86324624999997,-29.422742549999953],[-66.86432693999996,-29.42283477999996],[-66.86449279999994,-29.423559909999938],[-66.86600327999997,-29.42341928999997],[-66.86600100999993,-29.42278781999994],[-66.86597912999997,-29.42203017999998],[-66.86596568999994,-29.421660389999943],[-66.86592209999998,-29.42113743999994],[-66.86591212999997,-29.420812739999974],[-66.86599034999995,-29.420316059999948]]]}},{"type":"Feature","properties":{"radio_id":"460142007","population":541,"population_density":4892.576567683237,"households":228,"dwellings":275,"area_km2":0.1105756838990417,"demographic_residential_component":0.33460076045627374,"density_component":0.6007604562737643,"territorial_context_score":0.467680608365019,"percentile":42.20532319391635,"relative_level":"low"},"geometry":{"type":"Polygon","coordinates":[[[-66.87178819999997,-29.42088266999997],[-66.87081805999998,-29.42094314999997],[-66.86980508999994,-29.42093622999994],[-66.86913236999999,-29.42083236999997],[-66.86829933999996,-29.420779159999938],[-66.86755429999994,-29.420653209999955],[-66.86599034999995,-29.420316059999948],[-66.86591212999997,-29.420812739999974],[-66.86592209999998,-29.42113743999994],[-66.86596568999994,-29.421660389999943],[-66.86597912999997,-29.42203017999998],[-66.86600100999993,-29.42278781999994],[-66.86600327999997,-29.42341928999997],[-66.86725987999995,-29.422991629999956],[-66.86808761999998,-29.42278325999996],[-66.86878872999995,-29.42258923999998],[-66.86956982999993,-29.422349589999953],[-66.87048257999999,-29.422082019999948],[-66.87065216999997,-29.42203128999995],[-66.87129632999995,-29.421806059999938],[-66.87142705999997,-29.421669879999968],[-66.87159735999995,-29.42146127999996],[-66.87169335999994,-29.421239629999945],[-66.87178819999997,-29.42088266999997]]]}},{"type":"Feature","properties":{"radio_id":"460142008","population":541,"population_density":4247.387115280276,"households":197,"dwellings":224,"area_km2":0.1273724257564643,"demographic_residential_component":0.18377693282636245,"density_component":0.49429657794676807,"territorial_context_score":0.33903675538656525,"percentile":22.433460076045627,"relative_level":"very_low"},"geometry":{"type":"Polygon","coordinates":[[[-66.86600327999997,-29.42341928999997],[-66.86607296999995,-29.42398266999993],[-66.86615720999998,-29.42455947999997],[-66.86622709999995,-29.424901829999953],[-66.86789806999997,-29.424728569999957],[-66.86868555999996,-29.424633229999984],[-66.87020127999995,-29.424501549999945],[-66.87087889999998,-29.424452009999982],[-66.87157609999997,-29.42440234999998],[-66.87218864999994,-29.424335189999965],[-66.87198797999997,-29.423763649999955],[-66.87174276999997,-29.42304355999994],[-66.87139422999996,-29.42204898999995],[-66.87129632999995,-29.421806059999938],[-66.87065216999997,-29.42203128999995],[-66.87048257999999,-29.422082019999948],[-66.86956982999993,-29.422349589999953],[-66.86878872999995,-29.42258923999998],[-66.86808761999998,-29.42278325999996],[-66.86725987999995,-29.422991629999956],[-66.86600327999997,-29.42341928999997]]]}},{"type":"Feature","properties":{"radio_id":"460142009","population":716,"population_density":1075.0068457350346,"households":331,"dwellings":346,"area_km2":0.6660422701870665,"demographic_residential_component":0.6514575411913816,"density_component":0.11787072243346007,"territorial_context_score":0.3846641318124208,"percentile":28.13688212927757,"relative_level":"low"},"geometry":{"type":"Polygon","coordinates":[[[-66.86102340999997,-29.422477279999953],[-66.86089717999994,-29.423393749999946],[-66.86042401999998,-29.42740675999994],[-66.86038793999995,-29.42777234999994],[-66.86032112999999,-29.42840426999993],[-66.86024611999994,-29.428918959999976],[-66.86020464999996,-29.42950109999998],[-66.86015735999996,-29.429758509999942],[-66.85971636999994,-29.432458709999935],[-66.86164501999997,-29.43264020999993],[-66.86211342999997,-29.43258304999995],[-66.86319368999995,-29.432612139999947],[-66.86404680999993,-29.432714859999976],[-66.86494203999996,-29.432799259999967],[-66.86587535999996,-29.432878899999935],[-66.86668494999998,-29.432950309999967],[-66.86743800999994,-29.433040129999938],[-66.86744004999997,-29.43243118999993],[-66.86737349999999,-29.43187680999995],[-66.86725539999998,-29.431318269999963],[-66.86707330999997,-29.43014217999996],[-66.86696103999998,-29.42942120999993],[-66.86700175999994,-29.42936230999993],[-66.86703495999996,-29.429267369999934],[-66.86703411999997,-29.429168139999945],[-66.86697358999999,-29.429078319999974],[-66.86689385999995,-29.429033739999966],[-66.86681325999996,-29.429007199999944],[-66.86659600999997,-29.42733065999994],[-66.86622709999995,-29.424901829999953],[-66.86615720999998,-29.42455947999997],[-66.86607296999995,-29.42398266999993],[-66.86600327999997,-29.42341928999997],[-66.86449279999994,-29.423559909999938],[-66.86432693999996,-29.42283477999996],[-66.86324624999997,-29.422742549999953],[-66.86259652999996,-29.422679099999982],[-66.86102340999997,-29.422477279999953]]]}},{"type":"Feature","properties":{"radio_id":"460142010","population":486,"population_density":674.9941420128878,"households":252,"dwellings":266,"area_km2":0.7200062485738146,"demographic_residential_component":0.3434727503168568,"density_component":0.09505703422053231,"territorial_context_score":0.21926489226869456,"percentile":9.125475285171103,"relative_level":"very_low"},"geometry":{"type":"Polygon","coordinates":[[[-66.87218864999994,-29.424335189999965],[-66.87157609999997,-29.42440234999998],[-66.87087889999998,-29.424452009999982],[-66.87020127999995,-29.424501549999945],[-66.86868555999996,-29.424633229999984],[-66.86789806999997,-29.424728569999957],[-66.86622709999995,-29.424901829999953],[-66.86659600999997,-29.42733065999994],[-66.86681325999996,-29.429007199999944],[-66.86689385999995,-29.429033739999966],[-66.86697358999999,-29.429078319999974],[-66.86703411999997,-29.429168139999945],[-66.86703495999996,-29.429267369999934],[-66.86700175999994,-29.42936230999993],[-66.86696103999998,-29.42942120999993],[-66.86707330999997,-29.43014217999996],[-66.86725539999998,-29.431318269999963],[-66.86737349999999,-29.43187680999995],[-66.86744004999997,-29.43243118999993],[-66.86890713999998,-29.432263749999947],[-66.86970514999996,-29.432186369999954],[-66.87050296999996,-29.432086439999978],[-66.87125230999999,-29.43198229999996],[-66.87204996999998,-29.43186431999993],[-66.87285300999997,-29.431773359999966],[-66.87361482999995,-29.43168265999998],[-66.87343531999994,-29.43358731999996],[-66.87409739999998,-29.43364160999994],[-66.87461818999998,-29.433683299999984],[-66.87507202999996,-29.43372992999997],[-66.87548774999993,-29.433776819999935],[-66.87548399999997,-29.432739399999946],[-66.87544888999997,-29.431408999999974],[-66.87538973999995,-29.430520799999954],[-66.87524342999995,-29.429321939999966],[-66.87501927999995,-29.42781685999995],[-66.87493154999999,-29.427199489999964],[-66.87492918999993,-29.42692434999998],[-66.87491710999996,-29.42671693999995],[-66.87494881999999,-29.42596796999993],[-66.87494800999997,-29.425273339999933],[-66.87507089999997,-29.424221559999978],[-66.87507152999996,-29.424054669999975],[-66.87377387999999,-29.42413985999997],[-66.87316453999995,-29.424220539999965],[-66.87218864999994,-29.424335189999965]]]}},{"type":"Feature","properties":{"radio_id":"460142011","population":830,"population_density":3517.633764905729,"households":306,"dwellings":319,"area_km2":0.23595406897688895,"demographic_residential_component":0.6324461343472749,"density_component":0.38022813688212925,"territorial_context_score":0.5063371356147021,"percentile":49.42965779467681,"relative_level":"low"},"geometry":{"type":"Polygon","coordinates":[[[-66.88101543999994,-29.422053369999958],[-66.88079703999995,-29.42205931999996],[-66.88052628999998,-29.422088179999946],[-66.88035662999994,-29.42212988999995],[-66.88016897999995,-29.42211759999998],[-66.88003487999998,-29.42210044999996],[-66.87980509999994,-29.422101959999964],[-66.87955539999996,-29.42206301999994],[-66.87940282999995,-29.422054999999943],[-66.87922552999999,-29.42204714999997],[-66.87910234999998,-29.422102089999953],[-66.87920012999996,-29.422687829999973],[-66.87851023999997,-29.422746509999968],[-66.87808297999999,-29.422789919999957],[-66.87764739999994,-29.422824359999936],[-66.87770200999995,-29.423423919999948],[-66.87637326999999,-29.42348678999997],[-66.87641502999998,-29.42414957999995],[-66.87559635999997,-29.424213599999973],[-66.87507089999997,-29.424221559999978],[-66.87494800999997,-29.425273339999933],[-66.87494881999999,-29.42596796999993],[-66.87491710999996,-29.42671693999995],[-66.87492918999993,-29.42692434999998],[-66.87493154999999,-29.427199489999964],[-66.87665709999999,-29.42689945999996],[-66.87759132999997,-29.426730929999962],[-66.87839595999998,-29.42659029999993],[-66.87910066999996,-29.42645484999997],[-66.87944840999995,-29.426389399999948],[-66.87989815999998,-29.426323279999963],[-66.88042601999996,-29.42623409999993],[-66.88091476999995,-29.426149669999973],[-66.88079581999995,-29.42526186999993],[-66.88093491999996,-29.425260949999938],[-66.88100488999999,-29.424412489999952],[-66.88115663999997,-29.423130469999933],[-66.88113096999996,-29.42254425999994],[-66.88101543999994,-29.422053369999958]]]}},{"type":"Feature","properties":{"radio_id":"460142012","population":873,"population_density":1285.1372015314878,"households":309,"dwellings":378,"area_km2":0.6793049014219282,"demographic_residential_component":0.7224334600760457,"density_component":0.14068441064638784,"territorial_context_score":0.43155893536121676,"percentile":37.26235741444867,"relative_level":"low"},"geometry":{"type":"Polygon","coordinates":[[[-66.88414854999996,-29.425690719999977],[-66.88379883999994,-29.425765209999952],[-66.88262556999996,-29.425935369999934],[-66.88091476999995,-29.426149669999973],[-66.88042601999996,-29.42623409999993],[-66.87989815999998,-29.426323279999963],[-66.87944840999995,-29.426389399999948],[-66.87910066999996,-29.42645484999997],[-66.87839595999998,-29.42659029999993],[-66.87759132999997,-29.426730929999962],[-66.87665709999999,-29.42689945999996],[-66.87493154999999,-29.427199489999964],[-66.87501927999995,-29.42781685999995],[-66.87524342999995,-29.429321939999966],[-66.87538973999995,-29.430520799999954],[-66.87665697999995,-29.430485399999952],[-66.87665395999994,-29.43013358999997],[-66.87665417999995,-29.42919988999995],[-66.87715066999993,-29.42917406999993],[-66.87751108999998,-29.42914462999994],[-66.87790246999998,-29.429119499999956],[-66.87832447999995,-29.429062589999944],[-66.87866112999995,-29.42926334999993],[-66.87892956999997,-29.42896387999997],[-66.87931769999994,-29.42892071999995],[-66.88015161999994,-29.428829509999957],[-66.88071387999997,-29.429141539999932],[-66.88070977999996,-29.42926334999993],[-66.88131952999998,-29.42922773999993],[-66.88156044999994,-29.43087251999998],[-66.88157207999996,-29.431025809999937],[-66.88158085999999,-29.431088899999963],[-66.88297233999998,-29.43088120999994],[-66.88349339999996,-29.432979699999976],[-66.88507455999996,-29.43265796999998],[-66.88584085999997,-29.432490489999964],[-66.88617812999996,-29.433354289999954],[-66.88626330999995,-29.43331311999998],[-66.88682235999994,-29.433963439999957],[-66.88738730999995,-29.433986739999966],[-66.88791254999995,-29.433947159999946],[-66.88892463999997,-29.43301121999997],[-66.88933637999997,-29.432719789999965],[-66.88941116999996,-29.432669679999947],[-66.89028001999998,-29.432208299999957],[-66.89073442999995,-29.431966199999977],[-66.89053135999995,-29.431723989999966],[-66.89038477999998,-29.431458839999948],[-66.89033849999998,-29.431233619999944],[-66.89025702999999,-29.430990589999965],[-66.89017409999997,-29.430697959999975],[-66.89008302999997,-29.430536179999933],[-66.89001157999996,-29.430378789999963],[-66.88996430999998,-29.43027535999994],[-66.88986316999996,-29.43014071999994],[-66.88980800999997,-29.430077939999933],[-66.88949975999998,-29.429827399999965],[-66.88915367999994,-29.429491419999977],[-66.88876261999997,-29.428961779999952],[-66.88798773999997,-29.427546099999972],[-66.88660262999997,-29.427650049999954],[-66.88492654999993,-29.42771081999996],[-66.88423642999999,-29.42774696999993],[-66.88414854999996,-29.425690719999977]]]}},{"type":"Feature","properties":{"radio_id":"460142013","population":795,"population_density":1549.3706964311416,"households":373,"dwellings":481,"area_km2":0.513111550277298,"demographic_residential_component":0.8035487959442332,"density_component":0.17110266159695817,"territorial_context_score":0.4873257287705957,"percentile":46.7680608365019,"relative_level":"low"},"geometry":{"type":"Polygon","coordinates":[[[-66.87866112999995,-29.42926334999993],[-66.87832447999995,-29.429062589999944],[-66.87790246999998,-29.429119499999956],[-66.87751108999998,-29.42914462999994],[-66.87715066999993,-29.42917406999993],[-66.87665417999995,-29.42919988999995],[-66.87665395999994,-29.43013358999997],[-66.87665697999995,-29.430485399999952],[-66.87538973999995,-29.430520799999954],[-66.87544888999997,-29.431408999999974],[-66.87548399999997,-29.432739399999946],[-66.87548774999993,-29.433776819999935],[-66.87668404999994,-29.433877199999984],[-66.87751940999993,-29.433948379999947],[-66.87766379999994,-29.43396095999998],[-66.87813801999994,-29.43398038999993],[-66.87874628999998,-29.434007949999966],[-66.87888690999995,-29.435139189999973],[-66.87907215999996,-29.43630620999994],[-66.87915914999996,-29.43683337999994],[-66.88339511999993,-29.435912249999944],[-66.88311877999996,-29.43530063999998],[-66.88617812999996,-29.433354289999954],[-66.88584085999997,-29.432490489999964],[-66.88507455999996,-29.43265796999998],[-66.88349339999996,-29.432979699999976],[-66.88297233999998,-29.43088120999994],[-66.88158085999999,-29.431088899999963],[-66.88157207999996,-29.431025809999937],[-66.88156044999994,-29.43087251999998],[-66.88131952999998,-29.42922773999993],[-66.88070977999996,-29.42926334999993],[-66.88071387999997,-29.429141539999932],[-66.88015161999994,-29.428829509999957],[-66.87931769999994,-29.42892071999995],[-66.87892956999997,-29.42896387999997],[-66.87866112999995,-29.42926334999993]]]}},{"type":"Feature","properties":{"radio_id":"460142014","population":859,"population_density":10431.796533418745,"households":353,"dwellings":393,"area_km2":0.08234439746290619,"demographic_residential_component":0.779467680608365,"density_component":0.9809885931558935,"territorial_context_score":0.8802281368821292,"percentile":95.81749049429658,"relative_level":"high"},"geometry":{"type":"Polygon","coordinates":[[[-66.87361482999995,-29.43168265999998],[-66.87285300999997,-29.431773359999966],[-66.87204996999998,-29.43186431999993],[-66.87125230999999,-29.43198229999996],[-66.87050296999996,-29.432086439999978],[-66.86970514999996,-29.432186369999954],[-66.86890713999998,-29.432263749999947],[-66.86744004999997,-29.43243118999993],[-66.86743800999994,-29.433040129999938],[-66.86820847999996,-29.433116299999938],[-66.86885108999996,-29.433184279999978],[-66.86893882999993,-29.433201749999967],[-66.86962674999995,-29.433264919999942],[-66.87036721999993,-29.43332773999998],[-66.87115092999994,-29.433385769999973],[-66.87195028999997,-29.433466239999973],[-66.87268969999997,-29.43352454999996],[-66.87343531999994,-29.43358731999996],[-66.87361482999995,-29.43168265999998]]]}},{"type":"Feature","properties":{"radio_id":"460142101","population":947,"population_density":180.0868406912748,"households":329,"dwellings":440,"area_km2":5.258574121045603,"demographic_residential_component":0.8301647655259824,"density_component":0.034220532319391636,"territorial_context_score":0.432192648922687,"percentile":37.6425855513308,"relative_level":"low"},"geometry":{"type":"Polygon","coordinates":[[[-66.78583788999998,-29.391804769999965],[-66.78724176999998,-29.392179899999974],[-66.79053503999995,-29.39309862999994],[-66.79092522999997,-29.39320005999997],[-66.79681709999994,-29.394838439999944],[-66.79667891999998,-29.395218159999956],[-66.79602923999994,-29.39711652999995],[-66.79695851999998,-29.397386129999973],[-66.79735259999995,-29.39943612999997],[-66.79745436999997,-29.399936209999964],[-66.79759303999998,-29.400544319999938],[-66.79771967999994,-29.401193099999944],[-66.79783476999995,-29.40181488999997],[-66.79796132999996,-29.40245464999998],[-66.79807655999997,-29.403094469999928],[-66.79821573999993,-29.403765729999975],[-66.79873199999997,-29.40654571999994],[-66.79894343999996,-29.40657602999994],[-66.80009648999999,-29.40672698999998],[-66.80128978999994,-29.40688670999998],[-66.80249424999994,-29.40702380999994],[-66.80360797999998,-29.40715240999998],[-66.80529906999993,-29.407331649999946],[-66.80797214999996,-29.407653769999968],[-66.80912205999994,-29.40779564999997],[-66.81048312999997,-29.407931719999965],[-66.81196101999996,-29.408116679999978],[-66.81274679999996,-29.408202099999983],[-66.81349966999994,-29.40829673999997],[-66.81481773999997,-29.408464609999953],[-66.81615307999994,-29.408600779999972],[-66.81790322999996,-29.408815579999953],[-66.81832389999994,-29.40885358999998],[-66.81871063999995,-29.408900829999936],[-66.81891161999994,-29.408908619999977],[-66.81890873999998,-29.408935699999972],[-66.81890678999997,-29.408949249999978],[-66.81890696999994,-29.40897179999996],[-66.81890714999997,-29.408994349999944],[-66.81890938999999,-29.409016889999975],[-66.81891471999995,-29.409039409999934],[-66.81892001999995,-29.409057419999954],[-66.81893049999996,-29.409079909999946],[-66.81894098999999,-29.409102399999938],[-66.81895142999997,-29.409120379999933],[-66.81896496999997,-29.40913833999997],[-66.81898056999995,-29.409156279999934],[-66.81899616999993,-29.409174229999962],[-66.81901176999997,-29.409192179999934],[-66.81902938999997,-29.40920559999995],[-66.81905010999998,-29.40921899999995],[-66.81907081999998,-29.40923240999996],[-66.81909152999998,-29.40924580999996],[-66.81911220999996,-29.40925470999997],[-66.81913597999994,-29.40926357999996],[-66.81915871999996,-29.409272459999954],[-66.81918450999996,-29.409276819999945],[-66.81920823999997,-29.409281179999937],[-66.81923402999996,-29.409285529999977],[-66.81926188999995,-29.409289869999952],[-66.81928557999998,-29.409289729999955],[-66.81930824999995,-29.409289589999958],[-66.81933396999995,-29.409284919999948],[-66.81935762999996,-29.409280259999946],[-66.81941624999996,-29.409266369999955],[-66.81945215999997,-29.409248109999965],[-66.81947265999997,-29.40923444999993],[-66.81949314999997,-29.40922078999995],[-66.81951364999998,-29.40920712999997],[-66.81953208999994,-29.40919348999995],[-66.81954948999999,-29.40917984999993],[-66.81956479999997,-29.409161709999978],[-66.81958010999995,-29.40914356999997],[-66.81959335999994,-29.409125449999976],[-66.81960557999997,-29.409107329999983],[-66.81961569999999,-29.409084719999953],[-66.81962379999999,-29.409066619999976],[-66.81963082999994,-29.40904402999996],[-66.81963572999996,-29.409012419999954],[-66.81963855999999,-29.40898082999996],[-66.81963841999993,-29.408962789999975],[-66.81963823999996,-29.408940239999936],[-66.81963496999998,-29.40891769999996],[-66.81962962999995,-29.408895179999945],[-66.81962429999999,-29.40887265999993],[-66.81961694999995,-29.408854669999982],[-66.81960645999999,-29.408832179999933],[-66.81959291999993,-29.408814219999954],[-66.81958041999997,-29.408796249999966],[-66.81956687999997,-29.40877828999993],[-66.81955127999998,-29.408760349999966],[-66.81953361999996,-29.408742409999945],[-66.81951496999994,-29.40872898999993],[-66.81949733999994,-29.40871556999997],[-66.81947662999994,-29.40870216999997],[-66.81945591999994,-29.40868875999996],[-66.81943523999996,-29.408679869999958],[-66.81940631999998,-29.40867101999993],[-66.81938563999995,-29.408662129999982],[-66.81936289999999,-29.40865324999993],[-66.81933920999995,-29.408653389999984],[-66.81929070999996,-29.408644669999944],[-66.81926186999993,-29.408644849999973],[-66.81921347999997,-29.40864965999998],[-66.81918775999998,-29.408654319999982],[-66.81916409999997,-29.408658979999984],[-66.81913837999997,-29.408663649999937],[-66.81910754999996,-29.408672859999967],[-66.81842148999993,-29.40753136999996],[-66.81651897999996,-29.403848799999935],[-66.81531270999994,-29.40180382999995],[-66.81508624999998,-29.401439849999974],[-66.81428138999996,-29.39998782999993],[-66.81361819999995,-29.398598079999942],[-66.81292893999995,-29.39703707999996],[-66.81251594999998,-29.39692231999993],[-66.81233913999995,-29.39671139999996],[-66.81229034999996,-29.396404969999935],[-66.81239348999998,-29.39616075999993],[-66.81259100999995,-29.395997179999938],[-66.81214127999993,-29.395147399999928],[-66.81128690999998,-29.393934719999947],[-66.81128165999996,-29.39392121999998],[-66.81119972999994,-29.393723249999937],[-66.81068296999996,-29.392472419999933],[-66.80708771999997,-29.385029059999965],[-66.80644567999997,-29.383553439999957],[-66.79781246999994,-29.384042919999956],[-66.79673683999994,-29.384144069999934],[-66.79650526999995,-29.38416800999994],[-66.79646409999998,-29.384172769999964],[-66.79549867999998,-29.38427325999993],[-66.79507977999998,-29.38431634999995],[-66.79417900999994,-29.384384869999963],[-66.79349129999997,-29.38443406999994],[-66.79271920999997,-29.384492789999967],[-66.79250310999998,-29.384521139999947],[-66.79095418999998,-29.384692719999975],[-66.78913744999994,-29.38486587999995],[-66.78749464999999,-29.38515524999997],[-66.78614523999994,-29.385555649999958],[-66.77621831999994,-29.38894270999998],[-66.77387086999994,-29.39019228999996],[-66.77640563999995,-29.38987082999995],[-66.77758143999995,-29.389791799999955],[-66.77864811999996,-29.389857749999976],[-66.77944281999999,-29.390056079999965],[-66.77979373999995,-29.390144249999935],[-66.78583788999998,-29.391804769999965]]]}},{"type":"Feature","properties":{"radio_id":"460142102","population":1059,"population_density":1111.7666456135198,"households":325,"dwellings":377,"area_km2":0.9525380206163668,"demographic_residential_component":0.8010139416983524,"density_component":0.12167300380228137,"territorial_context_score":0.4613434727503169,"percentile":41.06463878326996,"relative_level":"low"},"geometry":{"type":"Polygon","coordinates":[[[-66.79681709999994,-29.394838439999944],[-66.79092522999997,-29.39320005999997],[-66.79053503999995,-29.39309862999994],[-66.78724176999998,-29.392179899999974],[-66.78583788999998,-29.391804769999965],[-66.78545697999994,-29.392104719999963],[-66.78473496999999,-29.393998959999976],[-66.78449337999996,-29.39473561999995],[-66.78409214999994,-29.39587918999996],[-66.78362216999994,-29.39665778999995],[-66.78488271999998,-29.397543489999975],[-66.78540540999995,-29.397860669999943],[-66.78631140999994,-29.398455249999984],[-66.78759331999998,-29.39930019999997],[-66.78884124999996,-29.400145339999938],[-66.79006780999998,-29.40088684999995],[-66.79071470999997,-29.40127543999995],[-66.79149331999997,-29.401776019999943],[-66.79162275999994,-29.401860949999957],[-66.79230096999999,-29.402298969999947],[-66.79335617999993,-29.402861039999948],[-66.79324931999997,-29.402631629999973],[-66.79312085999999,-29.402009919999955],[-66.79297830999997,-29.401298079999947],[-66.79401361999999,-29.401287399999944],[-66.79536267999998,-29.401216209999973],[-66.79531668999994,-29.400603029999957],[-66.79663298999998,-29.400559079999937],[-66.79759303999998,-29.400544319999938],[-66.79745436999997,-29.399936209999964],[-66.79735259999995,-29.39943612999997],[-66.79695851999998,-29.397386129999973],[-66.79602923999994,-29.39711652999995],[-66.79667891999998,-29.395218159999956],[-66.79681709999994,-29.394838439999944]]]}},{"type":"Feature","properties":{"radio_id":"460142103","population":1095,"population_density":2014.1096575875351,"households":344,"dwellings":390,"area_km2":0.5436645397508155,"demographic_residential_component":0.8491761723700888,"density_component":0.21292775665399238,"territorial_context_score":0.5310519645120406,"percentile":55.13307984790875,"relative_level":"medium"},"geometry":{"type":"Polygon","coordinates":[[[-66.77789789999997,-29.392798589999984],[-66.77775443999997,-29.393845909999982],[-66.77764331999998,-29.394541209999943],[-66.77754290999997,-29.39515524999996],[-66.77741423999998,-29.39584612999994],[-66.77730280999998,-29.39650082999998],[-66.77796288999997,-29.396600729999932],[-66.77932216999994,-29.396795769999983],[-66.78077104999994,-29.39698575999995],[-66.78217551999995,-29.397162459999947],[-66.78316354999998,-29.397305519999975],[-66.78352664999994,-29.397366529999942],[-66.78362216999994,-29.39665778999995],[-66.78409214999994,-29.39587918999996],[-66.78449337999996,-29.39473561999995],[-66.78473496999999,-29.393998959999976],[-66.78545697999994,-29.392104719999963],[-66.78583788999998,-29.391804769999965],[-66.77979373999995,-29.390144249999935],[-66.77944281999999,-29.390056079999965],[-66.77864811999996,-29.389857749999976],[-66.77758143999995,-29.389791799999955],[-66.77640563999995,-29.38987082999995],[-66.77387086999994,-29.39019228999996],[-66.77435221999997,-29.390500739999936],[-66.77789789999997,-29.392798589999984]]]}},{"type":"Feature","properties":{"radio_id":"460142104","population":2013,"population_density":4064.6100748406666,"households":694,"dwellings":836,"area_km2":0.4952504577155313,"demographic_residential_component":1.0,"density_component":0.46387832699619774,"territorial_context_score":0.7319391634980988,"percentile":86.31178707224335,"relative_level":"high"},"geometry":{"type":"Polygon","coordinates":[[[-66.78352664999994,-29.397366529999942],[-66.78316354999998,-29.397305519999975],[-66.78217551999995,-29.397162459999947],[-66.78077104999994,-29.39698575999995],[-66.77932216999994,-29.396795769999983],[-66.77796288999997,-29.396600729999932],[-66.77730280999998,-29.39650082999998],[-66.77718433999996,-29.39717812999993],[-66.77708453999998,-29.39787335999995],[-66.77625631999996,-29.402086659999952],[-66.77835697999996,-29.403030679999972],[-66.77877912999998,-29.40394387999993],[-66.77901168999995,-29.40444771999995],[-66.78512186999995,-29.40520573999993],[-66.78523043999996,-29.404587139999933],[-66.78379680999996,-29.404383569999936],[-66.78235595999996,-29.40418003999997],[-66.78248157999997,-29.403498189999937],[-66.78261996999998,-29.40273506999995],[-66.78275145999999,-29.40201258999997],[-66.78286214999997,-29.401398479999955],[-66.78298878999993,-29.40071661999997],[-66.78310739999995,-29.400061879999953],[-66.78321780999994,-29.399411689999965],[-66.78331030999993,-29.39871198999998],[-66.78341349999994,-29.39806183999997],[-66.78352664999994,-29.397366529999942]]]}},{"type":"Feature","properties":{"radio_id":"460142105","population":899,"population_density":3411.9238783602123,"households":329,"dwellings":371,"area_km2":0.2634877072439447,"demographic_residential_component":0.7566539923954373,"density_component":0.3688212927756654,"territorial_context_score":0.5627376425855514,"percentile":60.45627376425855,"relative_level":"medium"},"geometry":{"type":"Polygon","coordinates":[[[-66.78362216999994,-29.39665778999995],[-66.78352664999994,-29.397366529999942],[-66.78341349999994,-29.39806183999997],[-66.78331030999993,-29.39871198999998],[-66.78321780999994,-29.399411689999965],[-66.78310739999995,-29.400061879999953],[-66.78298878999993,-29.40071661999997],[-66.78286214999997,-29.401398479999955],[-66.78428024999994,-29.401597639999977],[-66.78572209999999,-29.401801149999983],[-66.78709896999999,-29.40199599999994],[-66.78844693999997,-29.402181989999974],[-66.78980836999995,-29.40237690999993],[-66.79120894999994,-29.40257158999998],[-66.79255181999997,-29.402762079999945],[-66.79335617999993,-29.402861039999948],[-66.79230096999999,-29.402298969999947],[-66.79162275999994,-29.401860949999957],[-66.79149331999997,-29.401776019999943],[-66.79071470999997,-29.40127543999995],[-66.79006780999998,-29.40088684999995],[-66.78884124999996,-29.400145339999938],[-66.78759331999998,-29.39930019999997],[-66.78631140999994,-29.398455249999984],[-66.78540540999995,-29.397860669999943],[-66.78488271999998,-29.397543489999975],[-66.78362216999994,-29.39665778999995]]]}},{"type":"Feature","properties":{"radio_id":"460142106","population":837,"population_density":2181.810308370372,"households":281,"dwellings":366,"area_km2":0.38362638437856145,"demographic_residential_component":0.6539923954372624,"density_component":0.22813688212927757,"territorial_context_score":0.44106463878326996,"percentile":39.163498098859314,"relative_level":"low"},"geometry":{"type":"Polygon","coordinates":[[[-66.79335617999993,-29.402861039999948],[-66.79255181999997,-29.402762079999945],[-66.79120894999994,-29.40257158999998],[-66.78980836999995,-29.40237690999993],[-66.78844693999997,-29.402181989999974],[-66.78709896999999,-29.40199599999994],[-66.78572209999999,-29.401801149999983],[-66.78428024999994,-29.401597639999977],[-66.78286214999997,-29.401398479999955],[-66.78275145999999,-29.40201258999997],[-66.78261996999998,-29.40273506999995],[-66.78248157999997,-29.403498189999937],[-66.78235595999996,-29.40418003999997],[-66.78379680999996,-29.404383569999936],[-66.78523043999996,-29.404587139999933],[-66.78512186999995,-29.40520573999993],[-66.79174773999995,-29.406023569999945],[-66.79346595999993,-29.40598628999993],[-66.79352073999996,-29.405079309999962],[-66.79355742999996,-29.40449721999994],[-66.79356827999999,-29.40430318999995],[-66.79357293999993,-29.404240009999967],[-66.79362263999997,-29.403608219999967],[-66.79360147999995,-29.403536179999946],[-66.79346617999994,-29.40309493999996],[-66.79335617999993,-29.402861039999948]]]}},{"type":"Feature","properties":{"radio_id":"460142107","population":1446,"population_density":5256.193555984305,"households":404,"dwellings":454,"area_km2":0.27510402434737086,"demographic_residential_component":0.9721166032953105,"density_component":0.6539923954372624,"territorial_context_score":0.8130544993662865,"percentile":93.15589353612167,"relative_level":"high"},"geometry":{"type":"Polygon","coordinates":[[[-66.79759303999998,-29.400544319999938],[-66.79663298999998,-29.400559079999937],[-66.79531668999994,-29.400603029999957],[-66.79536267999998,-29.401216209999973],[-66.79401361999999,-29.401287399999944],[-66.79297830999997,-29.401298079999947],[-66.79312085999999,-29.402009919999955],[-66.79324931999997,-29.402631629999973],[-66.79335617999993,-29.402861039999948],[-66.79346617999994,-29.40309493999996],[-66.79360147999995,-29.403536179999946],[-66.79362263999997,-29.403608219999967],[-66.79357293999993,-29.404240009999967],[-66.79356827999999,-29.40430318999995],[-66.79355742999996,-29.40449721999994],[-66.79352073999996,-29.405079309999962],[-66.79346595999993,-29.40598628999993],[-66.79519819999996,-29.406160899999975],[-66.79547141999996,-29.40618632999997],[-66.79660047999994,-29.406301369999937],[-66.79695818999994,-29.406326299999932],[-66.79778101999995,-29.406411589999948],[-66.79873199999997,-29.40654571999994],[-66.79821573999993,-29.403765729999975],[-66.79807655999997,-29.403094469999928],[-66.79796132999996,-29.40245464999998],[-66.79783476999995,-29.40181488999997],[-66.79771967999994,-29.401193099999944],[-66.79759303999998,-29.400544319999938]]]}},{"type":"Feature","properties":{"radio_id":"460142108","population":1176,"population_density":521.7574696804865,"households":354,"dwellings":500,"area_km2":2.2539207741868235,"demographic_residential_component":0.9214195183776933,"density_component":0.07984790874524715,"territorial_context_score":0.5006337135614702,"percentile":47.90874524714829,"relative_level":"low"},"geometry":{"type":"Polygon","coordinates":[[[-66.79873199999997,-29.40654571999994],[-66.79778101999995,-29.406411589999948],[-66.79695818999994,-29.406326299999932],[-66.79660047999994,-29.406301369999937],[-66.79547141999996,-29.40618632999997],[-66.79519819999996,-29.406160899999975],[-66.79346595999993,-29.40598628999993],[-66.79338213999995,-29.40646942999996],[-66.79305696999995,-29.40837937999993],[-66.79239761999997,-29.40944781999997],[-66.79048601999995,-29.41166489999995],[-66.78658855999998,-29.415052929999945],[-66.78257901999996,-29.421193019999976],[-66.78810634999996,-29.421467159999963],[-66.80287778999997,-29.419773159999977],[-66.80339464999997,-29.419720429999984],[-66.80344927999994,-29.417496339999957],[-66.80349391999994,-29.415312909999955],[-66.80350242999998,-29.413774719999935],[-66.80347553999997,-29.41297648999995],[-66.80354450999994,-29.41218219999996],[-66.80357364999998,-29.41130243999993],[-66.80358758999995,-29.410454349999952],[-66.80360705999993,-29.40965583999997],[-66.80212933999996,-29.409493339999983],[-66.80095681999995,-29.409360559999982],[-66.80106875999996,-29.408525419999933],[-66.80119625999998,-29.407703709999964],[-66.80128978999994,-29.40688670999998],[-66.80009648999999,-29.40672698999998],[-66.79894343999996,-29.40657602999994],[-66.79873199999997,-29.40654571999994]]]}},{"type":"Feature","properties":{"radio_id":"460142109","population":825,"population_density":6494.114256959219,"households":221,"dwellings":232,"area_km2":0.1270381097954835,"demographic_residential_component":0.36628643852978454,"density_component":0.8212927756653993,"territorial_context_score":0.5937896070975919,"percentile":69.20152091254754,"relative_level":"medium"},"geometry":{"type":"Polygon","coordinates":[[[-66.80529906999993,-29.407331649999946],[-66.80360797999998,-29.40715240999998],[-66.80249424999994,-29.40702380999994],[-66.80128978999994,-29.40688670999998],[-66.80119625999998,-29.407703709999964],[-66.80106875999996,-29.408525419999933],[-66.80095681999995,-29.409360559999982],[-66.80212933999996,-29.409493339999983],[-66.80360705999993,-29.40965583999997],[-66.80472070999997,-29.409770909999963],[-66.80601505999994,-29.409934489999955],[-66.80614460999993,-29.409117279999975],[-66.80627529999998,-29.408313589999977],[-66.80519242999998,-29.40818029999997],[-66.80529906999993,-29.407331649999946]]]}},{"type":"Feature","properties":{"radio_id":"460142110","population":659,"population_density":5494.8584639763485,"households":189,"dwellings":192,"area_km2":0.11993029562459655,"demographic_residential_component":0.1850443599493029,"density_component":0.6844106463878327,"territorial_context_score":0.4347275031685678,"percentile":38.40304182509506,"relative_level":"low"},"geometry":{"type":"Polygon","coordinates":[[[-66.81048312999997,-29.407931719999965],[-66.80912205999994,-29.40779564999997],[-66.80797214999996,-29.407653769999968],[-66.80529906999993,-29.407331649999946],[-66.80519242999998,-29.40818029999997],[-66.80627529999998,-29.408313589999977],[-66.80614460999993,-29.409117279999975],[-66.80601505999994,-29.409934489999955],[-66.80739168999997,-29.410079519999954],[-66.80876042999995,-29.41026968999995],[-66.81006806999994,-29.41041961999997],[-66.81019751999997,-29.409593379999933],[-66.81033844999996,-29.40878510999994],[-66.81048312999997,-29.407931719999965]]]}},{"type":"Feature","properties":{"radio_id":"460142111","population":615,"population_density":2122.6650426047877,"households":190,"dwellings":204,"area_km2":0.28973012117131514,"demographic_residential_component":0.173637515842839,"density_component":0.22053231939163498,"territorial_context_score":0.197084917617237,"percentile":6.844106463878327,"relative_level":"very_low"},"geometry":{"type":"Polygon","coordinates":[[[-66.81891161999994,-29.408908619999977],[-66.81871063999995,-29.408900829999936],[-66.81832389999994,-29.40885358999998],[-66.81790322999996,-29.408815579999953],[-66.81615307999994,-29.408600779999972],[-66.81481773999997,-29.408464609999953],[-66.81349966999994,-29.40829673999997],[-66.81274679999996,-29.408202099999983],[-66.81196101999996,-29.408116679999978],[-66.81048312999997,-29.407931719999965],[-66.81033844999996,-29.40878510999994],[-66.81019751999997,-29.409593379999933],[-66.81006806999994,-29.41041961999997],[-66.81160152999996,-29.41059071999996],[-66.81172183999996,-29.409782569999948],[-66.81254385999995,-29.40989032999994],[-66.81322764999999,-29.40997636999998],[-66.81314631999999,-29.410761719999982],[-66.81448374999997,-29.410897899999952],[-66.81458566999999,-29.41011241999996],[-66.81588488999995,-29.410239789999935],[-66.81582414999997,-29.410632589999977],[-66.81559531999994,-29.412298419999956],[-66.81683322999999,-29.412227689999952],[-66.81798675999994,-29.412170999999944],[-66.82024781999996,-29.412102969999978],[-66.82073825999998,-29.413128379999932],[-66.82081643999999,-29.413240669999936],[-66.82139959999995,-29.413110769999946],[-66.82125757999995,-29.412746289999973],[-66.82084219999996,-29.41195947999995],[-66.82054577999997,-29.41135687999997],[-66.82035525999999,-29.41098366999995],[-66.82014190999996,-29.41046173999996],[-66.81941624999996,-29.409266369999955],[-66.81935762999996,-29.409280259999946],[-66.81933396999995,-29.409284919999948],[-66.81930824999995,-29.409289589999958],[-66.81928557999998,-29.409289729999955],[-66.81926188999995,-29.409289869999952],[-66.81923402999996,-29.409285529999977],[-66.81920823999997,-29.409281179999937],[-66.81918450999996,-29.409276819999945],[-66.81915871999996,-29.409272459999954],[-66.81913597999994,-29.40926357999996],[-66.81911220999996,-29.40925470999997],[-66.81909152999998,-29.40924580999996],[-66.81907081999998,-29.40923240999996],[-66.81905010999998,-29.40921899999995],[-66.81902938999997,-29.40920559999995],[-66.81901176999997,-29.409192179999934],[-66.81899616999993,-29.409174229999962],[-66.81898056999995,-29.409156279999934],[-66.81896496999997,-29.40913833999997],[-66.81895142999997,-29.409120379999933],[-66.81894098999999,-29.409102399999938],[-66.81893049999996,-29.409079909999946],[-66.81892001999995,-29.409057419999954],[-66.81891471999995,-29.409039409999934],[-66.81890938999999,-29.409016889999975],[-66.81890714999997,-29.408994349999944],[-66.81890696999994,-29.40897179999996],[-66.81890678999997,-29.408949249999978],[-66.81890873999998,-29.408935699999972],[-66.81891161999994,-29.408908619999977]]]}},{"type":"Feature","properties":{"radio_id":"460142112","population":795,"population_density":636.5129106505426,"households":225,"dwellings":288,"area_km2":1.2489927332149116,"demographic_residential_component":0.4600760456273765,"density_component":0.08745247148288973,"territorial_context_score":0.2737642585551331,"percentile":16.34980988593156,"relative_level":"very_low"},"geometry":{"type":"Polygon","coordinates":[[[-66.81322764999999,-29.40997636999998],[-66.81254385999995,-29.40989032999994],[-66.81172183999996,-29.409782569999948],[-66.81160152999996,-29.41059071999996],[-66.81006806999994,-29.41041961999997],[-66.80992205999996,-29.41123693999998],[-66.80983065999993,-29.412053929999956],[-66.80971150999994,-29.41288009999994],[-66.80962828999998,-29.41343090999993],[-66.80954081999994,-29.414094509999984],[-66.80816704999995,-29.414057739999976],[-66.80680674999996,-29.414029899999946],[-66.80680085999995,-29.41419682999998],[-66.80674266999995,-29.414657269999964],[-66.80672565999998,-29.414851329999976],[-66.80535244999999,-29.41475588999998],[-66.80527133999993,-29.41531570999996],[-66.80396069999995,-29.41531459999993],[-66.80349391999994,-29.415312909999955],[-66.80344927999994,-29.417496339999957],[-66.80339464999997,-29.419720429999984],[-66.80560109999993,-29.419499609999946],[-66.80684868999998,-29.41933869999997],[-66.80819530999997,-29.419190709999953],[-66.80855077999996,-29.419188549999944],[-66.80931531999994,-29.41918390999996],[-66.80955225999998,-29.419177959999956],[-66.81009135999994,-29.41920173999995],[-66.81054994999994,-29.419207969999945],[-66.81190919999995,-29.419095949999928],[-66.81287673999998,-29.418963749999932],[-66.81425800999995,-29.418770379999955],[-66.81560659999997,-29.41861327999993],[-66.81783381999998,-29.41841919999996],[-66.81990406999995,-29.41831174999993],[-66.82015022999997,-29.41817040999996],[-66.82025841999996,-29.417912629999933],[-66.82025678999997,-29.417069149999975],[-66.82025415999993,-29.416356479999934],[-66.82031027999994,-29.416288479999935],[-66.82045372999994,-29.41618835999998],[-66.82066693999997,-29.41617802999997],[-66.82101029999995,-29.41620747999997],[-66.82252251999995,-29.41628836999996],[-66.82303612999993,-29.416348349999964],[-66.82260112999995,-29.415430859999958],[-66.82251735999995,-29.415264479999962],[-66.82241269999997,-29.415062149999983],[-66.82208857999996,-29.414477759999954],[-66.82161897999998,-29.413483809999946],[-66.82139959999995,-29.413110769999946],[-66.82081643999999,-29.413240669999936],[-66.82073825999998,-29.413128379999932],[-66.82024781999996,-29.412102969999978],[-66.81798675999994,-29.412170999999944],[-66.81683322999999,-29.412227689999952],[-66.81559531999994,-29.412298419999956],[-66.81582414999997,-29.410632589999977],[-66.81588488999995,-29.410239789999935],[-66.81458566999999,-29.41011241999996],[-66.81448374999997,-29.410897899999952],[-66.81314631999999,-29.410761719999982],[-66.81322764999999,-29.40997636999998]]]}},{"type":"Feature","properties":{"radio_id":"460142113","population":1413,"population_density":7344.425652219475,"households":401,"dwellings":417,"area_km2":0.19239080997068755,"demographic_residential_component":0.9569074778200254,"density_component":0.9049429657794676,"territorial_context_score":0.9309252217997466,"percentile":97.71863117870723,"relative_level":"high"},"geometry":{"type":"Polygon","coordinates":[[[-66.80601505999994,-29.409934489999955],[-66.80472070999997,-29.409770909999963],[-66.80360705999993,-29.40965583999997],[-66.80358758999995,-29.410454349999952],[-66.80357364999998,-29.41130243999993],[-66.80354450999994,-29.41218219999996],[-66.80430248999994,-29.41226783999997],[-66.80566059999995,-29.41241298999995],[-66.80699938999999,-29.412589829999945],[-66.80689239999998,-29.413393379999945],[-66.80775017999997,-29.41346034999998],[-66.80962828999998,-29.41343090999993],[-66.80971150999994,-29.41288009999994],[-66.80983065999993,-29.412053929999956],[-66.80992205999996,-29.41123693999998],[-66.81006806999994,-29.41041961999997],[-66.80876042999995,-29.41026968999995],[-66.80739168999997,-29.410079519999954],[-66.80601505999994,-29.409934489999955]]]}},{"type":"Feature","properties":{"radio_id":"460142114","population":915,"population_density":7863.738008643952,"households":231,"dwellings":255,"area_km2":0.11635687747916026,"demographic_residential_component":0.476552598225602,"density_component":0.9239543726235742,"territorial_context_score":0.7002534854245881,"percentile":83.65019011406845,"relative_level":"high"},"geometry":{"type":"Polygon","coordinates":[[[-66.80699938999999,-29.412589829999945],[-66.80566059999995,-29.41241298999995],[-66.80430248999994,-29.41226783999997],[-66.80354450999994,-29.41218219999996],[-66.80347553999997,-29.41297648999995],[-66.80350242999998,-29.413774719999935],[-66.80349391999994,-29.415312909999955],[-66.80396069999995,-29.41531459999993],[-66.80527133999993,-29.41531570999996],[-66.80535244999999,-29.41475588999998],[-66.80672565999998,-29.414851329999976],[-66.80674266999995,-29.414657269999964],[-66.80680085999995,-29.41419682999998],[-66.80680674999996,-29.414029899999946],[-66.80816704999995,-29.414057739999976],[-66.80954081999994,-29.414094509999984],[-66.80962828999998,-29.41343090999993],[-66.80775017999997,-29.41346034999998],[-66.80689239999998,-29.413393379999945],[-66.80699938999999,-29.412589829999945]]]}}]}